2026-02-10 14:57:52,034 | INFO | Aplicação iniciada
2026-02-10 14:57:52,295 | INFO | Preço BTC: 69805.84000000
2026-02-10 14:57:52,295 | INFO | Aplicação finalizada
2026-02-10 14:58:46,316 | INFO | Aplicação iniciada
2026-02-10 14:58:46,594 | INFO | Preço BTC: 69798.30000000
2026-02-10 14:58:46,594 | INFO | Aplicação finalizada
2026-02-10 14:58:54,281 | INFO | Aplicação iniciada
2026-02-10 14:58:54,552 | INFO | Preço BTC: 69793.95000000
2026-02-10 14:58:54,552 | INFO | Aplicação finalizada
2026-02-10 15:00:20,546 | INFO | Aplicação iniciada
2026-02-10 15:00:20,813 | INFO | Preço BTC: 69866.01000000
2026-02-10 15:00:20,813 | INFO | Logger funcionando
2026-02-10 15:02:56,218 | INFO | Conexão com a Binance criada
2026-02-10 15:02:56,486 | INFO | Horário do servidor Binance: {'serverTime': 1770746578297}
2026-02-10 15:14:21,978 | INFO | Aplicação iniciada
2026-02-10 15:14:21,978 | INFO | Criando cliente da Binance
2026-02-10 15:14:23,287 | INFO | Buscando preço do BTC
2026-02-10 15:14:23,545 | INFO | Preço do BTC: 69601.9
2026-02-10 15:14:23,545 | INFO | Buscando saldos da conta
2026-02-10 15:14:23,812 | INFO | Nenhum saldo disponível
2026-02-10 15:14:23,812 | INFO | Aplicação finalizada
2026-02-10 15:17:58,953 | INFO | Monitoramento iniciado
2026-02-10 15:17:58,953 | INFO | Criando cliente da Binance
2026-02-10 15:18:00,285 | INFO | Buscando preço do BTC
2026-02-10 15:18:00,566 | INFO | Preço atual do BTC: 69512.75
2026-02-10 15:18:05,567 | INFO | Buscando preço do BTC
2026-02-10 15:18:05,831 | INFO | Preço atual do BTC: 69506.86
2026-02-10 15:18:10,833 | INFO | Buscando preço do BTC
2026-02-10 15:18:11,090 | INFO | Preço atual do BTC: 69548.43
2026-02-10 15:18:16,099 | INFO | Buscando preço do BTC
2026-02-10 15:18:16,363 | INFO | Preço atual do BTC: 69548.44
2026-02-10 15:18:21,370 | INFO | Buscando preço do BTC
2026-02-10 15:18:21,630 | INFO | Preço atual do BTC: 69548.41
2026-02-10 15:18:26,638 | INFO | Buscando preço do BTC
2026-02-10 15:18:26,903 | INFO | Preço atual do BTC: 69583.99
2026-02-10 15:18:31,905 | INFO | Buscando preço do BTC
2026-02-10 15:18:32,160 | INFO | Preço atual do BTC: 69566.0
2026-02-10 15:18:37,172 | INFO | Buscando preço do BTC
2026-02-10 15:18:37,426 | INFO | Preço atual do BTC: 69560.01
2026-02-10 15:18:42,440 | INFO | Buscando preço do BTC
2026-02-10 15:18:42,692 | INFO | Preço atual do BTC: 69560.0
2026-02-10 15:18:47,703 | INFO | Buscando preço do BTC
2026-02-10 15:18:47,952 | INFO | Preço atual do BTC: 69593.56
2026-02-10 15:18:52,966 | INFO | Buscando preço do BTC
2026-02-10 15:18:53,232 | INFO | Preço atual do BTC: 69581.28
2026-02-10 15:18:58,238 | INFO | Buscando preço do BTC
2026-02-10 15:18:58,501 | INFO | Preço atual do BTC: 69571.53
2026-02-10 15:19:03,505 | INFO | Buscando preço do BTC
2026-02-10 15:19:04,284 | INFO | Preço atual do BTC: 69563.44
2026-02-10 15:19:09,285 | INFO | Buscando preço do BTC
2026-02-10 15:19:09,555 | INFO | Preço atual do BTC: 69544.44
2026-02-10 15:19:14,556 | INFO | Buscando preço do BTC
2026-02-10 15:19:14,821 | INFO | Preço atual do BTC: 69566.56
2026-02-10 15:19:19,822 | INFO | Buscando preço do BTC
2026-02-10 15:19:20,081 | INFO | Preço atual do BTC: 69573.65
2026-02-10 15:19:25,097 | INFO | Buscando preço do BTC
2026-02-10 15:19:25,361 | INFO | Preço atual do BTC: 69566.64
2026-02-10 15:19:30,362 | INFO | Buscando preço do BTC
2026-02-10 15:19:30,619 | INFO | Preço atual do BTC: 69533.17
2026-02-10 15:19:35,627 | INFO | Buscando preço do BTC
2026-02-10 15:19:35,894 | INFO | Preço atual do BTC: 69530.09
2026-02-10 15:19:40,895 | INFO | Buscando preço do BTC
2026-02-10 15:19:41,155 | INFO | Preço atual do BTC: 69555.02
2026-02-10 15:19:46,161 | INFO | Buscando preço do BTC
2026-02-10 15:19:46,410 | INFO | Preço atual do BTC: 69549.12
2026-02-10 15:19:51,425 | INFO | Buscando preço do BTC
2026-02-10 15:19:51,691 | INFO | Preço atual do BTC: 69562.73
2026-02-10 15:19:56,692 | INFO | Buscando preço do BTC
2026-02-10 15:19:56,957 | INFO | Preço atual do BTC: 69548.41
2026-02-10 15:20:01,964 | INFO | Buscando preço do BTC
2026-02-10 15:20:02,238 | INFO | Preço atual do BTC: 69553.92
2026-02-10 15:20:07,238 | INFO | Buscando preço do BTC
2026-02-10 15:20:07,504 | INFO | Preço atual do BTC: 69519.39
2026-02-10 15:20:12,507 | INFO | Buscando preço do BTC
2026-02-10 15:20:12,753 | INFO | Preço atual do BTC: 69560.27
2026-02-10 15:20:17,769 | INFO | Buscando preço do BTC
2026-02-10 15:20:18,020 | INFO | Preço atual do BTC: 69562.56
2026-02-10 15:20:23,033 | INFO | Buscando preço do BTC
2026-02-10 15:20:23,302 | INFO | Preço atual do BTC: 69548.41
2026-02-10 15:20:28,303 | INFO | Buscando preço do BTC
2026-02-10 15:20:28,573 | INFO | Preço atual do BTC: 69548.07
2026-02-10 15:20:33,574 | INFO | Buscando preço do BTC
2026-02-10 15:20:33,832 | INFO | Preço atual do BTC: 69527.93
2026-02-10 15:20:38,838 | INFO | Buscando preço do BTC
2026-02-10 15:20:39,095 | INFO | Preço atual do BTC: 69527.92
2026-02-10 15:20:44,102 | INFO | Buscando preço do BTC
2026-02-10 15:20:44,365 | INFO | Preço atual do BTC: 69480.61
2026-02-10 15:20:49,371 | INFO | Buscando preço do BTC
2026-02-10 15:20:49,620 | INFO | Preço atual do BTC: 69424.01
2026-02-10 15:20:54,635 | INFO | Buscando preço do BTC
2026-02-10 15:20:54,894 | INFO | Preço atual do BTC: 69441.92
2026-02-10 15:20:59,902 | INFO | Buscando preço do BTC
2026-02-10 15:21:00,176 | INFO | Preço atual do BTC: 69426.97
2026-02-10 15:21:05,178 | INFO | Buscando preço do BTC
2026-02-10 15:21:05,441 | INFO | Preço atual do BTC: 69352.2
2026-02-10 15:21:10,448 | INFO | Buscando preço do BTC
2026-02-10 15:21:10,717 | INFO | Preço atual do BTC: 69338.86
2026-02-10 15:21:15,718 | INFO | Buscando preço do BTC
2026-02-10 15:21:15,984 | INFO | Preço atual do BTC: 69338.19
2026-02-10 15:21:20,985 | INFO | Buscando preço do BTC
2026-02-10 15:21:21,242 | INFO | Preço atual do BTC: 69342.9
2026-02-10 15:21:26,248 | INFO | Buscando preço do BTC
2026-02-10 15:21:26,517 | INFO | Preço atual do BTC: 69325.76
2026-02-10 15:21:31,518 | INFO | Buscando preço do BTC
2026-02-10 15:21:31,786 | INFO | Preço atual do BTC: 69309.72
2026-02-10 15:21:36,788 | INFO | Buscando preço do BTC
2026-02-10 15:21:37,051 | INFO | Preço atual do BTC: 69317.47
2026-02-10 15:21:42,055 | INFO | Buscando preço do BTC
2026-02-10 15:21:42,323 | INFO | Preço atual do BTC: 69331.85
2026-02-10 15:21:47,324 | INFO | Buscando preço do BTC
2026-02-10 15:21:47,582 | INFO | Preço atual do BTC: 69335.52
2026-02-10 15:21:52,594 | INFO | Buscando preço do BTC
2026-02-10 15:21:52,858 | INFO | Preço atual do BTC: 69327.99
2026-02-10 15:21:57,859 | INFO | Buscando preço do BTC
2026-02-10 15:21:58,114 | INFO | Preço atual do BTC: 69259.83
2026-02-10 15:22:03,128 | INFO | Buscando preço do BTC
2026-02-10 15:22:03,379 | INFO | Preço atual do BTC: 69264.18
2026-02-10 15:22:08,392 | INFO | Buscando preço do BTC
2026-02-10 15:22:08,662 | INFO | Preço atual do BTC: 69250.0
2026-02-10 15:22:12,957 | INFO | Monitoramento encerrado manualmente (Ctrl + C)
2026-02-10 15:28:31,406 | INFO | Monitoramento iniciado
2026-02-10 15:28:31,406 | INFO | Criando cliente da Binance
2026-02-10 15:28:32,717 | INFO | Buscando preço de {symbol}
2026-02-10 15:28:32,972 | INFO | Preço atual de BTCUSDT: 69062.58
2026-02-10 15:28:37,981 | INFO | Buscando preço de {symbol}
2026-02-10 15:28:38,248 | INFO | Preço atual de BTCUSDT: 69068.9
2026-02-10 15:28:43,253 | INFO | Buscando preço de {symbol}
2026-02-10 15:28:43,503 | INFO | Preço atual de BTCUSDT: 69035.77
2026-02-10 15:28:48,518 | INFO | Buscando preço de {symbol}
2026-02-10 15:28:48,770 | INFO | Preço atual de BTCUSDT: 69000.01
2026-02-10 15:28:53,783 | INFO | Buscando preço de {symbol}
2026-02-10 15:28:54,046 | INFO | Preço atual de BTCUSDT: 68997.35
2026-02-10 15:28:59,048 | INFO | Buscando preço de {symbol}
2026-02-10 15:28:59,314 | INFO | Preço atual de BTCUSDT: 69022.01
2026-02-10 15:29:04,315 | INFO | Buscando preço de {symbol}
2026-02-10 15:29:04,578 | INFO | Preço atual de BTCUSDT: 69007.98
2026-02-10 15:29:09,580 | INFO | Buscando preço de {symbol}
2026-02-10 15:29:09,832 | INFO | Preço atual de BTCUSDT: 69006.89
2026-02-10 15:29:14,316 | INFO | Monitoramento encerrado manualmente (Ctrl + C)
2026-02-10 15:29:19,666 | INFO | Monitoramento iniciado
2026-02-10 15:29:19,666 | INFO | Criando cliente da Binance
2026-02-10 15:29:20,910 | INFO | Buscando preço de {symbol}
2026-02-10 15:29:21,189 | INFO | Preço atual de ETHUSDT: 2011.04
2026-02-10 15:29:26,191 | INFO | Buscando preço de {symbol}
2026-02-10 15:29:26,442 | INFO | Preço atual de ETHUSDT: 2008.78
2026-02-10 15:29:31,454 | INFO | Buscando preço de {symbol}
2026-02-10 15:29:31,707 | INFO | Preço atual de ETHUSDT: 2008.82
2026-02-10 15:29:36,723 | INFO | Buscando preço de {symbol}
2026-02-10 15:29:36,987 | INFO | Preço atual de ETHUSDT: 2007.38
2026-02-10 15:29:41,990 | INFO | Buscando preço de {symbol}
2026-02-10 15:29:42,253 | INFO | Preço atual de ETHUSDT: 2007.92
2026-02-10 15:29:47,260 | INFO | Buscando preço de {symbol}
2026-02-10 15:29:47,519 | INFO | Preço atual de ETHUSDT: 2007.77
2026-02-10 15:29:52,526 | INFO | Buscando preço de {symbol}
2026-02-10 15:29:52,784 | INFO | Preço atual de ETHUSDT: 2007.37
2026-02-10 15:29:57,793 | INFO | Buscando preço de {symbol}
2026-02-10 15:29:58,058 | INFO | Preço atual de ETHUSDT: 2007.51
2026-02-10 15:30:03,061 | INFO | Buscando preço de {symbol}
2026-02-10 15:30:03,331 | INFO | Preço atual de ETHUSDT: 2008.66
2026-02-10 15:30:08,333 | INFO | Buscando preço de {symbol}
2026-02-10 15:30:08,599 | INFO | Preço atual de ETHUSDT: 2008.14
2026-02-10 15:30:13,601 | INFO | Buscando preço de {symbol}
2026-02-10 15:30:14,379 | INFO | Preço atual de ETHUSDT: 2008.76
2026-02-10 15:30:19,379 | INFO | Buscando preço de {symbol}
2026-02-10 15:30:19,645 | INFO | Preço atual de ETHUSDT: 2007.31
2026-02-10 15:30:24,647 | INFO | Buscando preço de {symbol}
2026-02-10 15:30:24,911 | INFO | Preço atual de ETHUSDT: 2006.53
2026-02-10 15:30:29,912 | INFO | Buscando preço de {symbol}
2026-02-10 15:30:30,179 | INFO | Preço atual de ETHUSDT: 2007.76
2026-02-10 15:30:35,180 | INFO | Buscando preço de {symbol}
2026-02-10 15:30:35,444 | INFO | Preço atual de ETHUSDT: 2006.57
2026-02-10 15:30:40,445 | INFO | Buscando preço de {symbol}
2026-02-10 15:30:40,707 | INFO | Preço atual de ETHUSDT: 2006.44
2026-02-10 15:30:45,708 | INFO | Buscando preço de {symbol}
2026-02-10 15:30:45,957 | INFO | Preço atual de ETHUSDT: 2006.37
2026-02-10 15:30:50,973 | INFO | Buscando preço de {symbol}
2026-02-10 15:30:51,237 | INFO | Preço atual de ETHUSDT: 2006.61
2026-02-10 15:30:56,240 | INFO | Buscando preço de {symbol}
2026-02-10 15:30:56,504 | INFO | Preço atual de ETHUSDT: 2007.89
2026-02-10 15:31:01,511 | INFO | Buscando preço de {symbol}
2026-02-10 15:31:01,774 | INFO | Preço atual de ETHUSDT: 2008.7
2026-02-10 15:31:06,776 | INFO | Buscando preço de {symbol}
2026-02-10 15:31:07,035 | INFO | Preço atual de ETHUSDT: 2008.6
2026-02-10 15:31:12,043 | INFO | Buscando preço de {symbol}
2026-02-10 15:31:12,300 | INFO | Preço atual de ETHUSDT: 2008.59
2026-02-10 15:31:17,309 | INFO | Buscando preço de {symbol}
2026-02-10 15:31:17,566 | INFO | Preço atual de ETHUSDT: 2008.79
2026-02-10 15:31:22,574 | INFO | Buscando preço de {symbol}
2026-02-10 15:31:22,837 | INFO | Preço atual de ETHUSDT: 2010.0
2026-02-10 15:31:27,838 | INFO | Buscando preço de {symbol}
2026-02-10 15:31:28,105 | INFO | Preço atual de ETHUSDT: 2011.48
2026-02-10 15:31:33,106 | INFO | Buscando preço de {symbol}
2026-02-10 15:31:33,372 | INFO | Preço atual de ETHUSDT: 2013.88
2026-02-10 15:31:38,374 | INFO | Buscando preço de {symbol}
2026-02-10 15:31:38,638 | INFO | Preço atual de ETHUSDT: 2012.65
2026-02-10 15:31:43,640 | INFO | Buscando preço de {symbol}
2026-02-10 15:31:43,894 | INFO | Preço atual de ETHUSDT: 2011.61
2026-02-10 15:31:48,908 | INFO | Buscando preço de {symbol}
2026-02-10 15:31:49,161 | INFO | Preço atual de ETHUSDT: 2011.41
2026-02-10 15:31:54,176 | INFO | Buscando preço de {symbol}
2026-02-10 15:31:54,426 | INFO | Preço atual de ETHUSDT: 2009.85
2026-02-10 15:31:59,438 | INFO | Buscando preço de {symbol}
2026-02-10 15:31:59,698 | INFO | Preço atual de ETHUSDT: 2010.3
2026-02-10 15:32:04,710 | INFO | Buscando preço de {symbol}
2026-02-10 15:32:04,973 | INFO | Preço atual de ETHUSDT: 2009.85
2026-02-10 15:32:09,975 | INFO | Buscando preço de {symbol}
2026-02-10 15:32:10,231 | INFO | Preço atual de ETHUSDT: 2010.0
2026-02-10 15:32:15,243 | INFO | Buscando preço de {symbol}
2026-02-10 15:32:15,514 | INFO | Preço atual de ETHUSDT: 2009.18
2026-02-10 15:32:20,515 | INFO | Buscando preço de {symbol}
2026-02-10 15:32:20,769 | INFO | Preço atual de ETHUSDT: 2010.6
2026-02-10 15:32:25,778 | INFO | Buscando preço de {symbol}
2026-02-10 15:32:26,036 | INFO | Preço atual de ETHUSDT: 2011.09
2026-02-10 15:32:31,049 | INFO | Buscando preço de {symbol}
2026-02-10 15:32:31,316 | INFO | Preço atual de ETHUSDT: 2010.46
2026-02-10 15:32:36,317 | INFO | Buscando preço de {symbol}
2026-02-10 15:32:36,580 | INFO | Preço atual de ETHUSDT: 2011.96
2026-02-10 15:32:41,583 | INFO | Buscando preço de {symbol}
2026-02-10 15:32:41,847 | INFO | Preço atual de ETHUSDT: 2011.81
2026-02-10 15:32:46,851 | INFO | Buscando preço de {symbol}
2026-02-10 15:32:47,114 | INFO | Preço atual de ETHUSDT: 2011.46
2026-02-10 15:32:52,117 | INFO | Buscando preço de {symbol}
2026-02-10 15:32:52,381 | INFO | Preço atual de ETHUSDT: 2011.59
2026-02-10 15:32:57,389 | INFO | Buscando preço de {symbol}
2026-02-10 15:32:57,655 | INFO | Preço atual de ETHUSDT: 2011.86
2026-02-10 15:33:02,657 | INFO | Buscando preço de {symbol}
2026-02-10 15:33:02,910 | INFO | Preço atual de ETHUSDT: 2010.85
2026-02-10 15:33:07,920 | INFO | Buscando preço de {symbol}
2026-02-10 15:33:08,190 | INFO | Preço atual de ETHUSDT: 2010.69
2026-02-10 15:33:13,191 | INFO | Buscando preço de {symbol}
2026-02-10 15:33:13,456 | INFO | Preço atual de ETHUSDT: 2011.93
2026-02-10 15:33:18,458 | INFO | Buscando preço de {symbol}
2026-02-10 15:33:18,722 | INFO | Preço atual de ETHUSDT: 2011.09
2026-02-10 15:33:23,726 | INFO | Buscando preço de {symbol}
2026-02-10 15:33:23,988 | INFO | Preço atual de ETHUSDT: 2010.7
2026-02-10 15:33:28,993 | INFO | Buscando preço de {symbol}
2026-02-10 15:33:29,253 | INFO | Preço atual de ETHUSDT: 2009.5
2026-02-10 15:33:34,259 | INFO | Buscando preço de {symbol}
2026-02-10 15:33:34,519 | INFO | Preço atual de ETHUSDT: 2009.53
2026-02-10 15:33:39,523 | INFO | Buscando preço de {symbol}
2026-02-10 15:33:39,775 | INFO | Preço atual de ETHUSDT: 2009.54
2026-02-10 15:33:44,788 | INFO | Buscando preço de {symbol}
2026-02-10 15:33:45,050 | INFO | Preço atual de ETHUSDT: 2009.71
2026-02-10 15:33:50,057 | INFO | Buscando preço de {symbol}
2026-02-10 15:33:50,307 | INFO | Preço atual de ETHUSDT: 2008.83
2026-02-10 15:33:55,321 | INFO | Buscando preço de {symbol}
2026-02-10 15:33:55,586 | INFO | Preço atual de ETHUSDT: 2007.3
2026-02-10 15:34:00,588 | INFO | Buscando preço de {symbol}
2026-02-10 15:34:00,855 | INFO | Preço atual de ETHUSDT: 2007.34
2026-02-10 15:34:05,856 | INFO | Buscando preço de {symbol}
2026-02-10 15:34:06,121 | INFO | Preço atual de ETHUSDT: 2007.72
2026-02-10 15:34:11,122 | INFO | Buscando preço de {symbol}
2026-02-10 15:34:11,389 | INFO | Preço atual de ETHUSDT: 2007.03
2026-02-10 15:34:16,391 | INFO | Buscando preço de {symbol}
2026-02-10 15:34:17,162 | INFO | Preço atual de ETHUSDT: 2007.03
2026-02-10 15:34:22,164 | INFO | Buscando preço de {symbol}
2026-02-10 15:34:22,420 | INFO | Preço atual de ETHUSDT: 2006.51
2026-02-10 15:34:27,431 | INFO | Buscando preço de {symbol}
2026-02-10 15:34:27,687 | INFO | Preço atual de ETHUSDT: 2005.19
2026-02-10 15:34:32,696 | INFO | Buscando preço de {symbol}
2026-02-10 15:34:32,952 | INFO | Preço atual de ETHUSDT: 2004.37
2026-02-10 15:34:37,963 | INFO | Buscando preço de {symbol}
2026-02-10 15:34:38,222 | INFO | Preço atual de ETHUSDT: 2004.32
2026-02-10 15:34:43,232 | INFO | Buscando preço de {symbol}
2026-02-10 15:34:43,497 | INFO | Preço atual de ETHUSDT: 2006.0
2026-02-10 15:34:48,499 | INFO | Buscando preço de {symbol}
2026-02-10 15:34:48,753 | INFO | Preço atual de ETHUSDT: 2006.02
2026-02-10 15:34:53,766 | INFO | Buscando preço de {symbol}
2026-02-10 15:34:54,018 | INFO | Preço atual de ETHUSDT: 2005.98
2026-02-10 15:34:59,032 | INFO | Buscando preço de {symbol}
2026-02-10 15:34:59,299 | INFO | Preço atual de ETHUSDT: 2005.01
2026-02-10 15:35:04,300 | INFO | Buscando preço de {symbol}
2026-02-10 15:35:04,549 | INFO | Preço atual de ETHUSDT: 2005.72
2026-02-10 15:35:09,564 | INFO | Buscando preço de {symbol}
2026-02-10 15:35:09,816 | INFO | Preço atual de ETHUSDT: 2006.59
2026-02-10 15:35:14,832 | INFO | Buscando preço de {symbol}
2026-02-10 15:35:15,097 | INFO | Preço atual de ETHUSDT: 2007.32
2026-02-10 15:35:20,102 | INFO | Buscando preço de {symbol}
2026-02-10 15:35:20,363 | INFO | Preço atual de ETHUSDT: 2007.97
2026-02-10 15:35:25,369 | INFO | Buscando preço de {symbol}
2026-02-10 15:35:25,633 | INFO | Preço atual de ETHUSDT: 2008.91
2026-02-10 15:35:30,633 | INFO | Buscando preço de {symbol}
2026-02-10 15:35:30,901 | INFO | Preço atual de ETHUSDT: 2008.78
2026-02-10 15:35:35,903 | INFO | Buscando preço de {symbol}
2026-02-10 15:35:36,169 | INFO | Preço atual de ETHUSDT: 2009.87
2026-02-10 15:35:41,171 | INFO | Buscando preço de {symbol}
2026-02-10 15:35:41,436 | INFO | Preço atual de ETHUSDT: 2010.19
2026-02-10 15:35:46,439 | INFO | Buscando preço de {symbol}
2026-02-10 15:35:46,706 | INFO | Preço atual de ETHUSDT: 2011.17
2026-02-10 15:35:51,708 | INFO | Buscando preço de {symbol}
2026-02-10 15:35:51,957 | INFO | Preço atual de ETHUSDT: 2011.24
2026-02-10 15:35:56,973 | INFO | Buscando preço de {symbol}
2026-02-10 15:35:57,239 | INFO | Preço atual de ETHUSDT: 2010.59
2026-02-10 15:36:02,245 | INFO | Buscando preço de {symbol}
2026-02-10 15:36:02,504 | INFO | Preço atual de ETHUSDT: 2010.53
2026-02-10 15:36:07,509 | INFO | Buscando preço de {symbol}
2026-02-10 15:36:08,283 | INFO | Preço atual de ETHUSDT: 2008.98
2026-02-10 15:36:13,289 | INFO | Buscando preço de {symbol}
2026-02-10 15:36:13,551 | INFO | Preço atual de ETHUSDT: 2009.2
2026-02-10 15:36:18,554 | INFO | Buscando preço de {symbol}
2026-02-10 15:36:18,817 | INFO | Preço atual de ETHUSDT: 2008.66
2026-02-10 15:36:23,820 | INFO | Buscando preço de {symbol}
2026-02-10 15:36:24,083 | INFO | Preço atual de ETHUSDT: 2009.56
2026-02-10 15:36:29,088 | INFO | Buscando preço de {symbol}
2026-02-10 15:36:29,349 | INFO | Preço atual de ETHUSDT: 2010.33
2026-02-10 15:36:34,352 | INFO | Buscando preço de {symbol}
2026-02-10 15:36:34,615 | INFO | Preço atual de ETHUSDT: 2009.78
2026-02-10 15:36:39,616 | INFO | Buscando preço de {symbol}
2026-02-10 15:36:39,879 | INFO | Preço atual de ETHUSDT: 2008.45
2026-02-10 15:36:44,880 | INFO | Buscando preço de {symbol}
2026-02-10 15:36:45,145 | INFO | Preço atual de ETHUSDT: 2008.5
2026-02-10 15:36:50,146 | INFO | Buscando preço de {symbol}
2026-02-10 15:36:50,409 | INFO | Preço atual de ETHUSDT: 2009.84
2026-02-10 15:36:55,418 | INFO | Buscando preço de {symbol}
2026-02-10 15:36:55,676 | INFO | Preço atual de ETHUSDT: 2009.67
2026-02-10 15:37:00,683 | INFO | Buscando preço de {symbol}
2026-02-10 15:37:00,944 | INFO | Preço atual de ETHUSDT: 2008.57
2026-02-10 15:37:05,945 | INFO | Buscando preço de {symbol}
2026-02-10 15:37:06,211 | INFO | Preço atual de ETHUSDT: 2007.98
2026-02-10 15:37:09,128 | INFO | Monitoramento encerrado manualmente (Ctrl + C)
2026-02-10 16:29:24,212 | INFO | Monitoramento iniciado
2026-02-10 16:29:24,212 | INFO | Criando cliente da Binance
2026-02-10 16:29:25,522 | INFO | Buscando preço de ETHUSDT
2026-02-10 16:29:25,793 | INFO | Preço inicial ETHUSDT: 2008.1
2026-02-10 16:29:30,793 | INFO | Buscando preço de ETHUSDT
2026-02-10 16:29:31,046 | INFO | ETHUSDT SUBIU ⬆️ | 2008.1 → 2008.74
2026-02-10 16:29:36,057 | INFO | Buscando preço de ETHUSDT
2026-02-10 16:29:36,316 | INFO | ETHUSDT SUBIU ⬆️ | 2008.74 → 2008.75
2026-02-10 16:29:41,323 | INFO | Buscando preço de ETHUSDT
2026-02-10 16:29:41,582 | INFO | ETHUSDT SUBIU ⬆️ | 2008.75 → 2008.89
2026-02-10 16:29:46,592 | INFO | Buscando preço de ETHUSDT
2026-02-10 16:29:46,861 | INFO | ETHUSDT DESCEU ⬇️ | 2008.89 → 2008.78
2026-02-10 16:29:51,863 | INFO | Buscando preço de ETHUSDT
2026-02-10 16:29:52,120 | INFO | ETHUSDT SUBIU ⬆️ | 2008.78 → 2009.8
2026-02-10 16:29:57,129 | INFO | Buscando preço de ETHUSDT
2026-02-10 16:29:57,386 | INFO | ETHUSDT SUBIU ⬆️ | 2009.8 → 2010.77
2026-02-10 16:30:02,399 | INFO | Buscando preço de ETHUSDT
2026-02-10 16:30:02,665 | INFO | ETHUSDT SUBIU ⬆️ | 2010.77 → 2011.78
2026-02-10 16:30:07,666 | INFO | Buscando preço de ETHUSDT
2026-02-10 16:30:07,928 | INFO | ETHUSDT DESCEU ⬇️ | 2011.78 → 2010.67
2026-02-10 16:30:12,931 | INFO | Buscando preço de ETHUSDT
2026-02-10 16:30:13,191 | INFO | ETHUSDT SUBIU ⬆️ | 2010.67 → 2010.71
2026-02-10 16:30:18,197 | INFO | Buscando preço de ETHUSDT
2026-02-10 16:30:18,451 | INFO | ETHUSDT DESCEU ⬇️ | 2010.71 → 2010.64
2026-02-10 16:30:23,460 | INFO | Buscando preço de ETHUSDT
2026-02-10 16:30:23,723 | INFO | ETHUSDT DESCEU ⬇️ | 2010.64 → 2010.3
2026-02-10 16:30:28,729 | INFO | Buscando preço de ETHUSDT
2026-02-10 16:30:28,993 | INFO | ETHUSDT SEM VARIAÇÃO ➖ | 2010.3
2026-02-10 16:30:33,995 | INFO | Buscando preço de ETHUSDT
2026-02-10 16:30:34,264 | INFO | ETHUSDT SUBIU ⬆️ | 2010.3 → 2011.53
2026-02-10 16:30:39,265 | INFO | Buscando preço de ETHUSDT
2026-02-10 16:30:39,529 | INFO | ETHUSDT SUBIU ⬆️ | 2011.53 → 2012.37
2026-02-10 16:30:44,530 | INFO | Buscando preço de ETHUSDT
2026-02-10 16:30:44,799 | INFO | ETHUSDT DESCEU ⬇️ | 2012.37 → 2012.07
2026-02-10 16:30:49,801 | INFO | Buscando preço de ETHUSDT
2026-02-10 16:30:50,066 | INFO | ETHUSDT DESCEU ⬇️ | 2012.07 → 2011.89
2026-02-10 16:30:55,067 | INFO | Buscando preço de ETHUSDT
2026-02-10 16:30:55,321 | INFO | ETHUSDT SUBIU ⬆️ | 2011.89 → 2012.36
2026-02-10 16:31:00,335 | INFO | Buscando preço de ETHUSDT
2026-02-10 16:31:00,601 | INFO | ETHUSDT SUBIU ⬆️ | 2012.36 → 2012.6
2026-02-10 16:31:05,601 | INFO | Buscando preço de ETHUSDT
2026-02-10 16:31:05,859 | INFO | ETHUSDT SUBIU ⬆️ | 2012.6 → 2012.87
2026-02-10 16:31:10,865 | INFO | Buscando preço de ETHUSDT
2026-02-10 16:31:11,130 | INFO | ETHUSDT SUBIU ⬆️ | 2012.87 → 2013.24
2026-02-10 16:31:16,130 | INFO | Buscando preço de ETHUSDT
2026-02-10 16:31:16,902 | INFO | ETHUSDT SUBIU ⬆️ | 2013.24 → 2013.95
2026-02-10 16:31:21,903 | INFO | Buscando preço de ETHUSDT
2026-02-10 16:31:22,168 | INFO | ETHUSDT DESCEU ⬇️ | 2013.95 → 2013.46
2026-02-10 16:31:27,171 | INFO | Buscando preço de ETHUSDT
2026-02-10 16:31:27,950 | INFO | ETHUSDT DESCEU ⬇️ | 2013.46 → 2013.15
2026-02-10 16:31:32,951 | INFO | Buscando preço de ETHUSDT
2026-02-10 16:31:33,707 | INFO | ETHUSDT DESCEU ⬇️ | 2013.15 → 2011.87
2026-02-10 16:31:34,700 | INFO | Monitoramento encerrado manualmente (Ctrl + C)
2026-02-10 16:31:37,521 | INFO | Monitoramento iniciado
2026-02-10 16:31:37,522 | INFO | Criando cliente da Binance
2026-02-10 16:31:38,816 | INFO | Buscando preço de BTC/USDT
2026-02-10 16:31:39,082 | ERROR | Erro ao buscar preço de BTC/USDT: APIError(code=-1100): Illegal characters found in parameter 'symbol'; legal range is '^[\w\-._&&[^a-z]]{1,50}$'.
2026-02-10 16:31:39,082 | WARNING | Preço não disponível
2026-02-10 16:31:44,097 | INFO | Buscando preço de BTC/USDT
2026-02-10 16:31:44,361 | ERROR | Erro ao buscar preço de BTC/USDT: APIError(code=-1100): Illegal characters found in parameter 'symbol'; legal range is '^[\w\-._&&[^a-z]]{1,50}$'.
2026-02-10 16:31:44,361 | WARNING | Preço não disponível
2026-02-10 16:31:46,410 | INFO | Monitoramento encerrado manualmente (Ctrl + C)
2026-02-10 16:31:50,583 | INFO | Monitoramento iniciado
2026-02-10 16:31:50,584 | INFO | Criando cliente da Binance
2026-02-10 16:31:51,878 | INFO | Buscando preço de BTC/
2026-02-10 16:31:52,147 | ERROR | Erro ao buscar preço de BTC/: APIError(code=-1100): Illegal characters found in parameter 'symbol'; legal range is '^[\w\-._&&[^a-z]]{1,50}$'.
2026-02-10 16:31:52,147 | WARNING | Preço não disponível
2026-02-10 16:31:57,161 | INFO | Buscando preço de BTC/
2026-02-10 16:31:57,410 | ERROR | Erro ao buscar preço de BTC/: APIError(code=-1100): Illegal characters found in parameter 'symbol'; legal range is '^[\w\-._&&[^a-z]]{1,50}$'.
2026-02-10 16:31:57,410 | WARNING | Preço não disponível
2026-02-10 16:32:00,941 | INFO | Monitoramento encerrado manualmente (Ctrl + C)
2026-02-10 16:32:05,206 | INFO | Monitoramento iniciado
2026-02-10 16:32:05,207 | INFO | Criando cliente da Binance
2026-02-10 16:32:06,488 | INFO | Buscando preço de BTCUSDT
2026-02-10 16:32:06,755 | INFO | Preço inicial BTCUSDT: 68997.66
2026-02-10 16:32:11,770 | INFO | Buscando preço de BTCUSDT
2026-02-10 16:32:12,035 | INFO | BTCUSDT DESCEU ⬇️ | 68997.66 → 68984.01
2026-02-10 16:32:17,040 | INFO | Buscando preço de BTCUSDT
2026-02-10 16:32:17,301 | INFO | BTCUSDT DESCEU ⬇️ | 68984.01 → 68976.25
2026-02-10 16:32:22,307 | INFO | Buscando preço de BTCUSDT
2026-02-10 16:32:22,572 | INFO | BTCUSDT SUBIU ⬆️ | 68976.25 → 68981.07
2026-02-10 16:32:27,573 | INFO | Buscando preço de BTCUSDT
2026-02-10 16:32:27,825 | INFO | BTCUSDT SUBIU ⬆️ | 68981.07 → 68982.4
2026-02-10 16:32:32,839 | INFO | Buscando preço de BTCUSDT
2026-02-10 16:32:33,107 | INFO | BTCUSDT DESCEU ⬇️ | 68982.4 → 68956.8
2026-02-10 16:32:38,109 | INFO | Buscando preço de BTCUSDT
2026-02-10 16:32:38,361 | INFO | BTCUSDT DESCEU ⬇️ | 68956.8 → 68951.97
2026-02-10 16:32:43,376 | INFO | Buscando preço de BTCUSDT
2026-02-10 16:32:43,645 | INFO | BTCUSDT SUBIU ⬆️ | 68951.97 → 68963.08
2026-02-10 16:32:48,649 | INFO | Buscando preço de BTCUSDT
2026-02-10 16:32:48,905 | INFO | BTCUSDT DESCEU ⬇️ | 68963.08 → 68961.5
2026-02-10 16:32:53,915 | INFO | Buscando preço de BTCUSDT
2026-02-10 16:32:54,185 | INFO | BTCUSDT SUBIU ⬆️ | 68961.5 → 68974.42
2026-02-10 16:32:59,187 | INFO | Buscando preço de BTCUSDT
2026-02-10 16:32:59,452 | INFO | BTCUSDT SEM VARIAÇÃO ➖ | 68974.42
2026-02-10 16:33:04,454 | INFO | Buscando preço de BTCUSDT
2026-02-10 16:33:04,708 | INFO | BTCUSDT SUBIU ⬆️ | 68974.42 → 69006.0
2026-02-10 16:33:09,718 | INFO | Buscando preço de BTCUSDT
2026-02-10 16:33:10,502 | INFO | BTCUSDT SUBIU ⬆️ | 69006.0 → 69049.47
2026-02-10 16:33:15,503 | INFO | Buscando preço de BTCUSDT
2026-02-10 16:33:15,770 | INFO | BTCUSDT SUBIU ⬆️ | 69049.47 → 69068.9
2026-02-10 16:33:20,772 | INFO | Buscando preço de BTCUSDT
2026-02-10 16:33:21,038 | INFO | BTCUSDT DESCEU ⬇️ | 69068.9 → 69041.95
2026-02-10 16:33:26,039 | INFO | Buscando preço de BTCUSDT
2026-02-10 16:33:26,301 | INFO | BTCUSDT SUBIU ⬆️ | 69041.95 → 69067.99
2026-02-10 16:33:31,305 | INFO | Buscando preço de BTCUSDT
2026-02-10 16:33:31,557 | INFO | BTCUSDT DESCEU ⬇️ | 69067.99 → 69064.9
2026-02-10 16:33:36,569 | INFO | Buscando preço de BTCUSDT
2026-02-10 16:33:36,832 | INFO | BTCUSDT DESCEU ⬇️ | 69064.9 → 69056.32
2026-02-10 16:33:41,837 | INFO | Buscando preço de BTCUSDT
2026-02-10 16:33:42,097 | INFO | BTCUSDT DESCEU ⬇️ | 69056.32 → 69055.82
2026-02-10 16:33:47,101 | INFO | Buscando preço de BTCUSDT
2026-02-10 16:33:47,362 | INFO | BTCUSDT SUBIU ⬆️ | 69055.82 → 69068.89
2026-02-10 16:33:52,364 | INFO | Buscando preço de BTCUSDT
2026-02-10 16:33:52,630 | INFO | BTCUSDT DESCEU ⬇️ | 69068.89 → 69044.7
2026-02-10 16:33:57,631 | INFO | Buscando preço de BTCUSDT
2026-02-10 16:33:57,897 | INFO | BTCUSDT DESCEU ⬇️ | 69044.7 → 69034.52
2026-02-10 16:34:02,898 | INFO | Buscando preço de BTCUSDT
2026-02-10 16:34:03,161 | INFO | BTCUSDT DESCEU ⬇️ | 69034.52 → 69026.93
2026-02-10 16:34:08,167 | INFO | Buscando preço de BTCUSDT
2026-02-10 16:34:08,429 | INFO | BTCUSDT SUBIU ⬆️ | 69026.93 → 69032.67
2026-02-10 16:34:13,431 | INFO | Buscando preço de BTCUSDT
2026-02-10 16:34:13,696 | INFO | BTCUSDT DESCEU ⬇️ | 69032.67 → 69021.98
2026-02-10 16:34:18,696 | INFO | Buscando preço de BTCUSDT
2026-02-10 16:34:18,963 | INFO | BTCUSDT DESCEU ⬇️ | 69021.98 → 69019.47
2026-02-10 16:34:23,963 | INFO | Buscando preço de BTCUSDT
2026-02-10 16:34:24,230 | INFO | BTCUSDT DESCEU ⬇️ | 69019.47 → 68994.0
2026-02-10 16:34:29,232 | INFO | Buscando preço de BTCUSDT
2026-02-10 16:34:29,498 | INFO | BTCUSDT SUBIU ⬆️ | 68994.0 → 69011.5
2026-02-10 16:34:34,500 | INFO | Buscando preço de BTCUSDT
2026-02-10 16:34:34,768 | INFO | BTCUSDT DESCEU ⬇️ | 69011.5 → 68993.61
2026-02-10 16:34:39,769 | INFO | Buscando preço de BTCUSDT
2026-02-10 16:34:40,039 | INFO | BTCUSDT DESCEU ⬇️ | 68993.61 → 68992.84
2026-02-10 16:34:45,040 | INFO | Buscando preço de BTCUSDT
2026-02-10 16:34:45,306 | INFO | BTCUSDT DESCEU ⬇️ | 68992.84 → 68992.83
2026-02-10 16:34:50,307 | INFO | Buscando preço de BTCUSDT
2026-02-10 16:34:50,570 | INFO | BTCUSDT DESCEU ⬇️ | 68992.83 → 68978.01
2026-02-10 16:34:55,572 | INFO | Buscando preço de BTCUSDT
2026-02-10 16:34:55,838 | INFO | BTCUSDT SUBIU ⬆️ | 68978.01 → 68985.99
2026-02-10 16:35:00,838 | INFO | Buscando preço de BTCUSDT
2026-02-10 16:35:01,096 | INFO | BTCUSDT SUBIU ⬆️ | 68985.99 → 68992.5
2026-02-10 16:35:06,106 | INFO | Buscando preço de BTCUSDT
2026-02-10 16:35:06,372 | INFO | BTCUSDT SUBIU ⬆️ | 68992.5 → 69024.0
2026-02-10 16:35:11,373 | INFO | Buscando preço de BTCUSDT
2026-02-10 16:35:12,153 | INFO | BTCUSDT SUBIU ⬆️ | 69024.0 → 69061.84
2026-02-10 16:35:17,155 | INFO | Buscando preço de BTCUSDT
2026-02-10 16:35:17,414 | INFO | BTCUSDT SUBIU ⬆️ | 69061.84 → 69068.89
2026-02-10 16:35:22,421 | INFO | Buscando preço de BTCUSDT
2026-02-10 16:35:22,686 | INFO | BTCUSDT DESCEU ⬇️ | 69068.89 → 69065.99
2026-02-10 16:35:27,688 | INFO | Buscando preço de BTCUSDT
2026-02-10 16:35:27,958 | INFO | BTCUSDT SUBIU ⬆️ | 69065.99 → 69069.31
2026-02-10 16:35:32,959 | INFO | Buscando preço de BTCUSDT
2026-02-10 16:35:33,226 | INFO | BTCUSDT SUBIU ⬆️ | 69069.31 → 69106.21
2026-02-10 16:35:38,227 | INFO | Buscando preço de BTCUSDT
2026-02-10 16:35:38,479 | INFO | BTCUSDT DESCEU ⬇️ | 69106.21 → 69090.65
2026-02-10 16:35:40,179 | INFO | Monitoramento encerrado manualmente (Ctrl + C)
2026-02-10 16:36:48,990 | INFO | Monitoramento iniciado
2026-02-10 16:36:48,991 | INFO | Criando cliente da Binance
2026-02-10 16:36:50,290 | INFO | Buscando preço de BTCUSDT
2026-02-10 16:36:50,554 | INFO | Preço inicial BTCUSDT: 69202.01
2026-02-10 16:36:55,560 | INFO | Buscando preço de BTCUSDT
2026-02-10 16:36:55,817 | INFO | Variação: -0.003% | 69202.01 → 69199.77
2026-02-10 16:37:00,827 | INFO | Buscando preço de BTCUSDT
2026-02-10 16:37:01,096 | INFO | Variação: -0.018% | 69199.77 → 69187.5
2026-02-10 16:37:06,097 | INFO | Buscando preço de BTCUSDT
2026-02-10 16:37:06,363 | INFO | Variação: 0.059% | 69187.5 → 69228.0
2026-02-10 16:37:11,364 | INFO | Buscando preço de BTCUSDT
2026-02-10 16:37:11,630 | INFO | Variação: -0.016% | 69228.0 → 69217.15
2026-02-10 16:37:16,631 | INFO | Buscando preço de BTCUSDT
2026-02-10 16:37:16,887 | INFO | Variação: 0.004% | 69217.15 → 69219.69
2026-02-10 16:37:21,901 | INFO | Buscando preço de BTCUSDT
2026-02-10 16:37:22,159 | INFO | Variação: -0.013% | 69219.69 → 69210.98
2026-02-10 16:37:27,170 | INFO | Buscando preço de BTCUSDT
2026-02-10 16:37:27,425 | INFO | Variação: -0.001% | 69210.98 → 69209.99
2026-02-10 16:37:32,437 | INFO | Buscando preço de BTCUSDT
2026-02-10 16:37:32,692 | INFO | Variação: 0.036% | 69209.99 → 69234.86
2026-02-10 16:37:37,703 | INFO | Buscando preço de BTCUSDT
2026-02-10 16:37:37,972 | INFO | Variação: -0.007% | 69234.86 → 69230.27
2026-02-10 16:37:42,975 | INFO | Buscando preço de BTCUSDT
2026-02-10 16:37:43,237 | INFO | Variação: -0.011% | 69230.27 → 69222.41
2026-02-10 16:37:48,244 | INFO | Buscando preço de BTCUSDT
2026-02-10 16:37:48,510 | INFO | Variação: 0.007% | 69222.41 → 69227.16
2026-02-10 16:37:53,511 | INFO | Buscando preço de BTCUSDT
2026-02-10 16:37:53,776 | INFO | Variação: 0.054% | 69227.16 → 69264.83
2026-02-10 16:37:58,777 | INFO | Buscando preço de BTCUSDT
2026-02-10 16:37:59,029 | INFO | Variação: -0.008% | 69264.83 → 69258.98
2026-02-10 16:38:04,041 | INFO | Buscando preço de BTCUSDT
2026-02-10 16:38:04,309 | INFO | Variação: -0.069% | 69258.98 → 69211.12
2026-02-10 16:38:09,310 | INFO | Buscando preço de BTCUSDT
2026-02-10 16:38:09,578 | INFO | Variação: 0.054% | 69211.12 → 69248.15
2026-02-10 16:38:14,579 | INFO | Buscando preço de BTCUSDT
2026-02-10 16:38:15,350 | INFO | Variação: -0.037% | 69248.15 → 69222.31
2026-02-10 16:38:20,357 | INFO | Buscando preço de BTCUSDT
2026-02-10 16:38:20,618 | INFO | Variação: -0.023% | 69222.31 → 69206.5
2026-02-10 16:38:25,619 | INFO | Buscando preço de BTCUSDT
2026-02-10 16:38:25,885 | INFO | Variação: -0.020% | 69206.5 → 69192.62
2026-02-10 16:38:30,887 | INFO | Buscando preço de BTCUSDT
2026-02-10 16:38:31,154 | INFO | Variação: -0.002% | 69192.62 → 69191.19
2026-02-10 16:38:36,155 | INFO | Buscando preço de BTCUSDT
2026-02-10 16:38:36,421 | INFO | Variação: -0.007% | 69191.19 → 69186.31
2026-02-10 16:38:41,422 | INFO | Buscando preço de BTCUSDT
2026-02-10 16:38:41,688 | INFO | Variação: 0.037% | 69186.31 → 69211.8
2026-02-10 16:38:46,690 | INFO | Buscando preço de BTCUSDT
2026-02-10 16:38:46,956 | INFO | Variação: 0.030% | 69211.8 → 69232.88
2026-02-10 16:38:51,957 | INFO | Buscando preço de BTCUSDT
2026-02-10 16:38:52,222 | INFO | Variação: 0.000% | 69232.88 → 69232.88
2026-02-10 16:38:57,224 | INFO | Buscando preço de BTCUSDT
2026-02-10 16:38:57,486 | INFO | Variação: -0.024% | 69232.88 → 69216.01
2026-02-10 16:39:02,488 | INFO | Buscando preço de BTCUSDT
2026-02-10 16:39:02,750 | INFO | Variação: -0.025% | 69216.01 → 69199.0
2026-02-10 16:39:07,752 | INFO | Buscando preço de BTCUSDT
2026-02-10 16:39:08,022 | INFO | Variação: 0.020% | 69199.0 → 69212.71
2026-02-10 16:39:13,022 | INFO | Buscando preço de BTCUSDT
2026-02-10 16:39:13,284 | INFO | Variação: -0.023% | 69212.71 → 69196.77
2026-02-10 16:39:18,286 | INFO | Buscando preço de BTCUSDT
2026-02-10 16:39:18,552 | INFO | Variação: -0.018% | 69196.77 → 69184.01
2026-02-10 16:39:23,554 | INFO | Buscando preço de BTCUSDT
2026-02-10 16:39:23,816 | INFO | Variação: 0.002% | 69184.01 → 69185.36
2026-02-10 16:39:28,825 | INFO | Buscando preço de BTCUSDT
2026-02-10 16:39:29,092 | INFO | Variação: -0.008% | 69185.36 → 69180.0
2026-02-10 16:39:34,093 | INFO | Buscando preço de BTCUSDT
2026-02-10 16:39:34,860 | INFO | Variação: -0.035% | 69180.0 → 69155.79
2026-02-10 16:39:39,871 | INFO | Buscando preço de BTCUSDT
2026-02-10 16:39:40,138 | INFO | Variação: -0.004% | 69155.79 → 69152.69
2026-02-10 16:39:45,139 | INFO | Buscando preço de BTCUSDT
2026-02-10 16:39:45,401 | INFO | Variação: 0.036% | 69152.69 → 69177.31
2026-02-10 16:39:50,402 | INFO | Buscando preço de BTCUSDT
2026-02-10 16:39:50,661 | INFO | Variação: 0.041% | 69177.31 → 69205.64
2026-02-10 16:39:55,669 | INFO | Buscando preço de BTCUSDT
2026-02-10 16:39:55,934 | INFO | Variação: -0.002% | 69205.64 → 69204.0
2026-02-10 16:40:00,936 | INFO | Buscando preço de BTCUSDT
2026-02-10 16:40:01,198 | INFO | Variação: 0.032% | 69204.0 → 69226.38
2026-02-10 16:40:06,200 | INFO | Buscando preço de BTCUSDT
2026-02-10 16:40:06,467 | INFO | Variação: -0.007% | 69226.38 → 69221.52
2026-02-10 16:40:11,468 | INFO | Buscando preço de BTCUSDT
2026-02-10 16:40:11,732 | INFO | Variação: -0.040% | 69221.52 → 69193.74
2026-02-10 16:40:16,734 | INFO | Buscando preço de BTCUSDT
2026-02-10 16:40:17,000 | INFO | Variação: -0.014% | 69193.74 → 69184.0
2026-02-10 16:40:22,002 | INFO | Buscando preço de BTCUSDT
2026-02-10 16:40:22,272 | INFO | Variação: -0.023% | 69184.0 → 69168.07
2026-02-10 16:40:27,273 | INFO | Buscando preço de BTCUSDT
2026-02-10 16:40:27,537 | INFO | Variação: -0.010% | 69168.07 → 69160.85
2026-02-10 16:40:32,540 | INFO | Buscando preço de BTCUSDT
2026-02-10 16:40:32,802 | INFO | Variação: -0.012% | 69160.85 → 69152.31
2026-02-10 16:40:37,809 | INFO | Buscando preço de BTCUSDT
2026-02-10 16:40:38,075 | INFO | Variação: -0.006% | 69152.31 → 69148.47
2026-02-10 16:40:43,076 | INFO | Buscando preço de BTCUSDT
2026-02-10 16:40:43,338 | INFO | Variação: 0.013% | 69148.47 → 69157.23
2026-02-10 16:40:48,339 | INFO | Buscando preço de BTCUSDT
2026-02-10 16:40:48,601 | INFO | Variação: -0.013% | 69157.23 → 69148.0
2026-02-10 16:40:53,610 | INFO | Buscando preço de BTCUSDT
2026-02-10 16:40:53,867 | INFO | Variação: 0.019% | 69148.0 → 69161.43
2026-02-10 16:40:58,876 | INFO | Buscando preço de BTCUSDT
2026-02-10 16:40:59,140 | INFO | Variação: 0.037% | 69161.43 → 69187.1
2026-02-10 16:41:00,435 | INFO | Monitoramento encerrado manualmente (Ctrl + C)
2026-02-10 16:42:32,927 | INFO | Bot iniciado (SIMULAÇÃO)
2026-02-10 16:42:32,927 | INFO | Criando cliente da Binance
2026-02-10 16:42:34,210 | INFO | Buscando preço de BTCUSDT
2026-02-10 16:42:34,483 | INFO | Preço inicial BTCUSDT: 69205.99
2026-02-10 16:42:39,483 | INFO | Buscando preço de BTCUSDT
2026-02-10 16:42:39,739 | INFO | Variação: 0.000% | 69205.99 → 69205.99
2026-02-10 16:42:44,753 | INFO | Buscando preço de BTCUSDT
2026-02-10 16:42:45,014 | INFO | Variação: -0.006% | 69205.99 → 69201.96
2026-02-10 16:42:50,016 | INFO | Buscando preço de BTCUSDT
2026-02-10 16:42:50,265 | INFO | Variação: -0.014% | 69201.96 → 69192.61
2026-02-10 16:42:55,280 | INFO | Buscando preço de BTCUSDT
2026-02-10 16:42:55,543 | INFO | Variação: 0.025% | 69192.61 → 69209.99
2026-02-10 16:43:00,550 | INFO | Buscando preço de BTCUSDT
2026-02-10 16:43:00,816 | INFO | Variação: -0.007% | 69209.99 → 69205.39
2026-02-10 16:43:05,818 | INFO | Buscando preço de BTCUSDT
2026-02-10 16:43:06,075 | INFO | Variação: 0.000% | 69205.39 → 69205.39
2026-02-10 16:43:11,085 | INFO | Buscando preço de BTCUSDT
2026-02-10 16:43:11,347 | INFO | Variação: -0.019% | 69205.39 → 69192.01
2026-02-10 16:43:16,359 | INFO | Buscando preço de BTCUSDT
2026-02-10 16:43:16,613 | INFO | Variação: 0.010% | 69192.01 → 69198.8
2026-02-10 16:43:21,624 | INFO | Buscando preço de BTCUSDT
2026-02-10 16:43:21,886 | INFO | Variação: 0.000% | 69198.8 → 69198.8
2026-02-10 16:43:26,887 | INFO | Buscando preço de BTCUSDT
2026-02-10 16:43:27,137 | INFO | Variação: -0.005% | 69198.8 → 69195.06
2026-02-10 16:43:32,153 | INFO | Buscando preço de BTCUSDT
2026-02-10 16:43:32,409 | INFO | Variação: 0.001% | 69195.06 → 69195.42
2026-02-10 16:43:37,419 | INFO | Buscando preço de BTCUSDT
2026-02-10 16:43:37,672 | INFO | Variação: 0.000% | 69195.42 → 69195.42
2026-02-10 16:43:42,686 | INFO | Buscando preço de BTCUSDT
2026-02-10 16:43:42,952 | INFO | Variação: 0.012% | 69195.42 → 69204.0
2026-02-10 16:43:47,952 | INFO | Buscando preço de BTCUSDT
2026-02-10 16:43:48,202 | INFO | Variação: -0.000% | 69204.0 → 69203.99
2026-02-10 16:43:53,216 | INFO | Buscando preço de BTCUSDT
2026-02-10 16:43:53,486 | INFO | Variação: 0.034% | 69203.99 → 69227.69
2026-02-10 16:43:58,488 | INFO | Buscando preço de BTCUSDT
2026-02-10 16:43:58,753 | INFO | Variação: 0.000% | 69227.69 → 69227.69
2026-02-10 16:44:03,754 | INFO | Buscando preço de BTCUSDT
2026-02-10 16:44:04,019 | INFO | Variação: 0.000% | 69227.69 → 69227.7
2026-02-10 16:44:09,025 | INFO | Buscando preço de BTCUSDT
2026-02-10 16:44:09,310 | INFO | Variação: -0.000% | 69227.7 → 69227.69
2026-02-10 16:44:14,311 | INFO | Buscando preço de BTCUSDT
2026-02-10 16:44:14,578 | INFO | Variação: -0.039% | 69227.69 → 69200.63
2026-02-10 16:44:19,580 | INFO | Buscando preço de BTCUSDT
2026-02-10 16:44:19,845 | INFO | Variação: -0.008% | 69200.63 → 69194.86
2026-02-10 16:44:24,847 | INFO | Buscando preço de BTCUSDT
2026-02-10 16:44:25,109 | INFO | Variação: 0.000% | 69194.86 → 69195.0
2026-02-10 16:44:30,111 | INFO | Buscando preço de BTCUSDT
2026-02-10 16:44:30,888 | INFO | Variação: 0.012% | 69195.0 → 69203.15
2026-02-10 16:44:35,889 | INFO | Buscando preço de BTCUSDT
2026-02-10 16:44:36,150 | INFO | Variação: 0.017% | 69203.15 → 69214.69
2026-02-10 16:44:41,152 | INFO | Buscando preço de BTCUSDT
2026-02-10 16:44:41,415 | INFO | Variação: -0.009% | 69214.69 → 69208.31
2026-02-10 16:44:46,416 | INFO | Buscando preço de BTCUSDT
2026-02-10 16:44:46,675 | INFO | Variação: 0.008% | 69208.31 → 69213.86
2026-02-10 16:44:51,679 | INFO | Buscando preço de BTCUSDT
2026-02-10 16:44:51,934 | INFO | Variação: 0.000% | 69213.86 → 69213.86
2026-02-10 16:44:56,947 | INFO | Buscando preço de BTCUSDT
2026-02-10 16:44:57,215 | INFO | Variação: -0.013% | 69213.86 → 69205.06
2026-02-10 16:45:02,216 | INFO | Buscando preço de BTCUSDT
2026-02-10 16:45:02,484 | INFO | Variação: 0.006% | 69205.06 → 69209.13
2026-02-10 16:45:07,485 | INFO | Buscando preço de BTCUSDT
2026-02-10 16:45:07,747 | INFO | Variação: 0.023% | 69209.13 → 69224.83
2026-02-10 16:45:12,749 | INFO | Buscando preço de BTCUSDT
2026-02-10 16:45:13,011 | INFO | Variação: 0.000% | 69224.83 → 69224.84
2026-02-10 16:45:18,013 | INFO | Buscando preço de BTCUSDT
2026-02-10 16:45:18,275 | INFO | Variação: 0.004% | 69224.84 → 69227.86
2026-02-10 16:45:23,276 | INFO | Buscando preço de BTCUSDT
2026-02-10 16:45:23,539 | INFO | Variação: 0.018% | 69227.86 → 69240.17
2026-02-10 16:45:28,540 | INFO | Buscando preço de BTCUSDT
2026-02-10 16:45:28,804 | INFO | Variação: -0.037% | 69240.17 → 69214.78
2026-02-10 16:45:33,805 | INFO | Buscando preço de BTCUSDT
2026-02-10 16:45:34,067 | INFO | Variação: 0.039% | 69214.78 → 69241.56
2026-02-10 16:45:39,069 | INFO | Buscando preço de BTCUSDT
2026-02-10 16:45:39,846 | INFO | Variação: 0.010% | 69241.56 → 69248.21
2026-02-10 16:45:44,862 | INFO | Buscando preço de BTCUSDT
2026-02-10 16:45:45,127 | INFO | Variação: -0.012% | 69248.21 → 69240.11
2026-02-10 16:45:50,128 | INFO | Buscando preço de BTCUSDT
2026-02-10 16:45:50,912 | INFO | Variação: -0.046% | 69240.11 → 69208.08
2026-02-10 16:45:55,916 | INFO | Buscando preço de BTCUSDT
2026-02-10 16:45:56,181 | INFO | Variação: -0.000% | 69208.08 → 69208.07
2026-02-10 16:46:01,182 | INFO | Buscando preço de BTCUSDT
2026-02-10 16:46:01,447 | INFO | Variação: 0.004% | 69208.07 → 69210.95
2026-02-10 16:46:06,448 | INFO | Buscando preço de BTCUSDT
2026-02-10 16:46:06,714 | INFO | Variação: -0.044% | 69210.95 → 69180.31
2026-02-10 16:46:11,715 | INFO | Buscando preço de BTCUSDT
2026-02-10 16:46:11,976 | INFO | Variação: -0.044% | 69180.31 → 69149.78
2026-02-10 16:46:16,985 | INFO | Buscando preço de BTCUSDT
2026-02-10 16:46:17,259 | INFO | Variação: 0.020% | 69149.78 → 69163.29
2026-02-10 16:46:22,259 | INFO | Buscando preço de BTCUSDT
2026-02-10 16:46:22,520 | INFO | Variação: -0.019% | 69163.29 → 69150.0
2026-02-10 16:46:27,522 | INFO | Buscando preço de BTCUSDT
2026-02-10 16:46:27,782 | INFO | Variação: 0.037% | 69150.0 → 69175.37
2026-02-10 16:46:32,789 | INFO | Buscando preço de BTCUSDT
2026-02-10 16:46:33,054 | INFO | Variação: 0.003% | 69175.37 → 69177.6
2026-02-10 16:46:38,055 | INFO | Buscando preço de BTCUSDT
2026-02-10 16:46:38,331 | INFO | Variação: 0.000% | 69177.6 → 69177.6
2026-02-10 16:46:43,332 | INFO | Buscando preço de BTCUSDT
2026-02-10 16:46:43,594 | INFO | Variação: 0.029% | 69177.6 → 69197.99
2026-02-10 16:46:48,596 | INFO | Buscando preço de BTCUSDT
2026-02-10 16:46:48,849 | INFO | Variação: 0.023% | 69197.99 → 69213.99
2026-02-10 16:46:53,863 | INFO | Buscando preço de BTCUSDT
2026-02-10 16:46:54,128 | INFO | Variação: -0.009% | 69213.99 → 69208.06
2026-02-10 16:46:59,129 | INFO | Buscando preço de BTCUSDT
2026-02-10 16:46:59,401 | INFO | Variação: -0.004% | 69208.06 → 69205.03
2026-02-10 16:47:04,402 | INFO | Buscando preço de BTCUSDT
2026-02-10 16:47:04,668 | INFO | Variação: -0.009% | 69205.03 → 69198.59
2026-02-10 16:47:09,669 | INFO | Buscando preço de BTCUSDT
2026-02-10 16:47:09,932 | INFO | Variação: -0.005% | 69198.59 → 69195.07
2026-02-10 16:47:14,935 | INFO | Buscando preço de BTCUSDT
2026-02-10 16:47:15,199 | INFO | Variação: 0.048% | 69195.07 → 69228.35
2026-02-10 16:47:20,200 | INFO | Buscando preço de BTCUSDT
2026-02-10 16:47:20,462 | INFO | Variação: 0.007% | 69228.35 → 69233.19
2026-02-10 16:47:25,463 | INFO | Buscando preço de BTCUSDT
2026-02-10 16:47:25,730 | INFO | Variação: -0.013% | 69233.19 → 69224.02
2026-02-10 16:47:30,734 | INFO | Buscando preço de BTCUSDT
2026-02-10 16:47:30,996 | INFO | Variação: -0.008% | 69224.02 → 69218.65
2026-02-10 16:47:35,997 | INFO | Buscando preço de BTCUSDT
2026-02-10 16:47:36,267 | INFO | Variação: 0.007% | 69218.65 → 69223.49
2026-02-10 16:47:41,269 | INFO | Buscando preço de BTCUSDT
2026-02-10 16:47:41,530 | INFO | Variação: 0.014% | 69223.49 → 69233.2
2026-02-10 16:47:46,537 | INFO | Buscando preço de BTCUSDT
2026-02-10 16:47:46,801 | INFO | Variação: -0.007% | 69233.2 → 69228.34
2026-02-10 16:47:51,806 | INFO | Buscando preço de BTCUSDT
2026-02-10 16:47:52,067 | INFO | Variação: -0.022% | 69228.34 → 69213.21
2026-02-10 16:47:57,069 | INFO | Buscando preço de BTCUSDT
2026-02-10 16:47:57,334 | INFO | Variação: 0.000% | 69213.21 → 69213.21
2026-02-10 16:48:02,336 | INFO | Buscando preço de BTCUSDT
2026-02-10 16:48:02,599 | INFO | Variação: 0.028% | 69213.21 → 69232.59
2026-02-10 16:48:07,600 | INFO | Buscando preço de BTCUSDT
2026-02-10 16:48:07,867 | INFO | Variação: 0.028% | 69232.59 → 69251.99
2026-02-10 16:48:12,868 | INFO | Buscando preço de BTCUSDT
2026-02-10 16:48:13,131 | INFO | Variação: 0.007% | 69251.99 → 69256.84
2026-02-10 16:48:18,133 | INFO | Buscando preço de BTCUSDT
2026-02-10 16:48:18,405 | INFO | Variação: 0.000% | 69256.84 → 69256.85
2026-02-10 16:48:23,407 | INFO | Buscando preço de BTCUSDT
2026-02-10 16:48:23,671 | INFO | Variação: 0.000% | 69256.85 → 69256.86
2026-02-10 16:48:28,672 | INFO | Buscando preço de BTCUSDT
2026-02-10 16:48:28,932 | INFO | Variação: 0.002% | 69256.86 → 69258.25
2026-02-10 16:48:33,940 | INFO | Buscando preço de BTCUSDT
2026-02-10 16:48:34,206 | INFO | Variação: 0.000% | 69258.25 → 69258.25
2026-02-10 16:48:39,207 | INFO | Buscando preço de BTCUSDT
2026-02-10 16:48:39,456 | INFO | Variação: 0.005% | 69258.25 → 69261.7
2026-02-10 16:48:44,470 | INFO | Buscando preço de BTCUSDT
2026-02-10 16:48:44,724 | INFO | Variação: -0.003% | 69261.7 → 69259.87
2026-02-10 16:48:49,739 | INFO | Buscando preço de BTCUSDT
2026-02-10 16:48:50,007 | INFO | Variação: 0.007% | 69259.87 → 69264.82
2026-02-10 16:48:55,008 | INFO | Buscando preço de BTCUSDT
2026-02-10 16:48:55,270 | INFO | Variação: 0.011% | 69264.82 → 69272.19
2026-02-10 16:49:00,277 | INFO | Buscando preço de BTCUSDT
2026-02-10 16:49:00,548 | INFO | Variação: -0.007% | 69272.19 → 69267.35
2026-02-10 16:49:05,548 | INFO | Buscando preço de BTCUSDT
2026-02-10 16:49:05,816 | INFO | Variação: 0.007% | 69267.35 → 69272.19
2026-02-10 16:49:10,820 | INFO | Buscando preço de BTCUSDT
2026-02-10 16:49:11,082 | INFO | Variação: 0.030% | 69272.19 → 69292.87
2026-02-10 16:49:16,089 | INFO | Buscando preço de BTCUSDT
2026-02-10 16:49:16,343 | INFO | Variação: 0.010% | 69292.87 → 69299.99
2026-02-10 16:49:21,359 | INFO | Buscando preço de BTCUSDT
2026-02-10 16:49:21,622 | INFO | Variação: -0.020% | 69299.99 → 69285.84
2026-02-10 16:49:26,627 | INFO | Buscando preço de BTCUSDT
2026-02-10 16:49:26,887 | INFO | Variação: 0.011% | 69285.84 → 69293.37
2026-02-10 16:49:31,895 | INFO | Buscando preço de BTCUSDT
2026-02-10 16:49:32,162 | INFO | Variação: 0.010% | 69293.37 → 69300.0
2026-02-10 16:49:37,164 | INFO | Buscando preço de BTCUSDT
2026-02-10 16:49:37,422 | INFO | Variação: -0.022% | 69300.0 → 69284.89
2026-02-10 16:49:42,431 | INFO | Buscando preço de BTCUSDT
2026-02-10 16:49:42,706 | INFO | Variação: -0.081% | 69284.89 → 69228.85
2026-02-10 16:49:47,707 | INFO | Buscando preço de BTCUSDT
2026-02-10 16:49:47,956 | INFO | Variação: 0.013% | 69228.85 → 69237.99
2026-02-10 16:49:52,970 | INFO | Buscando preço de BTCUSDT
2026-02-10 16:49:53,235 | INFO | Variação: -0.007% | 69237.99 → 69233.24
2026-02-10 16:49:58,236 | INFO | Buscando preço de BTCUSDT
2026-02-10 16:49:58,502 | INFO | Variação: -0.019% | 69233.24 → 69220.01
2026-02-10 16:50:03,504 | INFO | Buscando preço de BTCUSDT
2026-02-10 16:50:03,767 | INFO | Variação: -0.013% | 69220.01 → 69210.75
2026-02-10 16:50:08,773 | INFO | Buscando preço de BTCUSDT
2026-02-10 16:50:09,035 | INFO | Variação: -0.001% | 69210.75 → 69209.91
2026-02-10 16:50:14,037 | INFO | Buscando preço de BTCUSDT
2026-02-10 16:50:14,300 | INFO | Variação: -0.026% | 69209.91 → 69192.0
2026-02-10 16:50:19,304 | INFO | Buscando preço de BTCUSDT
2026-02-10 16:50:19,565 | INFO | Variação: -0.015% | 69192.0 → 69181.4
2026-02-10 16:50:24,566 | INFO | Buscando preço de BTCUSDT
2026-02-10 16:50:24,832 | INFO | Variação: 0.000% | 69181.4 → 69181.4
2026-02-10 16:50:29,833 | INFO | Buscando preço de BTCUSDT
2026-02-10 16:50:30,100 | INFO | Variação: -0.014% | 69181.4 → 69172.0
2026-02-10 16:50:35,100 | INFO | Buscando preço de BTCUSDT
2026-02-10 16:50:35,366 | INFO | Variação: 0.026% | 69172.0 → 69189.99
2026-02-10 16:50:40,368 | INFO | Buscando preço de BTCUSDT
2026-02-10 16:50:40,656 | INFO | Variação: 0.000% | 69189.99 → 69189.99
2026-02-10 16:50:45,664 | INFO | Buscando preço de BTCUSDT
2026-02-10 16:50:45,942 | INFO | Variação: 0.038% | 69189.99 → 69216.13
2026-02-10 16:50:50,946 | INFO | Buscando preço de BTCUSDT
2026-02-10 16:50:51,222 | INFO | Variação: -0.012% | 69216.13 → 69208.0
2026-02-10 16:50:56,225 | INFO | Buscando preço de BTCUSDT
2026-02-10 16:50:56,482 | INFO | Variação: -0.009% | 69208.0 → 69202.11
2026-02-10 16:51:01,493 | INFO | Buscando preço de BTCUSDT
2026-02-10 16:51:01,762 | INFO | Variação: 0.000% | 69202.11 → 69202.11
2026-02-10 16:51:06,767 | INFO | Buscando preço de BTCUSDT
2026-02-10 16:51:07,036 | INFO | Variação: 0.000% | 69202.11 → 69202.11
2026-02-10 16:51:12,037 | INFO | Buscando preço de BTCUSDT
2026-02-10 16:51:12,299 | INFO | Variação: 0.000% | 69202.11 → 69202.11
2026-02-10 16:51:17,305 | INFO | Buscando preço de BTCUSDT
2026-02-10 16:51:17,561 | INFO | Variação: 0.000% | 69202.11 → 69202.11
2026-02-10 16:51:22,572 | INFO | Buscando preço de BTCUSDT
2026-02-10 16:51:22,833 | INFO | Variação: -0.012% | 69202.11 → 69193.99
2026-02-10 16:51:27,840 | INFO | Buscando preço de BTCUSDT
2026-02-10 16:51:28,095 | INFO | Variação: 0.000% | 69193.99 → 69193.99
2026-02-10 16:51:33,107 | INFO | Buscando preço de BTCUSDT
2026-02-10 16:51:33,372 | INFO | Variação: -0.003% | 69193.99 → 69192.14
2026-02-10 16:51:38,373 | INFO | Buscando preço de BTCUSDT
2026-02-10 16:51:38,642 | INFO | Variação: -0.021% | 69192.14 → 69177.61
2026-02-10 16:51:43,646 | INFO | Buscando preço de BTCUSDT
2026-02-10 16:51:43,911 | INFO | Variação: 0.000% | 69177.61 → 69177.61
2026-02-10 16:51:48,914 | INFO | Buscando preço de BTCUSDT
2026-02-10 16:51:49,175 | INFO | Variação: -0.000% | 69177.61 → 69177.6
2026-02-10 16:51:54,182 | INFO | Buscando preço de BTCUSDT
2026-02-10 16:51:54,446 | INFO | Variação: -0.007% | 69177.6 → 69173.01
2026-02-10 16:51:59,449 | INFO | Buscando preço de BTCUSDT
2026-02-10 16:51:59,707 | INFO | Variação: 0.021% | 69173.01 → 69187.31
2026-02-10 16:52:04,714 | INFO | Buscando preço de BTCUSDT
2026-02-10 16:52:04,972 | INFO | Variação: 0.000% | 69187.31 → 69187.31
2026-02-10 16:52:09,985 | INFO | Buscando preço de BTCUSDT
2026-02-10 16:52:10,237 | INFO | Variação: 0.015% | 69187.31 → 69197.53
2026-02-10 16:52:15,250 | INFO | Buscando preço de BTCUSDT
2026-02-10 16:52:15,504 | INFO | Variação: 0.023% | 69197.53 → 69213.67
2026-02-10 16:52:20,517 | INFO | Buscando preço de BTCUSDT
2026-02-10 16:52:20,786 | INFO | Variação: -0.014% | 69213.67 → 69203.8
2026-02-10 16:52:25,791 | INFO | Buscando preço de BTCUSDT
2026-02-10 16:52:26,050 | INFO | Variação: 0.000% | 69203.8 → 69203.81
2026-02-10 16:52:31,056 | INFO | Buscando preço de BTCUSDT
2026-02-10 16:52:31,827 | INFO | Variação: -0.003% | 69203.81 → 69201.92
2026-02-10 16:52:36,836 | INFO | Buscando preço de BTCUSDT
2026-02-10 16:52:37,098 | INFO | Variação: 0.004% | 69201.92 → 69204.64
2026-02-10 16:52:42,100 | INFO | Buscando preço de BTCUSDT
2026-02-10 16:52:42,370 | INFO | Variação: 0.002% | 69204.64 → 69206.0
2026-02-10 16:52:47,372 | INFO | Buscando preço de BTCUSDT
2026-02-10 16:52:47,635 | INFO | Variação: 0.000% | 69206.0 → 69206.0
2026-02-10 16:52:52,636 | INFO | Buscando preço de BTCUSDT
2026-02-10 16:52:52,902 | INFO | Variação: -0.000% | 69206.0 → 69205.99
2026-02-10 16:52:57,903 | INFO | Buscando preço de BTCUSDT
2026-02-10 16:52:58,169 | INFO | Variação: 0.000% | 69205.99 → 69205.99
2026-02-10 16:53:03,172 | INFO | Buscando preço de BTCUSDT
2026-02-10 16:53:03,426 | INFO | Variação: -0.025% | 69205.99 → 69188.77
2026-02-10 16:53:08,439 | INFO | Buscando preço de BTCUSDT
2026-02-10 16:53:08,706 | INFO | Variação: -0.006% | 69188.77 → 69184.9
2026-02-10 16:53:13,710 | INFO | Buscando preço de BTCUSDT
2026-02-10 16:53:13,977 | INFO | Variação: 0.019% | 69184.9 → 69198.06
2026-02-10 16:53:18,979 | INFO | Buscando preço de BTCUSDT
2026-02-10 16:53:19,234 | INFO | Variação: -0.003% | 69198.06 → 69196.02
2026-02-10 16:53:24,244 | INFO | Buscando preço de BTCUSDT
2026-02-10 16:53:24,504 | INFO | Variação: -0.024% | 69196.02 → 69179.56
2026-02-10 16:53:29,513 | INFO | Buscando preço de BTCUSDT
2026-02-10 16:53:29,783 | INFO | Variação: -0.001% | 69179.56 → 69178.97
2026-02-10 16:53:34,787 | INFO | Buscando preço de BTCUSDT
2026-02-10 16:53:35,059 | INFO | Variação: 0.004% | 69178.97 → 69181.89
2026-02-10 16:53:40,061 | INFO | Buscando preço de BTCUSDT
2026-02-10 16:53:40,317 | INFO | Variação: 0.005% | 69181.89 → 69185.16
2026-02-10 16:53:45,329 | INFO | Buscando preço de BTCUSDT
2026-02-10 16:53:45,593 | INFO | Variação: -0.010% | 69185.16 → 69178.02
2026-02-10 16:53:50,594 | INFO | Buscando preço de BTCUSDT
2026-02-10 16:53:50,847 | INFO | Variação: -0.004% | 69178.02 → 69175.36
2026-02-10 16:53:55,861 | INFO | Buscando preço de BTCUSDT
2026-02-10 16:53:56,128 | INFO | Variação: 0.000% | 69175.36 → 69175.36
2026-02-10 16:54:01,129 | INFO | Buscando preço de BTCUSDT
2026-02-10 16:54:01,394 | INFO | Variação: 0.000% | 69175.36 → 69175.36
2026-02-10 16:54:06,395 | INFO | Buscando preço de BTCUSDT
2026-02-10 16:54:06,659 | INFO | Variação: 0.015% | 69175.36 → 69186.0
2026-02-10 16:54:11,662 | INFO | Buscando preço de BTCUSDT
2026-02-10 16:54:11,930 | INFO | Variação: -0.014% | 69186.0 → 69176.31
2026-02-10 16:54:16,930 | INFO | Buscando preço de BTCUSDT
2026-02-10 16:54:17,191 | INFO | Variação: -0.044% | 69176.31 → 69145.59
2026-02-10 16:54:22,201 | INFO | Buscando preço de BTCUSDT
2026-02-10 16:54:22,468 | INFO | Variação: -0.037% | 69145.59 → 69120.0
2026-02-10 16:54:27,469 | INFO | Buscando preço de BTCUSDT
2026-02-10 16:54:27,738 | INFO | Variação: 0.015% | 69120.0 → 69130.51
2026-02-10 16:54:32,740 | INFO | Buscando preço de BTCUSDT
2026-02-10 16:54:33,004 | INFO | Variação: 0.004% | 69130.51 → 69133.4
2026-02-10 16:54:38,012 | INFO | Buscando preço de BTCUSDT
2026-02-10 16:54:38,269 | INFO | Variação: -0.037% | 69133.4 → 69107.83
2026-02-10 16:54:43,278 | INFO | Buscando preço de BTCUSDT
2026-02-10 16:54:43,531 | INFO | Variação: -0.024% | 69107.83 → 69091.0
2026-02-10 16:54:48,545 | INFO | Buscando preço de BTCUSDT
2026-02-10 16:54:48,811 | INFO | Variação: -0.016% | 69091.0 → 69080.01
2026-02-10 16:54:53,812 | INFO | Buscando preço de BTCUSDT
2026-02-10 16:54:54,080 | INFO | Variação: -0.012% | 69080.01 → 69071.64
2026-02-10 16:54:59,082 | INFO | Buscando preço de BTCUSDT
2026-02-10 16:54:59,347 | INFO | Variação: -0.016% | 69071.64 → 69060.93
2026-02-10 16:55:04,349 | INFO | Buscando preço de BTCUSDT
2026-02-10 16:55:04,610 | INFO | Variação: -0.002% | 69060.93 → 69059.88
2026-02-10 16:55:09,612 | INFO | Buscando preço de BTCUSDT
2026-02-10 16:55:09,859 | INFO | Variação: -0.075% | 69059.88 → 69008.01
2026-02-10 16:55:14,875 | INFO | Buscando preço de BTCUSDT
2026-02-10 16:55:15,151 | INFO | Variação: -0.009% | 69008.01 → 69001.65
2026-02-10 16:55:20,153 | INFO | Buscando preço de BTCUSDT
2026-02-10 16:55:20,407 | INFO | Variação: 0.029% | 69001.65 → 69022.0
2026-02-10 16:55:25,420 | INFO | Buscando preço de BTCUSDT
2026-02-10 16:55:25,675 | INFO | Variação: 0.012% | 69022.0 → 69029.99
2026-02-10 16:55:30,686 | INFO | Buscando preço de BTCUSDT
2026-02-10 16:55:30,942 | INFO | Variação: -0.014% | 69029.99 → 69020.0
2026-02-10 16:55:35,953 | INFO | Buscando preço de BTCUSDT
2026-02-10 16:55:36,222 | INFO | Variação: 0.007% | 69020.0 → 69024.85
2026-02-10 16:55:41,224 | INFO | Buscando preço de BTCUSDT
2026-02-10 16:55:41,489 | INFO | Variação: 0.007% | 69024.85 → 69029.98
2026-02-10 16:55:46,494 | INFO | Buscando preço de BTCUSDT
2026-02-10 16:55:46,754 | INFO | Variação: 0.000% | 69029.98 → 69029.98
2026-02-10 16:55:51,765 | INFO | Buscando preço de BTCUSDT
2026-02-10 16:55:52,031 | INFO | Variação: -0.002% | 69029.98 → 69028.82
2026-02-10 16:55:57,032 | INFO | Buscando preço de BTCUSDT
2026-02-10 16:55:57,285 | INFO | Variação: -0.000% | 69028.82 → 69028.81
2026-02-10 16:56:02,295 | INFO | Buscando preço de BTCUSDT
2026-02-10 16:56:02,550 | INFO | Variação: 0.000% | 69028.81 → 69028.82
2026-02-10 16:56:07,562 | INFO | Buscando preço de BTCUSDT
2026-02-10 16:56:07,820 | INFO | Variação: 0.007% | 69028.82 → 69033.62
2026-02-10 16:56:12,832 | INFO | Buscando preço de BTCUSDT
2026-02-10 16:56:13,083 | INFO | Variação: 0.004% | 69033.62 → 69036.14
2026-02-10 16:56:18,098 | INFO | Buscando preço de BTCUSDT
2026-02-10 16:56:18,369 | INFO | Variação: 0.053% | 69036.14 → 69072.84
2026-02-10 16:56:23,371 | INFO | Buscando preço de BTCUSDT
2026-02-10 16:56:23,624 | INFO | Variação: -0.010% | 69072.84 → 69066.01
2026-02-10 16:56:28,636 | INFO | Buscando preço de BTCUSDT
2026-02-10 16:56:28,906 | INFO | Variação: -0.000% | 69066.01 → 69066.0
2026-02-10 16:56:33,907 | INFO | Buscando preço de BTCUSDT
2026-02-10 16:56:34,170 | INFO | Variação: 0.000% | 69066.0 → 69066.0
2026-02-10 16:56:39,171 | INFO | Buscando preço de BTCUSDT
2026-02-10 16:56:39,434 | INFO | Variação: 0.003% | 69066.0 → 69067.97
2026-02-10 16:56:44,435 | INFO | Buscando preço de BTCUSDT
2026-02-10 16:56:44,692 | INFO | Variação: 0.000% | 69067.97 → 69067.98
2026-02-10 16:56:49,703 | INFO | Buscando preço de BTCUSDT
2026-02-10 16:56:49,966 | INFO | Variação: 0.005% | 69067.98 → 69071.47
2026-02-10 16:56:54,970 | INFO | Buscando preço de BTCUSDT
2026-02-10 16:56:55,234 | INFO | Variação: 0.000% | 69071.47 → 69071.47
2026-02-10 16:57:00,242 | INFO | Buscando preço de BTCUSDT
2026-02-10 16:57:00,502 | INFO | Variação: -0.010% | 69071.47 → 69064.45
2026-02-10 16:57:05,508 | INFO | Buscando preço de BTCUSDT
2026-02-10 16:57:05,765 | INFO | Variação: 0.012% | 69064.45 → 69072.53
2026-02-10 16:57:10,774 | INFO | Buscando preço de BTCUSDT
2026-02-10 16:57:11,032 | INFO | Variação: 0.001% | 69072.53 → 69072.96
2026-02-10 16:57:16,043 | INFO | Buscando preço de BTCUSDT
2026-02-10 16:57:16,301 | INFO | Variação: -0.010% | 69072.96 → 69065.99
2026-02-10 16:57:21,312 | INFO | Buscando preço de BTCUSDT
2026-02-10 16:57:21,574 | INFO | Variação: -0.009% | 69065.99 → 69059.96
2026-02-10 16:57:26,575 | INFO | Buscando preço de BTCUSDT
2026-02-10 16:57:26,833 | INFO | Variação: 0.006% | 69059.96 → 69064.0
2026-02-10 16:57:31,839 | INFO | Buscando preço de BTCUSDT
2026-02-10 16:57:32,098 | INFO | Variação: 0.002% | 69064.0 → 69065.7
2026-02-10 16:57:37,109 | INFO | Buscando preço de BTCUSDT
2026-02-10 16:57:37,379 | INFO | Variação: 0.000% | 69065.7 → 69065.7
2026-02-10 16:57:42,379 | INFO | Buscando preço de BTCUSDT
2026-02-10 16:57:42,645 | INFO | Variação: -0.000% | 69065.7 → 69065.69
2026-02-10 16:57:47,646 | INFO | Buscando preço de BTCUSDT
2026-02-10 16:57:47,895 | INFO | Variação: 0.004% | 69065.69 → 69068.48
2026-02-10 16:57:52,910 | INFO | Buscando preço de BTCUSDT
2026-02-10 16:57:53,161 | INFO | Variação: 0.003% | 69068.48 → 69070.48
2026-02-10 16:57:58,175 | INFO | Buscando preço de BTCUSDT
2026-02-10 16:57:58,442 | INFO | Variação: -0.005% | 69070.48 → 69067.05
2026-02-10 16:58:03,443 | INFO | Buscando preço de BTCUSDT
2026-02-10 16:58:03,692 | INFO | Variação: 0.000% | 69067.05 → 69067.05
2026-02-10 16:58:08,708 | INFO | Buscando preço de BTCUSDT
2026-02-10 16:58:08,973 | INFO | Variação: -0.022% | 69067.05 → 69052.0
2026-02-10 16:58:13,976 | INFO | Buscando preço de BTCUSDT
2026-02-10 16:58:14,238 | INFO | Variação: -0.014% | 69052.0 → 69042.34
2026-02-10 16:58:19,245 | INFO | Buscando preço de BTCUSDT
2026-02-10 16:58:19,505 | INFO | Variação: -0.014% | 69042.34 → 69032.66
2026-02-10 16:58:24,516 | INFO | Buscando preço de BTCUSDT
2026-02-10 16:58:24,781 | INFO | Variação: -0.010% | 69032.66 → 69025.43
2026-02-10 16:58:29,782 | INFO | Buscando preço de BTCUSDT
2026-02-10 16:58:30,049 | INFO | Variação: 0.007% | 69025.43 → 69030.29
2026-02-10 16:58:35,051 | INFO | Buscando preço de BTCUSDT
2026-02-10 16:58:35,316 | INFO | Variação: 0.000% | 69030.29 → 69030.3
2026-02-10 16:58:40,320 | INFO | Buscando preço de BTCUSDT
2026-02-10 16:58:40,575 | INFO | Variação: -0.014% | 69030.3 → 69020.39
2026-02-10 16:58:45,582 | INFO | Buscando preço de BTCUSDT
2026-02-10 16:58:45,843 | INFO | Variação: 0.022% | 69020.39 → 69035.57
2026-02-10 16:58:50,845 | INFO | Buscando preço de BTCUSDT
2026-02-10 16:58:51,621 | INFO | Variação: -0.014% | 69035.57 → 69025.58
2026-02-10 16:58:56,623 | INFO | Buscando preço de BTCUSDT
2026-02-10 16:58:56,878 | INFO | Variação: 0.006% | 69025.58 → 69029.98
2026-02-10 16:59:01,889 | INFO | Buscando preço de BTCUSDT
2026-02-10 16:59:02,144 | INFO | Variação: 0.008% | 69029.98 → 69035.24
2026-02-10 16:59:07,155 | INFO | Buscando preço de BTCUSDT
2026-02-10 16:59:07,410 | INFO | Variação: 0.039% | 69035.24 → 69062.18
2026-02-10 16:59:12,422 | INFO | Buscando preço de BTCUSDT
2026-02-10 16:59:12,688 | INFO | Variação: 0.000% | 69062.18 → 69062.19
2026-02-10 16:59:17,689 | INFO | Buscando preço de BTCUSDT
2026-02-10 16:59:17,940 | INFO | Variação: -0.008% | 69062.19 → 69056.76
2026-02-10 16:59:22,953 | INFO | Buscando preço de BTCUSDT
2026-02-10 16:59:23,207 | INFO | Variação: 0.025% | 69056.76 → 69073.92
2026-02-10 16:59:28,220 | INFO | Buscando preço de BTCUSDT
2026-02-10 16:59:28,473 | INFO | Variação: 0.000% | 69073.92 → 69073.92
2026-02-10 16:59:33,487 | INFO | Buscando preço de BTCUSDT
2026-02-10 16:59:33,738 | INFO | Variação: -0.011% | 69073.92 → 69066.01
2026-02-10 16:59:38,751 | INFO | Buscando preço de BTCUSDT
2026-02-10 16:59:39,013 | INFO | Variação: 0.000% | 69066.01 → 69066.01
2026-02-10 16:59:44,014 | INFO | Buscando preço de BTCUSDT
2026-02-10 16:59:44,278 | INFO | Variação: -0.002% | 69066.01 → 69064.66
2026-02-10 16:59:49,279 | INFO | Buscando preço de BTCUSDT
2026-02-10 16:59:49,534 | INFO | Variação: 0.000% | 69064.66 → 69064.67
2026-02-10 16:59:54,548 | INFO | Buscando preço de BTCUSDT
2026-02-10 16:59:54,796 | INFO | Variação: -0.004% | 69064.67 → 69062.0
2026-02-10 16:59:59,811 | INFO | Buscando preço de BTCUSDT
2026-02-10 17:00:00,073 | INFO | Variação: -0.013% | 69062.0 → 69052.94
2026-02-10 17:00:05,074 | INFO | Buscando preço de BTCUSDT
2026-02-10 17:00:05,337 | INFO | Variação: -0.019% | 69052.94 → 69040.01
2026-02-10 17:00:10,338 | INFO | Buscando preço de BTCUSDT
2026-02-10 17:00:10,598 | INFO | Variação: -0.024% | 69040.01 → 69023.36
2026-02-10 17:00:15,606 | INFO | Buscando preço de BTCUSDT
2026-02-10 17:00:15,864 | INFO | Variação: -0.012% | 69023.36 → 69015.03
2026-02-10 17:00:20,875 | INFO | Buscando preço de BTCUSDT
2026-02-10 17:00:21,128 | INFO | Variação: -0.022% | 69015.03 → 68999.88
2026-02-10 17:00:26,139 | INFO | Buscando preço de BTCUSDT
2026-02-10 17:00:26,395 | INFO | Variação: 0.005% | 68999.88 → 69003.53
2026-02-10 17:00:31,408 | INFO | Buscando preço de BTCUSDT
2026-02-10 17:00:31,661 | INFO | Variação: 0.021% | 69003.53 → 69017.96
2026-02-10 17:00:36,671 | INFO | Buscando preço de BTCUSDT
2026-02-10 17:00:37,454 | INFO | Variação: -0.063% | 69017.96 → 68974.65
2026-02-10 17:00:42,454 | INFO | Buscando preço de BTCUSDT
2026-02-10 17:00:42,717 | INFO | Variação: 0.003% | 68974.65 → 68976.99
2026-02-10 17:00:47,718 | INFO | Buscando preço de BTCUSDT
2026-02-10 17:00:47,972 | INFO | Variação: -0.010% | 68976.99 → 68970.0
2026-02-10 17:00:52,982 | INFO | Buscando preço de BTCUSDT
2026-02-10 17:00:53,237 | INFO | Variação: 0.034% | 68970.0 → 68993.47
2026-02-10 17:00:58,247 | INFO | Buscando preço de BTCUSDT
2026-02-10 17:00:58,504 | INFO | Variação: 0.077% | 68993.47 → 69046.72
2026-02-10 17:01:03,516 | INFO | Buscando preço de BTCUSDT
2026-02-10 17:01:03,769 | INFO | Variação: 0.028% | 69046.72 → 69066.05
2026-02-10 17:01:08,785 | INFO | Buscando preço de BTCUSDT
2026-02-10 17:01:09,050 | INFO | Variação: 0.019% | 69066.05 → 69079.22
2026-02-10 17:01:14,056 | INFO | Buscando preço de BTCUSDT
2026-02-10 17:01:14,317 | INFO | Variação: 0.024% | 69079.22 → 69096.0
2026-02-10 17:01:19,319 | INFO | Buscando preço de BTCUSDT
2026-02-10 17:01:19,581 | INFO | Variação: -0.001% | 69096.0 → 69095.52
2026-02-10 17:01:24,583 | INFO | Buscando preço de BTCUSDT
2026-02-10 17:01:24,841 | INFO | Variação: 0.024% | 69095.52 → 69112.43
2026-02-10 17:01:29,851 | INFO | Buscando preço de BTCUSDT
2026-02-10 17:01:30,116 | INFO | Variação: 0.021% | 69112.43 → 69126.95
2026-02-10 17:01:35,117 | INFO | Buscando preço de BTCUSDT
2026-02-10 17:01:35,382 | INFO | Variação: -0.013% | 69126.95 → 69118.19
2026-02-10 17:01:40,384 | INFO | Buscando preço de BTCUSDT
2026-02-10 17:01:40,645 | INFO | Variação: -0.044% | 69118.19 → 69087.85
2026-02-10 17:01:45,650 | INFO | Buscando preço de BTCUSDT
2026-02-10 17:01:45,903 | INFO | Variação: -0.028% | 69087.85 → 69068.81
2026-02-10 17:01:50,914 | INFO | Buscando preço de BTCUSDT
2026-02-10 17:01:51,176 | INFO | Variação: 0.000% | 69068.81 → 69068.81
2026-02-10 17:01:56,185 | INFO | Buscando preço de BTCUSDT
2026-02-10 17:01:56,436 | INFO | Variação: 0.019% | 69068.81 → 69081.82
2026-02-10 17:02:01,451 | INFO | Buscando preço de BTCUSDT
2026-02-10 17:02:01,707 | INFO | Variação: -0.025% | 69081.82 → 69064.41
2026-02-10 17:02:06,718 | INFO | Buscando preço de BTCUSDT
2026-02-10 17:02:06,983 | INFO | Variação: 0.012% | 69064.41 → 69072.64
2026-02-10 17:02:11,985 | INFO | Buscando preço de BTCUSDT
2026-02-10 17:02:12,261 | INFO | Variação: -0.011% | 69072.64 → 69064.78
2026-02-10 17:02:17,264 | INFO | Buscando preço de BTCUSDT
2026-02-10 17:02:17,518 | INFO | Variação: -0.008% | 69064.78 → 69059.01
2026-02-10 17:02:22,530 | INFO | Buscando preço de BTCUSDT
2026-02-10 17:02:22,796 | INFO | Variação: -0.004% | 69059.01 → 69056.33
2026-02-10 17:02:27,797 | INFO | Buscando preço de BTCUSDT
2026-02-10 17:02:28,082 | INFO | Variação: -0.031% | 69056.33 → 69034.61
2026-02-10 17:02:33,083 | INFO | Buscando preço de BTCUSDT
2026-02-10 17:02:33,863 | INFO | Variação: 0.018% | 69034.61 → 69046.8
2026-02-10 17:02:38,873 | INFO | Buscando preço de BTCUSDT
2026-02-10 17:02:39,128 | INFO | Variação: -0.018% | 69046.8 → 69034.6
2026-02-10 17:02:44,142 | INFO | Buscando preço de BTCUSDT
2026-02-10 17:02:44,402 | INFO | Variação: 0.000% | 69034.6 → 69034.6
2026-02-10 17:02:49,407 | INFO | Buscando preço de BTCUSDT
2026-02-10 17:02:49,673 | INFO | Variação: 0.000% | 69034.6 → 69034.6
2026-02-10 17:02:54,675 | INFO | Buscando preço de BTCUSDT
2026-02-10 17:02:54,938 | INFO | Variação: 0.000% | 69034.6 → 69034.61
2026-02-10 17:02:59,943 | INFO | Buscando preço de BTCUSDT
2026-02-10 17:03:00,207 | INFO | Variação: -0.000% | 69034.61 → 69034.6
2026-02-10 17:03:05,209 | INFO | Buscando preço de BTCUSDT
2026-02-10 17:03:05,473 | INFO | Variação: 0.000% | 69034.6 → 69034.61
2026-02-10 17:03:10,476 | INFO | Buscando preço de BTCUSDT
2026-02-10 17:03:10,739 | INFO | Variação: -0.081% | 69034.61 → 68978.72
2026-02-10 17:03:15,740 | INFO | Buscando preço de BTCUSDT
2026-02-10 17:03:16,005 | INFO | Variação: -0.011% | 68978.72 → 68970.97
2026-02-10 17:03:21,007 | INFO | Buscando preço de BTCUSDT
2026-02-10 17:03:21,269 | INFO | Variação: 0.006% | 68970.97 → 68974.99
2026-02-10 17:03:26,274 | INFO | Buscando preço de BTCUSDT
2026-02-10 17:03:26,535 | INFO | Variação: 0.001% | 68974.99 → 68975.8
2026-02-10 17:03:31,542 | INFO | Buscando preço de BTCUSDT
2026-02-10 17:03:31,808 | INFO | Variação: -0.007% | 68975.8 → 68970.97
2026-02-10 17:03:36,809 | INFO | Buscando preço de BTCUSDT
2026-02-10 17:03:37,075 | INFO | Variação: 0.000% | 68970.97 → 68971.19
2026-02-10 17:03:42,076 | INFO | Buscando preço de BTCUSDT
2026-02-10 17:03:42,346 | INFO | Variação: -0.000% | 68971.19 → 68970.96
2026-02-10 17:03:47,347 | INFO | Buscando preço de BTCUSDT
2026-02-10 17:03:47,614 | INFO | Variação: 0.016% | 68970.96 → 68981.84
2026-02-10 17:03:52,616 | INFO | Buscando preço de BTCUSDT
2026-02-10 17:03:52,864 | INFO | Variação: -0.007% | 68981.84 → 68977.02
2026-02-10 17:03:57,879 | INFO | Buscando preço de BTCUSDT
2026-02-10 17:03:58,144 | INFO | Variação: 0.017% | 68977.02 → 68989.03
2026-02-10 17:04:03,147 | INFO | Buscando preço de BTCUSDT
2026-02-10 17:04:03,413 | INFO | Variação: 0.008% | 68989.03 → 68994.38
2026-02-10 17:04:08,415 | INFO | Buscando preço de BTCUSDT
2026-02-10 17:04:08,682 | INFO | Variação: 0.004% | 68994.38 → 68997.17
2026-02-10 17:04:13,683 | INFO | Buscando preço de BTCUSDT
2026-02-10 17:04:13,940 | INFO | Variação: 0.001% | 68997.17 → 68997.58
2026-02-10 17:04:18,953 | INFO | Buscando preço de BTCUSDT
2026-02-10 17:04:19,207 | INFO | Variação: -0.011% | 68997.58 → 68990.01
2026-02-10 17:04:24,220 | INFO | Buscando preço de BTCUSDT
2026-02-10 17:04:24,485 | INFO | Variação: -0.009% | 68990.01 → 68983.69
2026-02-10 17:04:29,486 | INFO | Buscando preço de BTCUSDT
2026-02-10 17:04:30,254 | INFO | Variação: -0.000% | 68983.69 → 68983.68
2026-02-10 17:04:35,270 | INFO | Buscando preço de BTCUSDT
2026-02-10 17:04:35,532 | INFO | Variação: 0.006% | 68983.68 → 68988.0
2026-02-10 17:04:40,534 | INFO | Buscando preço de BTCUSDT
2026-02-10 17:04:40,799 | INFO | Variação: -0.000% | 68988.0 → 68987.99
2026-02-10 17:04:42,637 | INFO | Bot encerrado manualmente (Ctrl + C)
2026-02-10 17:04:46,511 | INFO | Bot iniciado (SIMULAÇÃO)
2026-02-10 17:04:46,511 | INFO | Criando cliente da Binance
2026-02-10 17:04:47,816 | INFO | Buscando preço de BTCUSDT
2026-02-10 17:04:48,083 | INFO | Preço inicial BTCUSDT: 68984.7
2026-02-10 17:04:53,092 | INFO | Buscando preço de BTCUSDT
2026-02-10 17:04:53,348 | INFO | Variação: -0.000% | 68984.7 → 68984.69
2026-02-10 17:04:58,359 | INFO | Buscando preço de BTCUSDT
2026-02-10 17:04:58,615 | INFO | Variação: 0.014% | 68984.69 → 68994.37
2026-02-10 17:05:03,626 | INFO | Buscando preço de BTCUSDT
2026-02-10 17:05:03,878 | INFO | Variação: -0.005% | 68994.37 → 68990.82
2026-02-10 17:05:08,890 | INFO | Buscando preço de BTCUSDT
2026-02-10 17:05:09,144 | INFO | Variação: 0.005% | 68990.82 → 68994.37
2026-02-10 17:05:14,155 | INFO | Buscando preço de BTCUSDT
2026-02-10 17:05:14,412 | INFO | Variação: 0.035% | 68994.37 → 69018.56
2026-02-10 17:05:14,412 | WARNING | 🟢 COMPRA SIMULADA | BTCUSDT a 69018.56
2026-02-10 17:05:19,421 | INFO | Buscando preço de BTCUSDT
2026-02-10 17:05:19,675 | INFO | Variação: 0.028% | 69018.56 → 69037.61
2026-02-10 17:05:24,685 | INFO | Buscando preço de BTCUSDT
2026-02-10 17:05:24,941 | INFO | Variação: -0.006% | 69037.61 → 69033.77
2026-02-10 17:05:29,952 | INFO | Buscando preço de BTCUSDT
2026-02-10 17:05:30,207 | INFO | Variação: -0.002% | 69033.77 → 69032.62
2026-02-10 17:05:35,219 | INFO | Buscando preço de BTCUSDT
2026-02-10 17:05:35,476 | INFO | Variação: 0.021% | 69032.62 → 69047.37
2026-02-10 17:05:40,487 | INFO | Buscando preço de BTCUSDT
2026-02-10 17:05:40,757 | INFO | Variação: 0.000% | 69047.37 → 69047.37
2026-02-10 17:05:45,759 | INFO | Buscando preço de BTCUSDT
2026-02-10 17:05:46,023 | INFO | Variação: -0.004% | 69047.37 → 69044.38
2026-02-10 17:05:51,027 | INFO | Buscando preço de BTCUSDT
2026-02-10 17:05:51,290 | INFO | Variação: -0.014% | 69044.38 → 69034.6
2026-02-10 17:05:56,291 | INFO | Buscando preço de BTCUSDT
2026-02-10 17:05:56,550 | INFO | Variação: 0.014% | 69034.6 → 69043.99
2026-02-10 17:06:01,562 | INFO | Buscando preço de BTCUSDT
2026-02-10 17:06:01,832 | INFO | Variação: 0.000% | 69043.99 → 69044.0
2026-02-10 17:06:06,834 | INFO | Buscando preço de BTCUSDT
2026-02-10 17:06:07,097 | INFO | Variação: -0.016% | 69044.0 → 69032.85
2026-02-10 17:06:12,098 | INFO | Buscando preço de BTCUSDT
2026-02-10 17:06:12,363 | INFO | Variação: 0.000% | 69032.85 → 69032.85
2026-02-10 17:06:17,376 | INFO | Buscando preço de BTCUSDT
2026-02-10 17:06:17,639 | INFO | Variação: 0.000% | 69032.85 → 69032.85
2026-02-10 17:06:22,640 | INFO | Buscando preço de BTCUSDT
2026-02-10 17:06:22,906 | INFO | Variação: 0.014% | 69032.85 → 69042.52
2026-02-10 17:06:27,908 | INFO | Buscando preço de BTCUSDT
2026-02-10 17:06:28,169 | INFO | Variação: -0.000% | 69042.52 → 69042.49
2026-02-10 17:06:33,171 | INFO | Buscando preço de BTCUSDT
2026-02-10 17:06:33,432 | INFO | Variação: -0.057% | 69042.49 → 69003.05
2026-02-10 17:06:33,432 | WARNING | 🔴 VENDA SIMULADA | BTCUSDT a 69003.05 | Resultado: -15.51
2026-02-10 17:06:38,435 | INFO | Buscando preço de BTCUSDT
2026-02-10 17:06:38,697 | INFO | Variação: 0.008% | 69003.05 → 69008.84
2026-02-10 17:06:43,699 | INFO | Buscando preço de BTCUSDT
2026-02-10 17:06:43,960 | INFO | Variação: 0.006% | 69008.84 → 69013.04
2026-02-10 17:06:48,962 | INFO | Buscando preço de BTCUSDT
2026-02-10 17:06:49,224 | INFO | Variação: 0.013% | 69013.04 → 69021.84
2026-02-10 17:06:54,226 | INFO | Buscando preço de BTCUSDT
2026-02-10 17:06:54,492 | INFO | Variação: 0.012% | 69021.84 → 69030.0
2026-02-10 17:06:59,493 | INFO | Buscando preço de BTCUSDT
2026-02-10 17:06:59,756 | INFO | Variação: -0.004% | 69030.0 → 69027.51
2026-02-10 17:07:04,758 | INFO | Buscando preço de BTCUSDT
2026-02-10 17:07:05,023 | INFO | Variação: -0.037% | 69027.51 → 69002.25
2026-02-10 17:07:10,025 | INFO | Buscando preço de BTCUSDT
2026-02-10 17:07:10,291 | INFO | Variação: 0.017% | 69002.25 → 69013.78
2026-02-10 17:07:15,291 | INFO | Buscando preço de BTCUSDT
2026-02-10 17:07:15,551 | INFO | Variação: -0.018% | 69013.78 → 69001.25
2026-02-10 17:07:20,558 | INFO | Buscando preço de BTCUSDT
2026-02-10 17:07:20,816 | INFO | Variação: -0.006% | 69001.25 → 68997.01
2026-02-10 17:07:25,828 | INFO | Buscando preço de BTCUSDT
2026-02-10 17:07:26,089 | INFO | Variação: -0.001% | 68997.01 → 68996.46
2026-02-10 17:07:31,098 | INFO | Buscando preço de BTCUSDT
2026-02-10 17:07:31,349 | INFO | Variação: -0.000% | 68996.46 → 68996.45
2026-02-10 17:07:36,365 | INFO | Buscando preço de BTCUSDT
2026-02-10 17:07:36,631 | INFO | Variação: -0.022% | 68996.45 → 68981.33
2026-02-10 17:07:41,633 | INFO | Buscando preço de BTCUSDT
2026-02-10 17:07:41,898 | INFO | Variação: 0.007% | 68981.33 → 68986.16
2026-02-10 17:07:46,899 | INFO | Buscando preço de BTCUSDT
2026-02-10 17:07:47,170 | INFO | Variação: 0.000% | 68986.16 → 68986.17
2026-02-10 17:07:52,170 | INFO | Buscando preço de BTCUSDT
2026-02-10 17:07:52,425 | INFO | Variação: -0.049% | 68986.17 → 68952.17
2026-02-10 17:07:57,434 | INFO | Buscando preço de BTCUSDT
2026-02-10 17:07:57,697 | INFO | Variação: 0.000% | 68952.17 → 68952.17
2026-02-10 17:08:02,698 | INFO | Buscando preço de BTCUSDT
2026-02-10 17:08:02,966 | INFO | Variação: 0.025% | 68952.17 → 68969.68
2026-02-10 17:08:02,966 | WARNING | 🟢 COMPRA SIMULADA | BTCUSDT a 68969.68
2026-02-10 17:08:07,969 | INFO | Buscando preço de BTCUSDT
2026-02-10 17:08:08,234 | INFO | Variação: 0.045% | 68969.68 → 69001.05
2026-02-10 17:08:13,236 | INFO | Buscando preço de BTCUSDT
2026-02-10 17:08:13,489 | INFO | Variação: -0.013% | 69001.05 → 68992.01
2026-02-10 17:08:18,502 | INFO | Buscando preço de BTCUSDT
2026-02-10 17:08:18,765 | INFO | Variação: 0.030% | 68992.01 → 69012.76
2026-02-10 17:08:23,766 | INFO | Buscando preço de BTCUSDT
2026-02-10 17:08:24,029 | INFO | Variação: 0.013% | 69012.76 → 69021.75
2026-02-10 17:08:29,030 | INFO | Buscando preço de BTCUSDT
2026-02-10 17:08:29,285 | INFO | Variação: -0.000% | 69021.75 → 69021.74
2026-02-10 17:08:34,297 | INFO | Buscando preço de BTCUSDT
2026-02-10 17:08:34,552 | INFO | Variação: 0.000% | 69021.74 → 69021.74
2026-02-10 17:08:39,563 | INFO | Buscando preço de BTCUSDT
2026-02-10 17:08:39,817 | INFO | Variação: 0.000% | 69021.74 → 69021.74
2026-02-10 17:08:44,829 | INFO | Buscando preço de BTCUSDT
2026-02-10 17:08:45,095 | INFO | Variação: -0.037% | 69021.74 → 68996.0
2026-02-10 17:08:45,095 | WARNING | 🔴 VENDA SIMULADA | BTCUSDT a 68996.0 | Resultado: 26.32
2026-02-10 17:08:50,101 | INFO | Buscando preço de BTCUSDT
2026-02-10 17:08:50,363 | INFO | Variação: 0.009% | 68996.0 → 69001.98
2026-02-10 17:08:55,367 | INFO | Buscando preço de BTCUSDT
2026-02-10 17:08:55,630 | INFO | Variação: 0.000% | 69001.98 → 69001.98
2026-02-10 17:09:00,635 | INFO | Buscando preço de BTCUSDT
2026-02-10 17:09:00,894 | INFO | Variação: 0.000% | 69001.98 → 69001.98
2026-02-10 17:09:05,905 | INFO | Buscando preço de BTCUSDT
2026-02-10 17:09:06,159 | INFO | Variação: -0.000% | 69001.98 → 69001.93
2026-02-10 17:09:11,173 | INFO | Buscando preço de BTCUSDT
2026-02-10 17:09:11,426 | INFO | Variação: -0.000% | 69001.93 → 69001.92
2026-02-10 17:09:16,439 | INFO | Buscando preço de BTCUSDT
2026-02-10 17:09:16,705 | INFO | Variação: 0.000% | 69001.92 → 69001.93
2026-02-10 17:09:21,707 | INFO | Buscando preço de BTCUSDT
2026-02-10 17:09:21,974 | INFO | Variação: -0.014% | 69001.93 → 68992.01
2026-02-10 17:09:26,976 | INFO | Buscando preço de BTCUSDT
2026-02-10 17:09:27,225 | INFO | Variação: 0.007% | 68992.01 → 68996.84
2026-02-10 17:09:32,242 | INFO | Buscando preço de BTCUSDT
2026-02-10 17:09:32,507 | INFO | Variação: -0.003% | 68996.84 → 68994.63
2026-02-10 17:09:37,509 | INFO | Buscando preço de BTCUSDT
2026-02-10 17:09:37,774 | INFO | Variação: 0.006% | 68994.63 → 68998.56
2026-02-10 17:09:42,781 | INFO | Buscando preço de BTCUSDT
2026-02-10 17:09:43,054 | INFO | Variação: -0.038% | 68998.56 → 68972.0
2026-02-10 17:09:48,059 | INFO | Buscando preço de BTCUSDT
2026-02-10 17:09:48,325 | INFO | Variação: -0.014% | 68972.0 → 68962.34
2026-02-10 17:09:53,326 | INFO | Buscando preço de BTCUSDT
2026-02-10 17:09:53,582 | INFO | Variação: 0.000% | 68962.34 → 68962.34
2026-02-10 17:09:58,593 | INFO | Buscando preço de BTCUSDT
2026-02-10 17:09:58,858 | INFO | Variação: 0.008% | 68962.34 → 68967.67
2026-02-10 17:10:03,860 | INFO | Buscando preço de BTCUSDT
2026-02-10 17:10:04,128 | INFO | Variação: -0.005% | 68967.67 → 68964.51
2026-02-10 17:10:09,132 | INFO | Buscando preço de BTCUSDT
2026-02-10 17:10:09,394 | INFO | Variação: -0.004% | 68964.51 → 68961.51
2026-02-10 17:10:14,401 | INFO | Buscando preço de BTCUSDT
2026-02-10 17:10:14,660 | INFO | Variação: 0.007% | 68961.51 → 68966.0
2026-02-10 17:10:19,668 | INFO | Buscando preço de BTCUSDT
2026-02-10 17:10:19,930 | INFO | Variação: 0.035% | 68966.0 → 68990.14
2026-02-10 17:10:19,930 | WARNING | 🟢 COMPRA SIMULADA | BTCUSDT a 68990.14
2026-02-10 17:10:24,932 | INFO | Buscando preço de BTCUSDT
2026-02-10 17:10:25,207 | INFO | Variação: -0.007% | 68990.14 → 68985.31
2026-02-10 17:10:30,216 | INFO | Buscando preço de BTCUSDT
2026-02-10 17:10:30,473 | INFO | Variação: 0.000% | 68985.31 → 68985.32
2026-02-10 17:10:35,486 | INFO | Buscando preço de BTCUSDT
2026-02-10 17:10:35,738 | INFO | Variação: -0.010% | 68985.32 → 68978.72
2026-02-10 17:10:40,754 | INFO | Buscando preço de BTCUSDT
2026-02-10 17:10:41,005 | INFO | Variação: -0.025% | 68978.72 → 68961.36
2026-02-10 17:10:41,021 | WARNING | 🔴 VENDA SIMULADA | BTCUSDT a 68961.36 | Resultado: -28.78
2026-02-10 17:10:46,021 | INFO | Buscando preço de BTCUSDT
2026-02-10 17:10:46,286 | INFO | Variação: 0.004% | 68961.36 → 68963.99
2026-02-10 17:10:51,294 | INFO | Buscando preço de BTCUSDT
2026-02-10 17:10:51,549 | INFO | Variação: -0.035% | 68963.99 → 68940.0
2026-02-10 17:10:56,561 | INFO | Buscando preço de BTCUSDT
2026-02-10 17:10:56,817 | INFO | Variação: -0.004% | 68940.0 → 68937.3
2026-02-10 17:11:01,830 | INFO | Buscando preço de BTCUSDT
2026-02-10 17:11:02,096 | INFO | Variação: -0.041% | 68937.3 → 68908.96
2026-02-10 17:11:07,098 | INFO | Buscando preço de BTCUSDT
2026-02-10 17:11:07,364 | INFO | Variação: -0.045% | 68908.96 → 68878.14
2026-02-10 17:11:12,364 | INFO | Buscando preço de BTCUSDT
2026-02-10 17:11:12,629 | INFO | Variação: 0.013% | 68878.14 → 68887.0
2026-02-10 17:11:17,631 | INFO | Buscando preço de BTCUSDT
2026-02-10 17:11:17,887 | INFO | Variação: -0.019% | 68887.0 → 68874.1
2026-02-10 17:11:22,897 | INFO | Buscando preço de BTCUSDT
2026-02-10 17:11:23,145 | INFO | Variação: -0.011% | 68874.1 → 68866.24
2026-02-10 17:11:28,161 | INFO | Buscando preço de BTCUSDT
2026-02-10 17:11:28,426 | INFO | Variação: -0.004% | 68866.24 → 68863.68
2026-02-10 17:11:33,427 | INFO | Buscando preço de BTCUSDT
2026-02-10 17:11:33,693 | INFO | Variação: -0.017% | 68863.68 → 68852.01
2026-02-10 17:11:38,695 | INFO | Buscando preço de BTCUSDT
2026-02-10 17:11:38,957 | INFO | Variação: 0.007% | 68852.01 → 68856.87
2026-02-10 17:11:43,961 | INFO | Buscando preço de BTCUSDT
2026-02-10 17:11:44,222 | INFO | Variação: 0.008% | 68856.87 → 68862.08
2026-02-10 17:11:49,228 | INFO | Buscando preço de BTCUSDT
2026-02-10 17:11:49,498 | INFO | Variação: 0.005% | 68862.08 → 68865.47
2026-02-10 17:11:54,499 | INFO | Buscando preço de BTCUSDT
2026-02-10 17:11:54,758 | INFO | Variação: -0.008% | 68865.47 → 68859.68
2026-02-10 17:11:59,766 | INFO | Buscando preço de BTCUSDT
2026-02-10 17:12:00,037 | INFO | Variação: 0.007% | 68859.68 → 68864.82
2026-02-10 17:12:05,038 | INFO | Buscando preço de BTCUSDT
2026-02-10 17:12:05,295 | INFO | Variação: 0.000% | 68864.82 → 68864.82
2026-02-10 17:12:10,307 | INFO | Buscando preço de BTCUSDT
2026-02-10 17:12:10,573 | INFO | Variação: -0.001% | 68864.82 → 68864.46
2026-02-10 17:12:15,574 | INFO | Buscando preço de BTCUSDT
2026-02-10 17:12:16,365 | INFO | Variação: -0.004% | 68864.46 → 68862.01
2026-02-10 17:12:21,366 | INFO | Buscando preço de BTCUSDT
2026-02-10 17:12:21,625 | INFO | Variação: -0.045% | 68862.01 → 68831.33
2026-02-10 17:12:26,635 | INFO | Buscando preço de BTCUSDT
2026-02-10 17:12:26,905 | INFO | Variação: -0.074% | 68831.33 → 68780.45
2026-02-10 17:12:29,390 | INFO | Bot encerrado manualmente (Ctrl + C)
2026-02-10 17:14:20,383 | INFO | Bot iniciado (SIMULAÇÃO)
2026-02-10 17:14:20,384 | INFO | Criando cliente da Binance
2026-02-10 17:14:21,665 | INFO | Buscando preço de BTCUSDT
2026-02-10 17:14:21,926 | INFO | Preço inicial BTCUSDT: 68770.41
2026-02-10 17:14:26,938 | INFO | Buscando preço de BTCUSDT
2026-02-10 17:14:27,191 | INFO | Variação: -0.004% | 68770.41 → 68768.0
2026-02-10 17:14:32,205 | INFO | Buscando preço de BTCUSDT
2026-02-10 17:14:32,469 | INFO | Variação: -0.007% | 68768.0 → 68763.46
2026-02-10 17:14:37,471 | INFO | Buscando preço de BTCUSDT
2026-02-10 17:14:37,738 | INFO | Variação: -0.008% | 68763.46 → 68758.0
2026-02-10 17:14:42,739 | INFO | Buscando preço de BTCUSDT
2026-02-10 17:14:43,005 | INFO | Variação: 0.000% | 68758.0 → 68758.01
2026-02-10 17:14:48,008 | INFO | Buscando preço de BTCUSDT
2026-02-10 17:14:48,275 | INFO | Variação: 0.004% | 68758.01 → 68760.86
2026-02-10 17:14:53,276 | INFO | Buscando preço de BTCUSDT
2026-02-10 17:14:53,537 | INFO | Variação: 0.000% | 68760.86 → 68760.86
2026-02-10 17:14:58,539 | INFO | Buscando preço de BTCUSDT
2026-02-10 17:14:58,804 | INFO | Variação: -0.000% | 68760.86 → 68760.85
2026-02-10 17:15:03,805 | INFO | Buscando preço de BTCUSDT
2026-02-10 17:15:04,068 | INFO | Variação: 0.000% | 68760.85 → 68760.86
2026-02-10 17:15:09,069 | INFO | Buscando preço de BTCUSDT
2026-02-10 17:15:09,317 | INFO | Variação: 0.010% | 68760.86 → 68767.93
2026-02-10 17:15:14,332 | INFO | Buscando preço de BTCUSDT
2026-02-10 17:15:14,601 | INFO | Variação: 0.027% | 68767.93 → 68786.31
2026-02-10 17:15:14,602 | WARNING | 🟢 COMPRA SIMULADA | BTCUSDT a 68786.31
2026-02-10 17:15:19,603 | INFO | Buscando preço de BTCUSDT
2026-02-10 17:15:19,866 | INFO | Variação: -0.004% | 68786.31 → 68783.31
2026-02-10 17:15:19,866 | INFO | Resultado da posição: -0.00%
2026-02-10 17:15:24,867 | INFO | Buscando preço de BTCUSDT
2026-02-10 17:15:25,133 | INFO | Variação: -0.005% | 68783.31 → 68779.98
2026-02-10 17:15:25,133 | INFO | Resultado da posição: -0.01%
2026-02-10 17:15:30,135 | INFO | Buscando preço de BTCUSDT
2026-02-10 17:15:30,396 | INFO | Variação: -0.006% | 68779.98 → 68776.02
2026-02-10 17:15:30,397 | INFO | Resultado da posição: -0.01%
2026-02-10 17:15:35,398 | INFO | Buscando preço de BTCUSDT
2026-02-10 17:15:35,663 | INFO | Variação: -0.000% | 68776.02 → 68776.01
2026-02-10 17:15:35,663 | INFO | Resultado da posição: -0.01%
2026-02-10 17:15:40,665 | INFO | Buscando preço de BTCUSDT
2026-02-10 17:15:40,930 | INFO | Variação: 0.000% | 68776.01 → 68776.02
2026-02-10 17:15:40,931 | INFO | Resultado da posição: -0.01%
2026-02-10 17:15:45,932 | INFO | Buscando preço de BTCUSDT
2026-02-10 17:15:46,197 | INFO | Variação: 0.040% | 68776.02 → 68803.37
2026-02-10 17:15:46,198 | INFO | Resultado da posição: 0.02%
2026-02-10 17:15:51,199 | INFO | Buscando preço de BTCUSDT
2026-02-10 17:15:51,462 | INFO | Variação: 0.000% | 68803.37 → 68803.37
2026-02-10 17:15:51,462 | INFO | Resultado da posição: 0.02%
2026-02-10 17:15:56,464 | INFO | Buscando preço de BTCUSDT
2026-02-10 17:15:56,729 | INFO | Variação: -0.000% | 68803.37 → 68803.36
2026-02-10 17:15:56,729 | INFO | Resultado da posição: 0.02%
2026-02-10 17:16:01,731 | INFO | Buscando preço de BTCUSDT
2026-02-10 17:16:01,994 | INFO | Variação: 0.025% | 68803.36 → 68820.28
2026-02-10 17:16:01,995 | INFO | Resultado da posição: 0.05%
2026-02-10 17:16:06,996 | INFO | Buscando preço de BTCUSDT
2026-02-10 17:16:07,271 | INFO | Variação: 0.034% | 68820.28 → 68843.63
2026-02-10 17:16:07,271 | INFO | Resultado da posição: 0.08%
2026-02-10 17:16:12,272 | INFO | Buscando preço de BTCUSDT
2026-02-10 17:16:12,520 | INFO | Variação: 0.014% | 68843.63 → 68853.14
2026-02-10 17:16:12,520 | INFO | Resultado da posição: 0.10%
2026-02-10 17:16:17,535 | INFO | Buscando preço de BTCUSDT
2026-02-10 17:16:17,802 | INFO | Variação: 0.025% | 68853.14 → 68870.17
2026-02-10 17:16:17,803 | INFO | Resultado da posição: 0.12%
2026-02-10 17:16:22,803 | INFO | Buscando preço de BTCUSDT
2026-02-10 17:16:23,072 | INFO | Variação: -0.012% | 68870.17 → 68862.01
2026-02-10 17:16:23,072 | INFO | Resultado da posição: 0.11%
2026-02-10 17:16:28,074 | INFO | Buscando preço de BTCUSDT
2026-02-10 17:16:28,335 | INFO | Variação: -0.008% | 68862.01 → 68856.19
2026-02-10 17:16:28,336 | INFO | Resultado da posição: 0.10%
2026-02-10 17:16:33,337 | INFO | Buscando preço de BTCUSDT
2026-02-10 17:16:33,603 | INFO | Variação: -0.013% | 68856.19 → 68847.53
2026-02-10 17:16:33,603 | INFO | Resultado da posição: 0.09%
2026-02-10 17:16:38,604 | INFO | Buscando preço de BTCUSDT
2026-02-10 17:16:38,858 | INFO | Variação: -0.051% | 68847.53 → 68812.43
2026-02-10 17:16:38,858 | INFO | Resultado da posição: 0.04%
2026-02-10 17:16:43,868 | INFO | Buscando preço de BTCUSDT
2026-02-10 17:16:44,125 | INFO | Variação: -0.043% | 68812.43 → 68782.84
2026-02-10 17:16:44,125 | INFO | Resultado da posição: -0.01%
2026-02-10 17:16:49,138 | INFO | Buscando preço de BTCUSDT
2026-02-10 17:16:49,395 | INFO | Variação: -0.004% | 68782.84 → 68780.32
2026-02-10 17:16:49,395 | INFO | Resultado da posição: -0.01%
2026-02-10 17:16:54,409 | INFO | Buscando preço de BTCUSDT
2026-02-10 17:16:54,676 | INFO | Variação: -0.018% | 68780.32 → 68768.16
2026-02-10 17:16:54,676 | INFO | Resultado da posição: -0.03%
2026-02-10 17:16:59,678 | INFO | Buscando preço de BTCUSDT
2026-02-10 17:16:59,944 | INFO | Variação: 0.009% | 68768.16 → 68774.37
2026-02-10 17:16:59,944 | INFO | Resultado da posição: -0.02%
2026-02-10 17:17:04,946 | INFO | Buscando preço de BTCUSDT
2026-02-10 17:17:05,206 | INFO | Variação: 0.037% | 68774.37 → 68799.8
2026-02-10 17:17:05,206 | INFO | Resultado da posição: 0.02%
2026-02-10 17:17:10,212 | INFO | Buscando preço de BTCUSDT
2026-02-10 17:17:10,472 | INFO | Variação: 0.009% | 68799.8 → 68805.99
2026-02-10 17:17:10,472 | INFO | Resultado da posição: 0.03%
2026-02-10 17:17:15,480 | INFO | Buscando preço de BTCUSDT
2026-02-10 17:17:15,735 | INFO | Variação: 0.020% | 68805.99 → 68820.07
2026-02-10 17:17:15,735 | INFO | Resultado da posição: 0.05%
2026-02-10 17:17:20,750 | INFO | Buscando preço de BTCUSDT
2026-02-10 17:17:21,016 | INFO | Variação: -0.016% | 68820.07 → 68809.02
2026-02-10 17:17:21,017 | INFO | Resultado da posição: 0.03%
2026-02-10 17:17:26,018 | INFO | Buscando preço de BTCUSDT
2026-02-10 17:17:26,289 | INFO | Variação: 0.000% | 68809.02 → 68809.03
2026-02-10 17:17:26,290 | INFO | Resultado da posição: 0.03%
2026-02-10 17:17:31,291 | INFO | Buscando preço de BTCUSDT
2026-02-10 17:17:31,558 | INFO | Variação: 0.075% | 68809.03 → 68860.41
2026-02-10 17:17:31,558 | INFO | Resultado da posição: 0.11%
2026-02-10 17:17:36,559 | INFO | Buscando preço de BTCUSDT
2026-02-10 17:17:36,824 | INFO | Variação: 0.010% | 68860.41 → 68867.12
2026-02-10 17:17:36,825 | INFO | Resultado da posição: 0.12%
2026-02-10 17:17:41,826 | INFO | Buscando preço de BTCUSDT
2026-02-10 17:17:42,089 | INFO | Variação: 0.000% | 68867.12 → 68867.12
2026-02-10 17:17:42,089 | INFO | Resultado da posição: 0.12%
2026-02-10 17:17:47,091 | INFO | Buscando preço de BTCUSDT
2026-02-10 17:17:47,357 | INFO | Variação: -0.008% | 68867.12 → 68861.66
2026-02-10 17:17:47,358 | INFO | Resultado da posição: 0.11%
2026-02-10 17:17:52,359 | INFO | Buscando preço de BTCUSDT
2026-02-10 17:17:52,624 | INFO | Variação: 0.000% | 68861.66 → 68861.66
2026-02-10 17:17:52,624 | INFO | Resultado da posição: 0.11%
2026-02-10 17:17:57,625 | INFO | Buscando preço de BTCUSDT
2026-02-10 17:17:57,891 | INFO | Variação: -0.023% | 68861.66 → 68846.04
2026-02-10 17:17:57,892 | INFO | Resultado da posição: 0.09%
2026-02-10 17:18:02,894 | INFO | Buscando preço de BTCUSDT
2026-02-10 17:18:03,161 | INFO | Variação: -0.032% | 68846.04 → 68823.77
2026-02-10 17:18:03,161 | INFO | Resultado da posição: 0.05%
2026-02-10 17:18:08,162 | INFO | Buscando preço de BTCUSDT
2026-02-10 17:18:08,425 | INFO | Variação: -0.000% | 68823.77 → 68823.54
2026-02-10 17:18:08,425 | INFO | Resultado da posição: 0.05%
2026-02-10 17:18:13,430 | INFO | Buscando preço de BTCUSDT
2026-02-10 17:18:13,697 | INFO | Variação: 0.000% | 68823.54 → 68823.54
2026-02-10 17:18:13,697 | INFO | Resultado da posição: 0.05%
2026-02-10 17:18:18,698 | INFO | Buscando preço de BTCUSDT
2026-02-10 17:18:18,963 | INFO | Variação: 0.036% | 68823.54 → 68847.99
2026-02-10 17:18:18,963 | INFO | Resultado da posição: 0.09%
2026-02-10 17:18:23,965 | INFO | Buscando preço de BTCUSDT
2026-02-10 17:18:24,231 | INFO | Variação: 0.017% | 68847.99 → 68860.0
2026-02-10 17:18:24,232 | INFO | Resultado da posição: 0.11%
2026-02-10 17:18:29,233 | INFO | Buscando preço de BTCUSDT
2026-02-10 17:18:29,495 | INFO | Variação: -0.009% | 68860.0 → 68854.0
2026-02-10 17:18:29,495 | INFO | Resultado da posição: 0.10%
2026-02-10 17:18:34,497 | INFO | Buscando preço de BTCUSDT
2026-02-10 17:18:34,765 | INFO | Variação: 0.002% | 68854.0 → 68855.45
2026-02-10 17:18:34,765 | INFO | Resultado da posição: 0.10%
2026-02-10 17:18:39,766 | INFO | Buscando preço de BTCUSDT
2026-02-10 17:18:40,036 | INFO | Variação: -0.011% | 68855.45 → 68848.01
2026-02-10 17:18:40,037 | INFO | Resultado da posição: 0.09%
2026-02-10 17:18:45,037 | INFO | Buscando preço de BTCUSDT
2026-02-10 17:18:45,297 | INFO | Variação: 0.000% | 68848.01 → 68848.02
2026-02-10 17:18:45,297 | INFO | Resultado da posição: 0.09%
2026-02-10 17:18:50,305 | INFO | Buscando preço de BTCUSDT
2026-02-10 17:18:50,559 | INFO | Variação: 0.003% | 68848.02 → 68850.35
2026-02-10 17:18:50,559 | INFO | Resultado da posição: 0.09%
2026-02-10 17:18:55,570 | INFO | Buscando preço de BTCUSDT
2026-02-10 17:18:55,835 | INFO | Variação: 0.030% | 68850.35 → 68871.04
2026-02-10 17:18:55,836 | INFO | Resultado da posição: 0.12%
2026-02-10 17:19:00,837 | INFO | Buscando preço de BTCUSDT
2026-02-10 17:19:01,103 | INFO | Variação: 0.000% | 68871.04 → 68871.12
2026-02-10 17:19:01,104 | INFO | Resultado da posição: 0.12%
2026-02-10 17:19:06,105 | INFO | Buscando preço de BTCUSDT
2026-02-10 17:19:06,369 | INFO | Variação: -0.013% | 68871.12 → 68862.35
2026-02-10 17:19:06,370 | INFO | Resultado da posição: 0.11%
2026-02-10 17:19:11,370 | INFO | Buscando preço de BTCUSDT
2026-02-10 17:19:11,628 | INFO | Variação: 0.010% | 68862.35 → 68869.25
2026-02-10 17:19:11,628 | INFO | Resultado da posição: 0.12%
2026-02-10 17:19:16,633 | INFO | Buscando preço de BTCUSDT
2026-02-10 17:19:16,896 | INFO | Variação: -0.010% | 68869.25 → 68862.68
2026-02-10 17:19:16,896 | INFO | Resultado da posição: 0.11%
2026-02-10 17:19:21,904 | INFO | Buscando preço de BTCUSDT
2026-02-10 17:19:22,167 | INFO | Variação: -0.000% | 68862.68 → 68862.67
2026-02-10 17:19:22,167 | INFO | Resultado da posição: 0.11%
2026-02-10 17:19:27,169 | INFO | Buscando preço de BTCUSDT
2026-02-10 17:19:27,426 | INFO | Variação: 0.000% | 68862.67 → 68862.68
2026-02-10 17:19:27,426 | INFO | Resultado da posição: 0.11%
2026-02-10 17:19:32,433 | INFO | Buscando preço de BTCUSDT
2026-02-10 17:19:32,699 | INFO | Variação: -0.001% | 68862.68 → 68861.72
2026-02-10 17:19:32,699 | INFO | Resultado da posição: 0.11%
2026-02-10 17:19:37,704 | INFO | Buscando preço de BTCUSDT
2026-02-10 17:19:37,955 | INFO | Variação: -0.001% | 68861.72 → 68861.08
2026-02-10 17:19:37,971 | INFO | Resultado da posição: 0.11%
2026-02-10 17:19:42,971 | INFO | Buscando preço de BTCUSDT
2026-02-10 17:19:43,238 | INFO | Variação: 0.000% | 68861.08 → 68861.08
2026-02-10 17:19:43,239 | INFO | Resultado da posição: 0.11%
2026-02-10 17:19:48,239 | INFO | Buscando preço de BTCUSDT
2026-02-10 17:19:48,505 | INFO | Variação: -0.024% | 68861.08 → 68844.8
2026-02-10 17:19:48,505 | INFO | Resultado da posição: 0.09%
2026-02-10 17:19:53,506 | INFO | Buscando preço de BTCUSDT
2026-02-10 17:19:53,769 | INFO | Variação: -0.016% | 68844.8 → 68834.01
2026-02-10 17:19:53,769 | INFO | Resultado da posição: 0.07%
2026-02-10 17:19:58,779 | INFO | Buscando preço de BTCUSDT
2026-02-10 17:19:59,037 | INFO | Variação: 0.057% | 68834.01 → 68873.4
2026-02-10 17:19:59,037 | INFO | Resultado da posição: 0.13%
2026-02-10 17:20:04,047 | INFO | Buscando preço de BTCUSDT
2026-02-10 17:20:04,314 | INFO | Variação: -0.011% | 68873.4 → 68866.1
2026-02-10 17:20:04,314 | INFO | Resultado da posição: 0.12%
2026-02-10 17:20:09,315 | INFO | Buscando preço de BTCUSDT
2026-02-10 17:20:09,566 | INFO | Variação: -0.023% | 68866.1 → 68850.01
2026-02-10 17:20:09,566 | INFO | Resultado da posição: 0.09%
2026-02-10 17:20:14,579 | INFO | Buscando preço de BTCUSDT
2026-02-10 17:20:14,843 | INFO | Variação: -0.008% | 68850.01 → 68844.37
2026-02-10 17:20:14,843 | INFO | Resultado da posição: 0.08%
2026-02-10 17:20:19,844 | INFO | Buscando preço de BTCUSDT
2026-02-10 17:20:20,107 | INFO | Variação: -0.000% | 68844.37 → 68844.36
2026-02-10 17:20:20,107 | INFO | Resultado da posição: 0.08%
2026-02-10 17:20:25,109 | INFO | Buscando preço de BTCUSDT
2026-02-10 17:20:25,371 | INFO | Variação: -0.027% | 68844.36 → 68825.5
2026-02-10 17:20:25,371 | INFO | Resultado da posição: 0.06%
2026-02-10 17:20:30,373 | INFO | Buscando preço de BTCUSDT
2026-02-10 17:20:30,638 | INFO | Variação: 0.033% | 68825.5 → 68848.01
2026-02-10 17:20:30,638 | INFO | Resultado da posição: 0.09%
2026-02-10 17:20:35,640 | INFO | Buscando preço de BTCUSDT
2026-02-10 17:20:35,909 | INFO | Variação: 0.010% | 68848.01 → 68854.72
2026-02-10 17:20:35,910 | INFO | Resultado da posição: 0.10%
2026-02-10 17:20:40,910 | INFO | Buscando preço de BTCUSDT
2026-02-10 17:20:41,175 | INFO | Variação: -0.005% | 68854.72 → 68851.18
2026-02-10 17:20:41,176 | INFO | Resultado da posição: 0.09%
2026-02-10 17:20:46,177 | INFO | Buscando preço de BTCUSDT
2026-02-10 17:20:46,441 | INFO | Variação: -0.012% | 68851.18 → 68842.69
2026-02-10 17:20:46,441 | INFO | Resultado da posição: 0.08%
2026-02-10 17:20:51,444 | INFO | Buscando preço de BTCUSDT
2026-02-10 17:20:51,710 | INFO | Variação: 0.008% | 68842.69 → 68847.99
2026-02-10 17:20:51,710 | INFO | Resultado da posição: 0.09%
2026-02-10 17:20:56,712 | INFO | Buscando preço de BTCUSDT
2026-02-10 17:20:56,975 | INFO | Variação: 0.000% | 68847.99 → 68848.0
2026-02-10 17:20:56,976 | INFO | Resultado da posição: 0.09%
2026-02-10 17:21:01,977 | INFO | Buscando preço de BTCUSDT
2026-02-10 17:21:02,239 | INFO | Variação: -0.000% | 68848.0 → 68847.99
2026-02-10 17:21:02,239 | INFO | Resultado da posição: 0.09%
2026-02-10 17:21:07,248 | INFO | Buscando preço de BTCUSDT
2026-02-10 17:21:07,517 | INFO | Variação: -0.005% | 68847.99 → 68844.26
2026-02-10 17:21:07,517 | INFO | Resultado da posição: 0.08%
2026-02-10 17:21:12,518 | INFO | Buscando preço de BTCUSDT
2026-02-10 17:21:12,784 | INFO | Variação: -0.019% | 68844.26 → 68831.51
2026-02-10 17:21:12,784 | INFO | Resultado da posição: 0.07%
2026-02-10 17:21:17,785 | INFO | Buscando preço de BTCUSDT
2026-02-10 17:21:18,051 | INFO | Variação: 0.000% | 68831.51 → 68831.52
2026-02-10 17:21:18,051 | INFO | Resultado da posição: 0.07%
2026-02-10 17:21:23,053 | INFO | Buscando preço de BTCUSDT
2026-02-10 17:21:23,320 | INFO | Variação: 0.014% | 68831.52 → 68841.15
2026-02-10 17:21:23,320 | INFO | Resultado da posição: 0.08%
2026-02-10 17:21:28,321 | INFO | Buscando preço de BTCUSDT
2026-02-10 17:21:28,590 | INFO | Variação: 0.000% | 68841.15 → 68841.15
2026-02-10 17:21:28,591 | INFO | Resultado da posição: 0.08%
2026-02-10 17:21:33,592 | INFO | Buscando preço de BTCUSDT
2026-02-10 17:21:33,848 | INFO | Variação: 0.000% | 68841.15 → 68841.16
2026-02-10 17:21:33,848 | INFO | Resultado da posição: 0.08%
2026-02-10 17:21:38,862 | INFO | Buscando preço de BTCUSDT
2026-02-10 17:21:39,129 | INFO | Variação: 0.017% | 68841.16 → 68852.71
2026-02-10 17:21:39,129 | INFO | Resultado da posição: 0.10%
2026-02-10 17:21:44,131 | INFO | Buscando preço de BTCUSDT
2026-02-10 17:21:44,399 | INFO | Variação: 0.000% | 68852.71 → 68852.71
2026-02-10 17:21:44,400 | INFO | Resultado da posição: 0.10%
2026-02-10 17:21:49,401 | INFO | Buscando preço de BTCUSDT
2026-02-10 17:21:49,666 | INFO | Variação: 0.000% | 68852.71 → 68852.72
2026-02-10 17:21:49,667 | INFO | Resultado da posição: 0.10%
2026-02-10 17:21:54,668 | INFO | Buscando preço de BTCUSDT
2026-02-10 17:21:54,932 | INFO | Variação: -0.000% | 68852.72 → 68852.71
2026-02-10 17:21:54,933 | INFO | Resultado da posição: 0.10%
2026-02-10 17:21:59,933 | INFO | Buscando preço de BTCUSDT
2026-02-10 17:22:00,203 | INFO | Variação: 0.007% | 68852.71 → 68857.54
2026-02-10 17:22:00,203 | INFO | Resultado da posição: 0.10%
2026-02-10 17:22:05,204 | INFO | Buscando preço de BTCUSDT
2026-02-10 17:22:05,456 | INFO | Variação: 0.027% | 68857.54 → 68876.37
2026-02-10 17:22:05,456 | INFO | Resultado da posição: 0.13%
2026-02-10 17:22:10,467 | INFO | Buscando preço de BTCUSDT
2026-02-10 17:22:10,717 | INFO | Variação: 0.010% | 68876.37 → 68882.97
2026-02-10 17:22:10,717 | INFO | Resultado da posição: 0.14%
2026-02-10 17:22:15,731 | INFO | Buscando preço de BTCUSDT
2026-02-10 17:22:15,988 | INFO | Variação: 0.010% | 68882.97 → 68890.0
2026-02-10 17:22:15,988 | INFO | Resultado da posição: 0.15%
2026-02-10 17:22:20,998 | INFO | Buscando preço de BTCUSDT
2026-02-10 17:22:21,263 | INFO | Variação: 0.000% | 68890.0 → 68890.0
2026-02-10 17:22:21,264 | INFO | Resultado da posição: 0.15%
2026-02-10 17:22:26,265 | INFO | Buscando preço de BTCUSDT
2026-02-10 17:22:26,528 | INFO | Variação: 0.000% | 68890.0 → 68890.0
2026-02-10 17:22:26,529 | INFO | Resultado da posição: 0.15%
2026-02-10 17:22:31,530 | INFO | Buscando preço de BTCUSDT
2026-02-10 17:22:31,791 | INFO | Variação: 0.015% | 68890.0 → 68899.99
2026-02-10 17:22:31,792 | INFO | Resultado da posição: 0.17%
2026-02-10 17:22:36,793 | INFO | Buscando preço de BTCUSDT
2026-02-10 17:22:37,056 | INFO | Variação: 0.000% | 68899.99 → 68899.99
2026-02-10 17:22:37,056 | INFO | Resultado da posição: 0.17%
2026-02-10 17:22:42,058 | INFO | Buscando preço de BTCUSDT
2026-02-10 17:22:42,837 | INFO | Variação: 0.007% | 68899.99 → 68904.67
2026-02-10 17:22:42,838 | INFO | Resultado da posição: 0.17%
2026-02-10 17:22:47,839 | INFO | Buscando preço de BTCUSDT
2026-02-10 17:22:48,090 | INFO | Variação: 0.000% | 68904.67 → 68904.68
2026-02-10 17:22:48,090 | INFO | Resultado da posição: 0.17%
2026-02-10 17:22:53,104 | INFO | Buscando preço de BTCUSDT
2026-02-10 17:22:53,367 | INFO | Variação: 0.004% | 68904.68 → 68907.31
2026-02-10 17:22:53,368 | INFO | Resultado da posição: 0.18%
2026-02-10 17:22:58,368 | INFO | Buscando preço de BTCUSDT
2026-02-10 17:22:58,623 | INFO | Variação: -0.056% | 68907.31 → 68868.39
2026-02-10 17:22:58,623 | INFO | Resultado da posição: 0.12%
2026-02-10 17:23:03,634 | INFO | Buscando preço de BTCUSDT
2026-02-10 17:23:03,902 | INFO | Variação: 0.024% | 68868.39 → 68885.02
2026-02-10 17:23:03,903 | INFO | Resultado da posição: 0.14%
2026-02-10 17:23:08,904 | INFO | Buscando preço de BTCUSDT
2026-02-10 17:23:09,164 | INFO | Variação: 0.016% | 68885.02 → 68896.12
2026-02-10 17:23:09,164 | INFO | Resultado da posição: 0.16%
2026-02-10 17:23:14,169 | INFO | Buscando preço de BTCUSDT
2026-02-10 17:23:14,438 | INFO | Variação: -0.047% | 68896.12 → 68864.01
2026-02-10 17:23:14,439 | INFO | Resultado da posição: 0.11%
2026-02-10 17:23:19,440 | INFO | Buscando preço de BTCUSDT
2026-02-10 17:23:19,692 | INFO | Variação: -0.003% | 68864.01 → 68862.01
2026-02-10 17:23:19,707 | INFO | Resultado da posição: 0.11%
2026-02-10 17:23:24,709 | INFO | Buscando preço de BTCUSDT
2026-02-10 17:23:24,958 | INFO | Variação: -0.006% | 68862.01 → 68858.01
2026-02-10 17:23:24,958 | INFO | Resultado da posição: 0.10%
2026-02-10 17:23:29,973 | INFO | Buscando preço de BTCUSDT
2026-02-10 17:23:30,238 | INFO | Variação: -0.018% | 68858.01 → 68845.85
2026-02-10 17:23:30,238 | INFO | Resultado da posição: 0.09%
2026-02-10 17:23:35,241 | INFO | Buscando preço de BTCUSDT
2026-02-10 17:23:35,506 | INFO | Variação: 0.000% | 68845.85 → 68845.85
2026-02-10 17:23:35,506 | INFO | Resultado da posição: 0.09%
2026-02-10 17:23:40,508 | INFO | Buscando preço de BTCUSDT
2026-02-10 17:23:40,778 | INFO | Variação: 0.000% | 68845.85 → 68845.85
2026-02-10 17:23:40,779 | INFO | Resultado da posição: 0.09%
2026-02-10 17:23:45,780 | INFO | Buscando preço de BTCUSDT
2026-02-10 17:23:46,047 | INFO | Variação: -0.000% | 68845.85 → 68845.84
2026-02-10 17:23:46,047 | INFO | Resultado da posição: 0.09%
2026-02-10 17:23:51,047 | INFO | Buscando preço de BTCUSDT
2026-02-10 17:23:51,311 | INFO | Variação: -0.042% | 68845.84 → 68816.64
2026-02-10 17:23:51,312 | INFO | Resultado da posição: 0.04%
2026-02-10 17:23:56,313 | INFO | Buscando preço de BTCUSDT
2026-02-10 17:23:56,566 | INFO | Variação: -0.000% | 68816.64 → 68816.62
2026-02-10 17:23:56,566 | INFO | Resultado da posição: 0.04%
2026-02-10 17:24:01,581 | INFO | Buscando preço de BTCUSDT
2026-02-10 17:24:01,831 | INFO | Variação: 0.000% | 68816.62 → 68816.64
2026-02-10 17:24:01,831 | INFO | Resultado da posição: 0.04%
2026-02-10 17:24:06,845 | INFO | Buscando preço de BTCUSDT
2026-02-10 17:24:07,108 | INFO | Variação: -0.011% | 68816.64 → 68809.35
2026-02-10 17:24:07,108 | INFO | Resultado da posição: 0.03%
2026-02-10 17:24:12,109 | INFO | Buscando preço de BTCUSDT
2026-02-10 17:24:12,372 | INFO | Variação: 0.011% | 68809.35 → 68816.63
2026-02-10 17:24:12,372 | INFO | Resultado da posição: 0.04%
2026-02-10 17:24:17,376 | INFO | Buscando preço de BTCUSDT
2026-02-10 17:24:17,628 | INFO | Variação: 0.000% | 68816.63 → 68816.64
2026-02-10 17:24:17,628 | INFO | Resultado da posição: 0.04%
2026-02-10 17:24:22,643 | INFO | Buscando preço de BTCUSDT
2026-02-10 17:24:22,909 | INFO | Variação: 0.000% | 68816.64 → 68816.64
2026-02-10 17:24:22,910 | INFO | Resultado da posição: 0.04%
2026-02-10 17:24:27,911 | INFO | Buscando preço de BTCUSDT
2026-02-10 17:24:28,176 | INFO | Variação: 0.000% | 68816.64 → 68816.64
2026-02-10 17:24:28,176 | INFO | Resultado da posição: 0.04%
2026-02-10 17:24:33,180 | INFO | Buscando preço de BTCUSDT
2026-02-10 17:24:33,430 | INFO | Variação: -0.007% | 68816.64 → 68811.99
2026-02-10 17:24:33,430 | INFO | Resultado da posição: 0.04%
2026-02-10 17:24:38,443 | INFO | Buscando preço de BTCUSDT
2026-02-10 17:24:38,709 | INFO | Variação: -0.026% | 68811.99 → 68794.01
2026-02-10 17:24:38,709 | INFO | Resultado da posição: 0.01%
2026-02-10 17:24:43,710 | INFO | Buscando preço de BTCUSDT
2026-02-10 17:24:43,981 | INFO | Variação: -0.006% | 68794.01 → 68790.01
2026-02-10 17:24:43,981 | INFO | Resultado da posição: 0.01%
2026-02-10 17:24:48,982 | INFO | Buscando preço de BTCUSDT
2026-02-10 17:24:49,246 | INFO | Variação: 0.006% | 68790.01 → 68794.01
2026-02-10 17:24:49,246 | INFO | Resultado da posição: 0.01%
2026-02-10 17:24:54,251 | INFO | Buscando preço de BTCUSDT
2026-02-10 17:24:54,514 | INFO | Variação: 0.000% | 68794.01 → 68794.01
2026-02-10 17:24:54,514 | INFO | Resultado da posição: 0.01%
2026-02-10 17:24:59,515 | INFO | Buscando preço de BTCUSDT
2026-02-10 17:24:59,769 | INFO | Variação: -0.027% | 68794.01 → 68775.56
2026-02-10 17:24:59,769 | INFO | Resultado da posição: -0.02%
2026-02-10 17:25:04,783 | INFO | Buscando preço de BTCUSDT
2026-02-10 17:25:05,043 | INFO | Bot encerrado manualmente (Ctrl + C)
2026-02-10 17:25:18,308 | INFO | Bot iniciado (SIMULAÇÃO)
2026-02-10 17:25:18,309 | INFO | Criando cliente da Binance
2026-02-10 17:25:19,582 | INFO | Buscando preço de BTCUSDT
2026-02-10 17:25:19,860 | INFO | Preço inicial BTCUSDT: 68806.0
2026-02-10 17:25:24,862 | INFO | Buscando preço de BTCUSDT
2026-02-10 17:25:25,116 | INFO | Variação: 0.022% | 68806.0 → 68820.94
2026-02-10 17:25:25,116 | WARNING | 🟢 COMPRA SIMULADA | BTCUSDT a 68820.94
2026-02-10 17:25:30,131 | INFO | Buscando preço de BTCUSDT
2026-02-10 17:25:30,389 | INFO | Variação: 0.000% | 68820.94 → 68820.95
2026-02-10 17:25:30,389 | INFO | Resultado da posição: 0.00%
2026-02-10 17:25:35,396 | INFO | Buscando preço de BTCUSDT
2026-02-10 17:25:35,661 | INFO | Variação: -0.029% | 68820.95 → 68800.94
2026-02-10 17:25:35,661 | INFO | Resultado da posição: -0.03%
2026-02-10 17:25:40,664 | INFO | Buscando preço de BTCUSDT
2026-02-10 17:25:40,931 | INFO | Variação: -0.010% | 68800.94 → 68793.73
2026-02-10 17:25:40,931 | INFO | Resultado da posição: -0.04%
2026-02-10 17:25:40,931 | WARNING | 🔴 STOP LOSS | BTCUSDT -0.04%
2026-02-10 17:25:45,935 | INFO | Buscando preço de BTCUSDT
2026-02-10 17:25:46,192 | INFO | Variação: -0.028% | 68793.73 → 68774.5
2026-02-10 17:25:51,203 | INFO | Buscando preço de BTCUSDT
2026-02-10 17:25:51,469 | INFO | Variação: 0.000% | 68774.5 → 68774.5
2026-02-10 17:25:56,469 | INFO | Buscando preço de BTCUSDT
2026-02-10 17:25:56,722 | INFO | Variação: 0.000% | 68774.5 → 68774.5
2026-02-10 17:26:01,732 | INFO | Buscando preço de BTCUSDT
2026-02-10 17:26:01,988 | INFO | Variação: 0.005% | 68774.5 → 68778.0
2026-02-10 17:26:06,996 | INFO | Buscando preço de BTCUSDT
2026-02-10 17:26:07,254 | INFO | Variação: -0.014% | 68778.0 → 68768.18
2026-02-10 17:26:12,265 | INFO | Buscando preço de BTCUSDT
2026-02-10 17:26:12,515 | INFO | Variação: 0.000% | 68768.18 → 68768.18
2026-02-10 17:26:17,531 | INFO | Buscando preço de BTCUSDT
2026-02-10 17:26:17,788 | INFO | Variação: 0.027% | 68768.18 → 68786.89
2026-02-10 17:26:17,788 | WARNING | 🟢 COMPRA SIMULADA | BTCUSDT a 68786.89
2026-02-10 17:26:22,794 | INFO | Buscando preço de BTCUSDT
2026-02-10 17:26:23,051 | INFO | Variação: -0.007% | 68786.89 → 68782.0
2026-02-10 17:26:23,051 | INFO | Resultado da posição: -0.01%
2026-02-10 17:26:25,957 | INFO | Bot encerrado manualmente (Ctrl + C)
2026-02-10 17:28:47,442 | INFO | Bot iniciado (SIMULAÇÃO COM CAPITAL)
2026-02-10 17:28:47,442 | INFO | Criando cliente da Binance
2026-02-10 17:29:13,764 | INFO | Bot iniciado (SIMULAÇÃO COM CAPITAL)
2026-02-10 17:29:13,764 | INFO | Criando cliente da Binance
2026-02-10 17:32:02,974 | INFO | Bot iniciado (SIMULAÇÃO COM CAPITAL)
2026-02-10 17:32:02,974 | INFO | Criando cliente da Binance
2026-02-10 17:32:02,994 | ERROR | Erro de conexão com a Binance: HTTPSConnectionPool(host='api.binance.com', port=443): Max retries exceeded with url: /api/v3/ping (Caused by NameResolutionError("HTTPSConnection(host='api.binance.com', port=443): Failed to resolve 'api.binance.com' ([Errno 11001] getaddrinfo failed)"))
2026-02-10 17:32:02,994 | INFO | Criando cliente da Binance
2026-02-10 17:32:02,997 | ERROR | Erro de conexão com a Binance: HTTPSConnectionPool(host='api.binance.com', port=443): Max retries exceeded with url: /api/v3/ping (Caused by NameResolutionError("HTTPSConnection(host='api.binance.com', port=443): Failed to resolve 'api.binance.com' ([Errno 11001] getaddrinfo failed)"))
2026-02-10 17:32:02,997 | ERROR | Não foi possível conectar à Binance. Encerrando bot.
2026-02-11 10:12:59,008 | INFO | Bot iniciado (SIMULAÇÃO COM CAPITAL)
2026-02-11 10:12:59,009 | INFO | Criando cliente da Binance
2026-02-11 10:13:00,336 | INFO | Criando cliente da Binance
2026-02-11 10:13:01,610 | INFO | Buscando preço de BTCUSDT
2026-02-11 10:13:01,880 | INFO | Preço inicial BTCUSDT: 66871.26
2026-02-11 10:13:06,881 | INFO | Buscando preço de BTCUSDT
2026-02-11 10:13:07,148 | INFO | Variação: -0.021% | 66871.26 → 66856.99
2026-02-11 10:13:12,149 | INFO | Buscando preço de BTCUSDT
2026-02-11 10:13:12,412 | INFO | Variação: -0.001% | 66856.99 → 66856.0
2026-02-11 10:13:17,413 | INFO | Buscando preço de BTCUSDT
2026-02-11 10:13:17,677 | INFO | Variação: -0.003% | 66856.0 → 66853.91
2026-02-11 10:13:22,678 | INFO | Buscando preço de BTCUSDT
2026-02-11 10:13:22,941 | INFO | Variação: -0.013% | 66853.91 → 66845.01
2026-02-11 10:13:27,942 | INFO | Buscando preço de BTCUSDT
2026-02-11 10:13:28,210 | INFO | Variação: 0.014% | 66845.01 → 66854.16
2026-02-11 10:13:33,211 | INFO | Buscando preço de BTCUSDT
2026-02-11 10:13:33,481 | INFO | Variação: -0.002% | 66854.16 → 66853.09
2026-02-11 10:13:38,482 | INFO | Buscando preço de BTCUSDT
2026-02-11 10:13:39,260 | INFO | Variação: 0.028% | 66853.09 → 66871.99
2026-02-11 10:13:44,261 | INFO | Buscando preço de BTCUSDT
2026-02-11 10:13:44,531 | INFO | Variação: 0.017% | 66871.99 → 66883.66
2026-02-11 10:13:49,532 | INFO | Buscando preço de BTCUSDT
2026-02-11 10:13:49,799 | INFO | Variação: 0.015% | 66883.66 → 66893.72
2026-02-11 10:13:54,800 | INFO | Buscando preço de BTCUSDT
2026-02-11 10:13:55,070 | INFO | Variação: 0.009% | 66893.72 → 66900.0
2026-02-11 10:14:00,071 | INFO | Buscando preço de BTCUSDT
2026-02-11 10:14:00,335 | INFO | Variação: 0.021% | 66900.0 → 66913.93
2026-02-11 10:14:05,335 | INFO | Buscando preço de BTCUSDT
2026-02-11 10:14:05,603 | INFO | Variação: -0.000% | 66913.93 → 66913.92
2026-02-11 10:14:10,603 | INFO | Buscando preço de BTCUSDT
2026-02-11 10:14:10,867 | INFO | Variação: 0.013% | 66913.92 → 66922.8
2026-02-11 10:14:15,868 | INFO | Buscando preço de BTCUSDT
2026-02-11 10:14:16,136 | INFO | Variação: -0.032% | 66922.8 → 66901.3
2026-02-11 10:14:21,137 | INFO | Buscando preço de BTCUSDT
2026-02-11 10:14:21,407 | INFO | Variação: -0.004% | 66901.3 → 66898.54
2026-02-11 10:14:26,408 | INFO | Buscando preço de BTCUSDT
2026-02-11 10:14:26,673 | INFO | Variação: 0.020% | 66898.54 → 66911.72
2026-02-11 10:14:31,674 | INFO | Buscando preço de BTCUSDT
2026-02-11 10:14:31,940 | INFO | Variação: -0.000% | 66911.72 → 66911.71
2026-02-11 10:14:36,941 | INFO | Buscando preço de BTCUSDT
2026-02-11 10:14:37,206 | INFO | Variação: 0.006% | 66911.71 → 66915.72
2026-02-11 10:14:42,206 | INFO | Buscando preço de BTCUSDT
2026-02-11 10:14:42,472 | INFO | Variação: 0.000% | 66915.72 → 66915.72
2026-02-11 10:14:47,474 | INFO | Buscando preço de BTCUSDT
2026-02-11 10:14:47,741 | INFO | Variação: 0.011% | 66915.72 → 66922.78
2026-02-11 10:14:52,743 | INFO | Buscando preço de BTCUSDT
2026-02-11 10:14:53,010 | INFO | Variação: 0.000% | 66922.78 → 66922.78
2026-02-11 10:14:58,011 | INFO | Buscando preço de BTCUSDT
2026-02-11 10:14:58,275 | INFO | Variação: -0.000% | 66922.78 → 66922.77
2026-02-11 10:15:03,276 | INFO | Buscando preço de BTCUSDT
2026-02-11 10:15:03,550 | INFO | Variação: 0.008% | 66922.77 → 66927.99
2026-02-11 10:15:08,552 | INFO | Buscando preço de BTCUSDT
2026-02-11 10:15:08,817 | INFO | Variação: 0.000% | 66927.99 → 66928.0
2026-02-11 10:15:13,818 | INFO | Buscando preço de BTCUSDT
2026-02-11 10:15:14,084 | INFO | Variação: 0.000% | 66928.0 → 66928.0
2026-02-11 10:15:19,086 | INFO | Buscando preço de BTCUSDT
2026-02-11 10:15:19,350 | INFO | Variação: -0.034% | 66928.0 → 66905.24
2026-02-11 10:15:24,351 | INFO | Buscando preço de BTCUSDT
2026-02-11 10:15:24,617 | INFO | Variação: -0.001% | 66905.24 → 66904.79
2026-02-11 10:15:29,619 | INFO | Buscando preço de BTCUSDT
2026-02-11 10:15:29,882 | INFO | Variação: -0.004% | 66904.79 → 66901.88
2026-02-11 10:15:34,883 | INFO | Buscando preço de BTCUSDT
2026-02-11 10:15:35,151 | INFO | Variação: -0.039% | 66901.88 → 66875.6
2026-02-11 10:15:40,152 | INFO | Buscando preço de BTCUSDT
2026-02-11 10:15:40,421 | INFO | Variação: -0.022% | 66875.6 → 66860.86
2026-02-11 10:15:45,422 | INFO | Buscando preço de BTCUSDT
2026-02-11 10:15:45,690 | INFO | Variação: 0.027% | 66860.86 → 66879.12
2026-02-11 10:15:50,691 | INFO | Buscando preço de BTCUSDT
2026-02-11 10:15:50,957 | INFO | Variação: 0.003% | 66879.12 → 66881.38
2026-02-11 10:15:55,957 | INFO | Buscando preço de BTCUSDT
2026-02-11 10:15:56,226 | INFO | Variação: 0.000% | 66881.38 → 66881.39
2026-02-11 10:16:01,227 | INFO | Buscando preço de BTCUSDT
2026-02-11 10:16:01,493 | INFO | Variação: 0.023% | 66881.39 → 66897.07
2026-02-11 10:16:06,494 | INFO | Buscando preço de BTCUSDT
2026-02-11 10:16:06,758 | INFO | Variação: 0.000% | 66897.07 → 66897.07
2026-02-11 10:16:11,759 | INFO | Buscando preço de BTCUSDT
2026-02-11 10:16:12,023 | INFO | Variação: -0.040% | 66897.07 → 66870.03
2026-02-11 10:16:17,023 | INFO | Buscando preço de BTCUSDT
2026-02-11 10:16:17,286 | INFO | Variação: -0.008% | 66870.03 → 66864.74
2026-02-11 10:16:22,287 | INFO | Buscando preço de BTCUSDT
2026-02-11 10:16:22,552 | INFO | Variação: -0.007% | 66864.74 → 66860.09
2026-02-11 10:16:27,554 | INFO | Buscando preço de BTCUSDT
2026-02-11 10:16:27,825 | INFO | Variação: -0.041% | 66860.09 → 66832.83
2026-02-11 10:16:32,826 | INFO | Buscando preço de BTCUSDT
2026-02-11 10:16:33,090 | INFO | Variação: 0.011% | 66832.83 → 66840.0
2026-02-11 10:16:38,090 | INFO | Buscando preço de BTCUSDT
2026-02-11 10:16:38,357 | INFO | Variação: -0.005% | 66840.0 → 66836.41
2026-02-11 10:16:43,358 | INFO | Buscando preço de BTCUSDT
2026-02-11 10:16:43,630 | INFO | Variação: 0.005% | 66836.41 → 66839.44
2026-02-11 10:16:48,630 | INFO | Buscando preço de BTCUSDT
2026-02-11 10:16:48,900 | INFO | Variação: 0.000% | 66839.44 → 66839.44
2026-02-11 10:16:53,902 | INFO | Buscando preço de BTCUSDT
2026-02-11 10:16:54,169 | INFO | Variação: -0.024% | 66839.44 → 66823.17
2026-02-11 10:16:59,177 | INFO | Buscando preço de BTCUSDT
2026-02-11 10:16:59,442 | INFO | Variação: -0.006% | 66823.17 → 66818.88
2026-02-11 10:17:04,443 | INFO | Buscando preço de BTCUSDT
2026-02-11 10:17:04,707 | INFO | Variação: 0.006% | 66818.88 → 66823.15
2026-02-11 10:17:09,708 | INFO | Buscando preço de BTCUSDT
2026-02-11 10:17:09,979 | INFO | Variação: 0.000% | 66823.15 → 66823.16
2026-02-11 10:17:14,980 | INFO | Buscando preço de BTCUSDT
2026-02-11 10:17:15,247 | INFO | Variação: 0.014% | 66823.16 → 66832.57
2026-02-11 10:17:20,248 | INFO | Buscando preço de BTCUSDT
2026-02-11 10:17:20,515 | INFO | Variação: -0.017% | 66832.57 → 66821.52
2026-02-11 10:17:25,517 | INFO | Buscando preço de BTCUSDT
2026-02-11 10:17:25,804 | INFO | Variação: -0.003% | 66821.52 → 66819.81
2026-02-11 10:17:30,804 | INFO | Buscando preço de BTCUSDT
2026-02-11 10:17:31,073 | INFO | Variação: -0.030% | 66819.81 → 66800.0
2026-02-11 10:17:36,075 | INFO | Buscando preço de BTCUSDT
2026-02-11 10:17:36,343 | INFO | Variação: 0.032% | 66800.0 → 66821.36
2026-02-11 10:17:41,344 | INFO | Buscando preço de BTCUSDT
2026-02-11 10:17:41,609 | INFO | Variação: 0.000% | 66821.36 → 66821.36
2026-02-11 10:17:46,610 | INFO | Buscando preço de BTCUSDT
2026-02-11 10:17:46,873 | INFO | Variação: 0.027% | 66821.36 → 66839.41
2026-02-11 10:17:51,874 | INFO | Buscando preço de BTCUSDT
2026-02-11 10:17:52,142 | INFO | Variação: 0.006% | 66839.41 → 66843.55
2026-02-11 10:17:57,143 | INFO | Buscando preço de BTCUSDT
2026-02-11 10:17:57,412 | INFO | Variação: 0.040% | 66843.55 → 66870.32
2026-02-11 10:18:02,413 | INFO | Buscando preço de BTCUSDT
2026-02-11 10:18:02,677 | INFO | Variação: -0.029% | 66870.32 → 66850.86
2026-02-11 10:18:07,679 | INFO | Buscando preço de BTCUSDT
2026-02-11 10:18:07,951 | INFO | Variação: 0.010% | 66850.86 → 66857.63
2026-02-11 10:18:12,951 | INFO | Buscando preço de BTCUSDT
2026-02-11 10:18:13,216 | INFO | Variação: 0.012% | 66857.63 → 66865.61
2026-02-11 10:18:18,216 | INFO | Buscando preço de BTCUSDT
2026-02-11 10:18:18,480 | INFO | Variação: 0.014% | 66865.61 → 66875.2
2026-02-11 10:18:23,481 | INFO | Buscando preço de BTCUSDT
2026-02-11 10:18:23,749 | INFO | Variação: 0.001% | 66875.2 → 66875.62
2026-02-11 10:18:28,749 | INFO | Buscando preço de BTCUSDT
2026-02-11 10:18:29,015 | INFO | Variação: 0.000% | 66875.62 → 66875.62
2026-02-11 10:18:34,016 | INFO | Buscando preço de BTCUSDT
2026-02-11 10:18:34,280 | INFO | Variação: -0.032% | 66875.62 → 66854.0
2026-02-11 10:18:39,281 | INFO | Buscando preço de BTCUSDT
2026-02-11 10:18:39,549 | INFO | Variação: -0.025% | 66854.0 → 66837.13
2026-02-11 10:18:44,550 | INFO | Buscando preço de BTCUSDT
2026-02-11 10:18:44,814 | INFO | Variação: -0.000% | 66837.13 → 66837.12
2026-02-11 10:18:49,815 | INFO | Buscando preço de BTCUSDT
2026-02-11 10:18:50,082 | INFO | Variação: 0.000% | 66837.12 → 66837.13
2026-02-11 10:18:55,083 | INFO | Buscando preço de BTCUSDT
2026-02-11 10:18:55,347 | INFO | Variação: -0.003% | 66837.13 → 66834.93
2026-02-11 10:19:00,348 | INFO | Buscando preço de BTCUSDT
2026-02-11 10:19:00,613 | INFO | Variação: 0.000% | 66834.93 → 66834.93
2026-02-11 10:19:05,614 | INFO | Buscando preço de BTCUSDT
2026-02-11 10:19:05,881 | INFO | Variação: 0.024% | 66834.93 → 66851.16
2026-02-11 10:19:10,882 | INFO | Buscando preço de BTCUSDT
2026-02-11 10:19:11,150 | INFO | Variação: 0.003% | 66851.16 → 66853.46
2026-02-11 10:19:16,151 | INFO | Buscando preço de BTCUSDT
2026-02-11 10:19:16,415 | INFO | Variação: -0.016% | 66853.46 → 66842.77
2026-02-11 10:19:21,417 | INFO | Buscando preço de BTCUSDT
2026-02-11 10:19:21,680 | INFO | Variação: -0.007% | 66842.77 → 66837.88
2026-02-11 10:19:26,681 | INFO | Buscando preço de BTCUSDT
2026-02-11 10:19:26,950 | INFO | Variação: 0.000% | 66837.88 → 66837.88
2026-02-11 10:19:31,952 | INFO | Buscando preço de BTCUSDT
2026-02-11 10:19:32,219 | INFO | Variação: 0.005% | 66837.88 → 66841.01
2026-02-11 10:19:37,220 | INFO | Buscando preço de BTCUSDT
2026-02-11 10:19:37,494 | INFO | Variação: -0.020% | 66841.01 → 66827.56
2026-02-11 10:19:42,495 | INFO | Buscando preço de BTCUSDT
2026-02-11 10:19:42,762 | INFO | Variação: 0.025% | 66827.56 → 66844.15
2026-02-11 10:19:47,763 | INFO | Buscando preço de BTCUSDT
2026-02-11 10:19:48,030 | INFO | Variação: -0.021% | 66844.15 → 66829.9
2026-02-11 10:19:53,031 | INFO | Buscando preço de BTCUSDT
2026-02-11 10:19:53,297 | INFO | Variação: -0.005% | 66829.9 → 66826.35
2026-02-11 10:19:54,748 | INFO | Bot encerrado manualmente (Ctrl + C) | Capital final: R$ 1000.00
2026-02-11 10:19:57,779 | INFO | Bot iniciado (SIMULAÇÃO COM CAPITAL)
2026-02-11 10:19:57,780 | INFO | Criando cliente da Binance
2026-02-11 10:19:59,087 | INFO | Criando cliente da Binance
2026-02-11 10:20:00,359 | INFO | Buscando preço de BTCUSDT
2026-02-11 10:20:00,623 | INFO | Preço inicial BTCUSDT: 66829.89
2026-02-11 10:20:05,625 | INFO | Buscando preço de BTCUSDT
2026-02-11 10:20:05,892 | INFO | Variação: -0.015% | 66829.89 → 66820.04
2026-02-11 10:20:10,893 | INFO | Buscando preço de BTCUSDT
2026-02-11 10:20:11,163 | INFO | Variação: 0.083% | 66820.04 → 66875.62
2026-02-11 10:20:16,164 | INFO | Buscando preço de BTCUSDT
2026-02-11 10:20:16,431 | INFO | Variação: 0.024% | 66875.62 → 66891.86
2026-02-11 10:20:21,431 | INFO | Buscando preço de BTCUSDT
2026-02-11 10:20:21,699 | INFO | Variação: 0.007% | 66891.86 → 66896.78
2026-02-11 10:20:26,700 | INFO | Buscando preço de BTCUSDT
2026-02-11 10:20:26,963 | INFO | Variação: 0.032% | 66896.78 → 66917.93
2026-02-11 10:20:31,964 | INFO | Buscando preço de BTCUSDT
2026-02-11 10:20:32,234 | INFO | Variação: -0.012% | 66917.93 → 66910.0
2026-02-11 10:20:37,235 | INFO | Buscando preço de BTCUSDT
2026-02-11 10:20:37,500 | INFO | Variação: 0.009% | 66910.0 → 66915.69
2026-02-11 10:20:40,578 | INFO | Bot encerrado manualmente (Ctrl + C) | Capital final: R$ 1000.00
2026-02-11 10:20:43,170 | INFO | Bot iniciado (SIMULAÇÃO COM CAPITAL)
2026-02-11 10:20:43,171 | INFO | Criando cliente da Binance
2026-02-11 10:20:44,462 | INFO | Criando cliente da Binance
2026-02-11 10:20:45,753 | INFO | Buscando preço de BTCUSDT
2026-02-11 10:20:46,017 | INFO | Preço inicial BTCUSDT: 66895.95
2026-02-11 10:20:51,018 | INFO | Buscando preço de BTCUSDT
2026-02-11 10:20:51,282 | INFO | Variação: 0.052% | 66895.95 → 66930.9
2026-02-11 10:20:51,283 | WARNING | 🟢 COMPRA SIMULADA | BTCUSDT a 66930.9 | Qtd: 0.002988 | Capital: R$ 1000.00
2026-02-11 10:20:56,283 | INFO | Buscando preço de BTCUSDT
2026-02-11 10:20:56,550 | INFO | Variação: 0.049% | 66930.9 → 66964.0
2026-02-11 10:20:56,550 | INFO | Resultado da posição: 0.05% | R$ 0.10
2026-02-11 10:21:01,551 | INFO | Buscando preço de BTCUSDT
2026-02-11 10:21:01,819 | INFO | Variação: 0.013% | 66964.0 → 66972.98
2026-02-11 10:21:01,819 | INFO | Resultado da posição: 0.06% | R$ 0.13
2026-02-11 10:21:01,819 | WARNING | 🟢 TAKE PROFIT | BTCUSDT | Lucro: R$ 0.13 | Capital: R$ 1000.13
2026-02-11 10:21:06,820 | INFO | Buscando preço de BTCUSDT
2026-02-11 10:21:07,084 | INFO | Variação: -0.010% | 66972.98 → 66966.3
2026-02-11 10:21:12,084 | INFO | Buscando preço de BTCUSDT
2026-02-11 10:21:12,349 | INFO | Variação: 0.014% | 66966.3 → 66975.46
2026-02-11 10:21:17,349 | INFO | Buscando preço de BTCUSDT
2026-02-11 10:21:17,618 | INFO | Variação: 0.003% | 66975.46 → 66977.16
2026-02-11 10:21:22,619 | INFO | Buscando preço de BTCUSDT
2026-02-11 10:21:22,887 | INFO | Variação: 0.017% | 66977.16 → 66988.32
2026-02-11 10:21:27,888 | INFO | Buscando preço de BTCUSDT
2026-02-11 10:21:28,152 | INFO | Variação: 0.011% | 66988.32 → 66995.47
2026-02-11 10:21:33,153 | INFO | Buscando preço de BTCUSDT
2026-02-11 10:21:33,421 | INFO | Variação: 0.015% | 66995.47 → 67005.46
2026-02-11 10:21:38,422 | INFO | Buscando preço de BTCUSDT
2026-02-11 10:21:38,692 | INFO | Variação: 0.007% | 67005.46 → 67010.16
2026-02-11 10:21:43,692 | INFO | Buscando preço de BTCUSDT
2026-02-11 10:21:43,961 | INFO | Variação: -0.012% | 67010.16 → 67002.11
2026-02-11 10:21:48,962 | INFO | Buscando preço de BTCUSDT
2026-02-11 10:21:49,228 | INFO | Variação: -0.024% | 67002.11 → 66986.09
2026-02-11 10:21:54,229 | INFO | Buscando preço de BTCUSDT
2026-02-11 10:21:54,495 | INFO | Variação: 0.015% | 66986.09 → 66996.0
2026-02-11 10:21:59,496 | INFO | Buscando preço de BTCUSDT
2026-02-11 10:21:59,764 | INFO | Variação: 0.006% | 66996.0 → 66999.98
2026-02-11 10:22:04,765 | INFO | Buscando preço de BTCUSDT
2026-02-11 10:22:05,034 | INFO | Variação: -0.020% | 66999.98 → 66986.39
2026-02-11 10:22:10,036 | INFO | Buscando preço de BTCUSDT
2026-02-11 10:22:10,305 | INFO | Variação: 0.000% | 66986.39 → 66986.4
2026-02-11 10:22:15,306 | INFO | Buscando preço de BTCUSDT
2026-02-11 10:22:15,575 | INFO | Variação: -0.055% | 66986.4 → 66949.55
2026-02-11 10:22:20,575 | INFO | Buscando preço de BTCUSDT
2026-02-11 10:22:20,845 | INFO | Variação: 0.000% | 66949.55 → 66949.55
2026-02-11 10:22:25,847 | INFO | Buscando preço de BTCUSDT
2026-02-11 10:22:26,116 | INFO | Variação: 0.025% | 66949.55 → 66966.0
2026-02-11 10:22:26,116 | WARNING | 🟢 COMPRA SIMULADA | BTCUSDT a 66966.0 | Qtd: 0.002987 | Capital: R$ 1000.13
2026-02-11 10:22:31,117 | INFO | Buscando preço de BTCUSDT
2026-02-11 10:22:31,388 | INFO | Variação: 0.036% | 66966.0 → 66990.18
2026-02-11 10:22:31,388 | INFO | Resultado da posição: 0.04% | R$ 0.07
2026-02-11 10:22:36,389 | INFO | Buscando preço de BTCUSDT
2026-02-11 10:22:36,653 | INFO | Variação: 0.012% | 66990.18 → 66997.99
2026-02-11 10:22:36,654 | INFO | Resultado da posição: 0.05% | R$ 0.10
2026-02-11 10:22:41,654 | INFO | Buscando preço de BTCUSDT
2026-02-11 10:22:41,921 | INFO | Variação: -0.029% | 66997.99 → 66978.87
2026-02-11 10:22:41,921 | INFO | Resultado da posição: 0.02% | R$ 0.04
2026-02-11 10:22:46,922 | INFO | Buscando preço de BTCUSDT
2026-02-11 10:22:47,186 | INFO | Variação: -0.010% | 66978.87 → 66972.44
2026-02-11 10:22:47,186 | INFO | Resultado da posição: 0.01% | R$ 0.02
2026-02-11 10:22:52,187 | INFO | Buscando preço de BTCUSDT
2026-02-11 10:22:52,457 | INFO | Variação: -0.001% | 66972.44 → 66971.99
2026-02-11 10:22:52,457 | INFO | Resultado da posição: 0.01% | R$ 0.02
2026-02-11 10:22:57,459 | INFO | Buscando preço de BTCUSDT
2026-02-11 10:22:57,730 | INFO | Variação: -0.000% | 66971.99 → 66971.98
2026-02-11 10:22:57,731 | INFO | Resultado da posição: 0.01% | R$ 0.02
2026-02-11 10:23:02,732 | INFO | Buscando preço de BTCUSDT
2026-02-11 10:23:02,996 | INFO | Variação: -0.056% | 66971.98 → 66934.36
2026-02-11 10:23:02,996 | INFO | Resultado da posição: -0.05% | R$ -0.09
2026-02-11 10:23:02,996 | WARNING | 🔴 STOP LOSS | BTCUSDT | Prejuízo: R$ -0.09 | Capital: R$ 1000.03
2026-02-11 10:23:07,998 | INFO | Buscando preço de BTCUSDT
2026-02-11 10:23:08,264 | INFO | Variação: 0.005% | 66934.36 → 66937.79
2026-02-11 10:23:13,266 | INFO | Buscando preço de BTCUSDT
2026-02-11 10:23:13,532 | INFO | Variação: 0.006% | 66937.79 → 66942.0
2026-02-11 10:23:18,533 | INFO | Buscando preço de BTCUSDT
2026-02-11 10:23:18,796 | INFO | Variação: 0.000% | 66942.0 → 66942.01
2026-02-11 10:23:23,797 | INFO | Buscando preço de BTCUSDT
2026-02-11 10:23:24,066 | INFO | Variação: 0.007% | 66942.01 → 66946.5
2026-02-11 10:23:29,067 | INFO | Buscando preço de BTCUSDT
2026-02-11 10:23:29,333 | INFO | Variação: -0.018% | 66946.5 → 66934.55
2026-02-11 10:23:34,334 | INFO | Buscando preço de BTCUSDT
2026-02-11 10:23:34,600 | INFO | Variação: 0.023% | 66934.55 → 66950.0
2026-02-11 10:23:34,600 | WARNING | 🟢 COMPRA SIMULADA | BTCUSDT a 66950.0 | Qtd: 0.002987 | Capital: R$ 1000.03
2026-02-11 10:23:39,602 | INFO | Buscando preço de BTCUSDT
2026-02-11 10:23:39,869 | INFO | Variação: -0.000% | 66950.0 → 66949.68
2026-02-11 10:23:39,869 | INFO | Resultado da posição: -0.00% | R$ -0.00
2026-02-11 10:23:44,871 | INFO | Buscando preço de BTCUSDT
2026-02-11 10:23:45,138 | INFO | Variação: 0.011% | 66949.68 → 66956.98
2026-02-11 10:23:45,138 | INFO | Resultado da posição: 0.01% | R$ 0.02
2026-02-11 10:23:50,140 | INFO | Buscando preço de BTCUSDT
2026-02-11 10:23:50,406 | INFO | Variação: -0.018% | 66956.98 → 66945.12
2026-02-11 10:23:50,406 | INFO | Resultado da posição: -0.01% | R$ -0.01
2026-02-11 10:23:55,407 | INFO | Buscando preço de BTCUSDT
2026-02-11 10:23:55,674 | INFO | Variação: -0.010% | 66945.12 → 66938.24
2026-02-11 10:23:55,674 | INFO | Resultado da posição: -0.02% | R$ -0.04
2026-02-11 10:24:00,676 | INFO | Buscando preço de BTCUSDT
2026-02-11 10:24:00,951 | INFO | Variação: 0.008% | 66938.24 → 66943.77
2026-02-11 10:24:00,951 | INFO | Resultado da posição: -0.01% | R$ -0.02
2026-02-11 10:24:05,952 | INFO | Buscando preço de BTCUSDT
2026-02-11 10:24:06,219 | INFO | Variação: -0.002% | 66943.77 → 66942.24
2026-02-11 10:24:06,220 | INFO | Resultado da posição: -0.01% | R$ -0.02
2026-02-11 10:24:11,221 | INFO | Buscando preço de BTCUSDT
2026-02-11 10:24:11,485 | INFO | Variação: -0.010% | 66942.24 → 66935.75
2026-02-11 10:24:11,485 | INFO | Resultado da posição: -0.02% | R$ -0.04
2026-02-11 10:24:16,486 | INFO | Buscando preço de BTCUSDT
2026-02-11 10:24:16,754 | INFO | Variação: 0.000% | 66935.75 → 66935.75
2026-02-11 10:24:16,754 | INFO | Resultado da posição: -0.02% | R$ -0.04
2026-02-11 10:24:21,756 | INFO | Buscando preço de BTCUSDT
2026-02-11 10:24:22,022 | INFO | Variação: 0.013% | 66935.75 → 66944.23
2026-02-11 10:24:22,022 | INFO | Resultado da posição: -0.01% | R$ -0.02
2026-02-11 10:24:27,023 | INFO | Buscando preço de BTCUSDT
2026-02-11 10:24:27,290 | INFO | Variação: -0.000% | 66944.23 → 66944.0
2026-02-11 10:24:27,290 | INFO | Resultado da posição: -0.01% | R$ -0.02
2026-02-11 10:24:32,291 | INFO | Buscando preço de BTCUSDT
2026-02-11 10:24:32,555 | INFO | Variação: -0.033% | 66944.0 → 66922.01
2026-02-11 10:24:32,555 | INFO | Resultado da posição: -0.04% | R$ -0.08
2026-02-11 10:24:32,556 | WARNING | 🔴 STOP LOSS | BTCUSDT | Prejuízo: R$ -0.08 | Capital: R$ 999.95
2026-02-11 10:24:37,557 | INFO | Buscando preço de BTCUSDT
2026-02-11 10:24:37,825 | INFO | Variação: 0.010% | 66922.01 → 66928.4
2026-02-11 10:24:42,825 | INFO | Buscando preço de BTCUSDT
2026-02-11 10:24:43,094 | INFO | Variação: 0.018% | 66928.4 → 66940.63
2026-02-11 10:24:48,095 | INFO | Buscando preço de BTCUSDT
2026-02-11 10:24:48,360 | INFO | Variação: 0.000% | 66940.63 → 66940.64
2026-02-11 10:24:53,361 | INFO | Buscando preço de BTCUSDT
2026-02-11 10:24:53,628 | INFO | Variação: 0.007% | 66940.64 → 66945.25
2026-02-11 10:24:58,629 | INFO | Buscando preço de BTCUSDT
2026-02-11 10:24:58,917 | INFO | Variação: -0.006% | 66945.25 → 66941.05
2026-02-11 10:25:03,918 | INFO | Buscando preço de BTCUSDT
2026-02-11 10:25:04,184 | INFO | Variação: -0.044% | 66941.05 → 66911.83
2026-02-11 10:25:09,185 | INFO | Buscando preço de BTCUSDT
2026-02-11 10:25:09,459 | INFO | Variação: 0.000% | 66911.83 → 66911.83
2026-02-11 10:25:14,460 | INFO | Buscando preço de BTCUSDT
2026-02-11 10:25:14,728 | INFO | Variação: -0.018% | 66911.83 → 66900.01
2026-02-11 10:25:19,728 | INFO | Buscando preço de BTCUSDT
2026-02-11 10:25:19,993 | INFO | Variação: -0.008% | 66900.01 → 66894.92
2026-02-11 10:25:24,993 | INFO | Buscando preço de BTCUSDT
2026-02-11 10:25:25,266 | INFO | Variação: -0.057% | 66894.92 → 66856.86
2026-02-11 10:25:30,267 | INFO | Buscando preço de BTCUSDT
2026-02-11 10:25:30,530 | INFO | Variação: -0.014% | 66856.86 → 66847.83
2026-02-11 10:25:35,532 | INFO | Buscando preço de BTCUSDT
2026-02-11 10:25:35,803 | INFO | Variação: 0.048% | 66847.83 → 66879.81
2026-02-11 10:25:35,804 | WARNING | 🟢 COMPRA SIMULADA | BTCUSDT a 66879.81 | Qtd: 0.002990 | Capital: R$ 999.95
2026-02-11 10:25:40,804 | INFO | Buscando preço de BTCUSDT
2026-02-11 10:25:41,074 | INFO | Variação: -0.000% | 66879.81 → 66879.8
2026-02-11 10:25:41,074 | INFO | Resultado da posição: -0.00% | R$ -0.00
2026-02-11 10:25:46,075 | INFO | Buscando preço de BTCUSDT
2026-02-11 10:25:46,341 | INFO | Variação: -0.019% | 66879.8 → 66866.9
2026-02-11 10:25:46,341 | INFO | Resultado da posição: -0.02% | R$ -0.04
2026-02-11 10:25:51,343 | INFO | Buscando preço de BTCUSDT
2026-02-11 10:25:51,610 | INFO | Variação: 0.019% | 66866.9 → 66879.56
2026-02-11 10:25:51,610 | INFO | Resultado da posição: -0.00% | R$ -0.00
2026-02-11 10:25:56,612 | INFO | Buscando preço de BTCUSDT
2026-02-11 10:25:56,879 | INFO | Variação: 0.003% | 66879.56 → 66881.64
2026-02-11 10:25:56,879 | INFO | Resultado da posição: 0.00% | R$ 0.01
2026-02-11 10:26:01,881 | INFO | Buscando preço de BTCUSDT
2026-02-11 10:26:02,148 | INFO | Variação: 0.007% | 66881.64 → 66886.65
2026-02-11 10:26:02,148 | INFO | Resultado da posição: 0.01% | R$ 0.02
2026-02-11 10:26:07,149 | INFO | Buscando preço de BTCUSDT
2026-02-11 10:26:07,417 | INFO | Variação: 0.010% | 66886.65 → 66893.15
2026-02-11 10:26:07,417 | INFO | Resultado da posição: 0.02% | R$ 0.04
2026-02-11 10:26:12,418 | INFO | Buscando preço de BTCUSDT
2026-02-11 10:26:12,682 | INFO | Variação: 0.017% | 66893.15 → 66904.19
2026-02-11 10:26:12,682 | INFO | Resultado da posição: 0.04% | R$ 0.07
2026-02-11 10:26:17,683 | INFO | Buscando preço de BTCUSDT
2026-02-11 10:26:17,953 | INFO | Variação: 0.001% | 66904.19 → 66904.91
2026-02-11 10:26:17,954 | INFO | Resultado da posição: 0.04% | R$ 0.08
2026-02-11 10:26:22,955 | INFO | Buscando preço de BTCUSDT
2026-02-11 10:26:23,222 | INFO | Variação: 0.012% | 66904.91 → 66913.21
2026-02-11 10:26:23,222 | INFO | Resultado da posição: 0.05% | R$ 0.10
2026-02-11 10:26:28,222 | INFO | Buscando preço de BTCUSDT
2026-02-11 10:26:28,489 | INFO | Variação: -0.006% | 66913.21 → 66909.18
2026-02-11 10:26:28,489 | INFO | Resultado da posição: 0.04% | R$ 0.09
2026-02-11 10:26:33,491 | INFO | Buscando preço de BTCUSDT
2026-02-11 10:26:33,755 | INFO | Variação: -0.000% | 66909.18 → 66909.17
2026-02-11 10:26:33,755 | INFO | Resultado da posição: 0.04% | R$ 0.09
2026-02-11 10:26:38,757 | INFO | Buscando preço de BTCUSDT
2026-02-11 10:26:39,026 | INFO | Variação: 0.000% | 66909.17 → 66909.17
2026-02-11 10:26:39,026 | INFO | Resultado da posição: 0.04% | R$ 0.09
2026-02-11 10:26:44,027 | INFO | Buscando preço de BTCUSDT
2026-02-11 10:26:44,290 | INFO | Variação: -0.006% | 66909.17 → 66905.19
2026-02-11 10:26:44,290 | INFO | Resultado da posição: 0.04% | R$ 0.08
2026-02-11 10:26:49,291 | INFO | Buscando preço de BTCUSDT
2026-02-11 10:26:49,556 | INFO | Variação: 0.011% | 66905.19 → 66912.87
2026-02-11 10:26:49,556 | INFO | Resultado da posição: 0.05% | R$ 0.10
2026-02-11 10:26:54,557 | INFO | Buscando preço de BTCUSDT
2026-02-11 10:26:54,820 | INFO | Variação: -0.013% | 66912.87 → 66903.98
2026-02-11 10:26:54,821 | INFO | Resultado da posição: 0.04% | R$ 0.07
2026-02-11 10:26:59,822 | INFO | Buscando preço de BTCUSDT
2026-02-11 10:27:00,089 | INFO | Variação: 0.010% | 66903.98 → 66910.5
2026-02-11 10:27:00,090 | INFO | Resultado da posição: 0.05% | R$ 0.09
2026-02-11 10:27:05,091 | INFO | Buscando preço de BTCUSDT
2026-02-11 10:27:05,356 | INFO | Variação: 0.011% | 66910.5 → 66917.99
2026-02-11 10:27:05,356 | INFO | Resultado da posição: 0.06% | R$ 0.11
2026-02-11 10:27:05,356 | WARNING | 🟢 TAKE PROFIT | BTCUSDT | Lucro: R$ 0.11 | Capital: R$ 1000.06
2026-02-11 10:27:10,357 | INFO | Buscando preço de BTCUSDT
2026-02-11 10:27:10,620 | INFO | Variação: 0.000% | 66917.99 → 66917.99
2026-02-11 10:27:15,621 | INFO | Buscando preço de BTCUSDT
2026-02-11 10:27:15,885 | INFO | Variação: -0.000% | 66917.99 → 66917.98
2026-02-11 10:27:20,886 | INFO | Buscando preço de BTCUSDT
2026-02-11 10:27:21,154 | INFO | Variação: -0.013% | 66917.98 → 66909.17
2026-02-11 10:27:26,154 | INFO | Buscando preço de BTCUSDT
2026-02-11 10:27:26,420 | INFO | Variação: -0.003% | 66909.17 → 66907.34
2026-02-11 10:27:31,421 | INFO | Buscando preço de BTCUSDT
2026-02-11 10:27:31,689 | INFO | Variação: 0.000% | 66907.34 → 66907.34
2026-02-11 10:27:36,689 | INFO | Buscando preço de BTCUSDT
2026-02-11 10:27:36,953 | INFO | Variação: -0.000% | 66907.34 → 66907.33
2026-02-11 10:27:41,955 | INFO | Buscando preço de BTCUSDT
2026-02-11 10:27:42,217 | INFO | Variação: 0.049% | 66907.33 → 66939.88
2026-02-11 10:27:42,217 | WARNING | 🟢 COMPRA SIMULADA | BTCUSDT a 66939.88 | Qtd: 0.002988 | Capital: R$ 1000.06
2026-02-11 10:27:47,219 | INFO | Buscando preço de BTCUSDT
2026-02-11 10:27:47,485 | INFO | Variação: 0.011% | 66939.88 → 66947.44
2026-02-11 10:27:47,485 | INFO | Resultado da posição: 0.01% | R$ 0.02
2026-02-11 10:27:52,486 | INFO | Buscando preço de BTCUSDT
2026-02-11 10:27:52,750 | INFO | Variação: -0.021% | 66947.44 → 66933.27
2026-02-11 10:27:52,751 | INFO | Resultado da posição: -0.01% | R$ -0.02
2026-02-11 10:27:57,752 | INFO | Buscando preço de BTCUSDT
2026-02-11 10:27:58,024 | INFO | Variação: 0.007% | 66933.27 → 66937.96
2026-02-11 10:27:58,024 | INFO | Resultado da posição: -0.00% | R$ -0.01
2026-02-11 10:28:03,025 | INFO | Buscando preço de BTCUSDT
2026-02-11 10:28:03,288 | INFO | Variação: 0.008% | 66937.96 → 66943.3
2026-02-11 10:28:03,290 | INFO | Resultado da posição: 0.01% | R$ 0.01
2026-02-11 10:28:08,290 | INFO | Buscando preço de BTCUSDT
2026-02-11 10:28:08,553 | INFO | Variação: -0.021% | 66943.3 → 66929.25
2026-02-11 10:28:08,554 | INFO | Resultado da posição: -0.02% | R$ -0.03
2026-02-11 10:28:13,555 | INFO | Buscando preço de BTCUSDT
2026-02-11 10:28:13,822 | INFO | Variação: -0.031% | 66929.25 → 66908.65
2026-02-11 10:28:13,822 | INFO | Resultado da posição: -0.05% | R$ -0.09
2026-02-11 10:28:13,822 | WARNING | 🔴 STOP LOSS | BTCUSDT | Prejuízo: R$ -0.09 | Capital: R$ 999.97
2026-02-11 10:28:18,823 | INFO | Buscando preço de BTCUSDT
2026-02-11 10:28:19,092 | INFO | Variação: -0.011% | 66908.65 → 66901.09
2026-02-11 10:28:24,093 | INFO | Buscando preço de BTCUSDT
2026-02-11 10:28:24,365 | INFO | Variação: -0.000% | 66901.09 → 66901.08
2026-02-11 10:28:29,366 | INFO | Buscando preço de BTCUSDT
2026-02-11 10:28:29,638 | INFO | Variação: -0.013% | 66901.08 → 66892.06
2026-02-11 10:28:34,639 | INFO | Buscando preço de BTCUSDT
2026-02-11 10:28:34,902 | INFO | Variação: -0.014% | 66892.06 → 66882.63
2026-02-11 10:28:39,903 | INFO | Buscando preço de BTCUSDT
2026-02-11 10:28:40,168 | INFO | Variação: 0.012% | 66882.63 → 66890.99
2026-02-11 10:28:45,169 | INFO | Buscando preço de BTCUSDT
2026-02-11 10:28:45,433 | INFO | Variação: 0.009% | 66890.99 → 66896.74
2026-02-11 10:28:50,434 | INFO | Buscando preço de BTCUSDT
2026-02-11 10:28:50,702 | INFO | Variação: -0.020% | 66896.74 → 66883.58
2026-02-11 10:28:55,702 | INFO | Buscando preço de BTCUSDT
2026-02-11 10:28:55,968 | INFO | Variação: -0.006% | 66883.58 → 66879.82
2026-02-11 10:29:00,969 | INFO | Buscando preço de BTCUSDT
2026-02-11 10:29:01,233 | INFO | Variação: -0.000% | 66879.82 → 66879.81
2026-02-11 10:29:06,234 | INFO | Buscando preço de BTCUSDT
2026-02-11 10:29:06,502 | INFO | Variação: 0.009% | 66879.81 → 66886.0
2026-02-11 10:29:11,503 | INFO | Buscando preço de BTCUSDT
2026-02-11 10:29:11,772 | INFO | Variação: 0.002% | 66886.0 → 66887.02
2026-02-11 10:29:16,772 | INFO | Buscando preço de BTCUSDT
2026-02-11 10:29:17,042 | INFO | Variação: -0.027% | 66887.02 → 66869.0
2026-02-11 10:29:22,044 | INFO | Buscando preço de BTCUSDT
2026-02-11 10:29:22,311 | INFO | Variação: -0.030% | 66869.0 → 66848.81
2026-02-11 10:29:27,312 | INFO | Buscando preço de BTCUSDT
2026-02-11 10:29:27,580 | INFO | Variação: 0.009% | 66848.81 → 66854.65
2026-02-11 10:29:32,580 | INFO | Buscando preço de BTCUSDT
2026-02-11 10:29:32,845 | INFO | Variação: 0.004% | 66854.65 → 66857.55
2026-02-11 10:29:37,846 | INFO | Buscando preço de BTCUSDT
2026-02-11 10:29:38,113 | INFO | Variação: -0.011% | 66857.55 → 66850.23
2026-02-11 10:29:43,114 | INFO | Buscando preço de BTCUSDT
2026-02-11 10:29:43,378 | INFO | Variação: -0.030% | 66850.23 → 66829.91
2026-02-11 10:29:48,379 | INFO | Buscando preço de BTCUSDT
2026-02-11 10:29:48,647 | INFO | Variação: 0.000% | 66829.91 → 66829.91
2026-02-11 10:29:53,648 | INFO | Buscando preço de BTCUSDT
2026-02-11 10:29:53,915 | INFO | Variação: 0.007% | 66829.91 → 66834.9
2026-02-11 10:29:58,916 | INFO | Buscando preço de BTCUSDT
2026-02-11 10:29:59,183 | INFO | Variação: 0.200% | 66834.9 → 66968.9
2026-02-11 10:29:59,183 | WARNING | 🟢 COMPRA SIMULADA | BTCUSDT a 66968.9 | Qtd: 0.002986 | Capital: R$ 999.97
2026-02-11 10:30:04,185 | INFO | Buscando preço de BTCUSDT
2026-02-11 10:30:04,451 | INFO | Variação: 0.330% | 66968.9 → 67190.02
2026-02-11 10:30:04,451 | INFO | Resultado da posição: 0.33% | R$ 0.66
2026-02-11 10:30:04,454 | WARNING | 🟢 TAKE PROFIT | BTCUSDT | Lucro: R$ 0.66 | Capital: R$ 1000.63
2026-02-11 10:30:04,454 | WARNING | 🟢 COMPRA SIMULADA | BTCUSDT a 67190.02 | Qtd: 0.002979 | Capital: R$ 1000.63
2026-02-11 10:30:09,455 | INFO | Buscando preço de BTCUSDT
2026-02-11 10:30:09,718 | INFO | Variação: -0.043% | 67190.02 → 67161.24
2026-02-11 10:30:09,719 | INFO | Resultado da posição: -0.04% | R$ -0.09
2026-02-11 10:30:09,719 | WARNING | 🔴 STOP LOSS | BTCUSDT | Prejuízo: R$ -0.09 | Capital: R$ 1000.54
2026-02-11 10:30:14,720 | INFO | Buscando preço de BTCUSDT
2026-02-11 10:30:14,992 | INFO | Variação: -0.207% | 67161.24 → 67021.96
2026-02-11 10:30:19,993 | INFO | Buscando preço de BTCUSDT
2026-02-11 10:30:20,257 | INFO | Variação: 0.128% | 67021.96 → 67108.04
2026-02-11 10:30:20,258 | WARNING | 🟢 COMPRA SIMULADA | BTCUSDT a 67108.04 | Qtd: 0.002982 | Capital: R$ 1000.54
2026-02-11 10:30:25,258 | INFO | Buscando preço de BTCUSDT
2026-02-11 10:30:25,537 | INFO | Variação: -0.011% | 67108.04 → 67100.4
2026-02-11 10:30:25,538 | INFO | Resultado da posição: -0.01% | R$ -0.02
2026-02-11 10:30:30,538 | INFO | Buscando preço de BTCUSDT
2026-02-11 10:30:30,802 | INFO | Variação: 0.041% | 67100.4 → 67128.08
2026-02-11 10:30:30,802 | INFO | Resultado da posição: 0.03% | R$ 0.06
2026-02-11 10:30:35,803 | INFO | Buscando preço de BTCUSDT
2026-02-11 10:30:36,067 | INFO | Variação: -0.110% | 67128.08 → 67054.12
2026-02-11 10:30:36,067 | INFO | Resultado da posição: -0.08% | R$ -0.16
2026-02-11 10:30:36,068 | WARNING | 🔴 STOP LOSS | BTCUSDT | Prejuízo: R$ -0.16 | Capital: R$ 1000.38
2026-02-11 10:30:41,069 | INFO | Buscando preço de BTCUSDT
2026-02-11 10:30:41,341 | INFO | Variação: 0.087% | 67054.12 → 67112.54
2026-02-11 10:30:41,341 | WARNING | 🟢 COMPRA SIMULADA | BTCUSDT a 67112.54 | Qtd: 0.002981 | Capital: R$ 1000.38
2026-02-11 10:30:46,342 | INFO | Buscando preço de BTCUSDT
2026-02-11 10:30:46,606 | INFO | Variação: -0.063% | 67112.54 → 67070.08
2026-02-11 10:30:46,607 | INFO | Resultado da posição: -0.06% | R$ -0.13
2026-02-11 10:30:46,607 | WARNING | 🔴 STOP LOSS | BTCUSDT | Prejuízo: R$ -0.13 | Capital: R$ 1000.26
2026-02-11 10:30:51,608 | INFO | Buscando preço de BTCUSDT
2026-02-11 10:30:51,871 | INFO | Variação: -0.137% | 67070.08 → 66978.0
2026-02-11 10:30:56,872 | INFO | Buscando preço de BTCUSDT
2026-02-11 10:30:57,137 | INFO | Variação: -0.083% | 66978.0 → 66922.72
2026-02-11 10:31:02,138 | INFO | Buscando preço de BTCUSDT
2026-02-11 10:31:02,402 | INFO | Variação: 0.040% | 66922.72 → 66949.48
2026-02-11 10:31:02,402 | WARNING | 🟢 COMPRA SIMULADA | BTCUSDT a 66949.48 | Qtd: 0.002988 | Capital: R$ 1000.26
2026-02-11 10:31:07,403 | INFO | Buscando preço de BTCUSDT
2026-02-11 10:31:07,677 | INFO | Variação: 0.071% | 66949.48 → 66996.94
2026-02-11 10:31:07,677 | INFO | Resultado da posição: 0.07% | R$ 0.14
2026-02-11 10:31:07,677 | WARNING | 🟢 TAKE PROFIT | BTCUSDT | Lucro: R$ 0.14 | Capital: R$ 1000.40
2026-02-11 10:31:07,678 | WARNING | 🟢 COMPRA SIMULADA | BTCUSDT a 66996.94 | Qtd: 0.002986 | Capital: R$ 1000.40
2026-02-11 10:31:12,679 | INFO | Buscando preço de BTCUSDT
2026-02-11 10:31:12,944 | INFO | Variação: 0.091% | 66996.94 → 67057.99
2026-02-11 10:31:12,944 | INFO | Resultado da posição: 0.09% | R$ 0.18
2026-02-11 10:31:12,944 | WARNING | 🟢 TAKE PROFIT | BTCUSDT | Lucro: R$ 0.18 | Capital: R$ 1000.58
2026-02-11 10:31:12,945 | WARNING | 🟢 COMPRA SIMULADA | BTCUSDT a 67057.99 | Qtd: 0.002984 | Capital: R$ 1000.58
2026-02-11 10:31:17,945 | INFO | Buscando preço de BTCUSDT
2026-02-11 10:31:18,215 | INFO | Variação: -0.024% | 67057.99 → 67041.57
2026-02-11 10:31:18,215 | INFO | Resultado da posição: -0.02% | R$ -0.05
2026-02-11 10:31:23,216 | INFO | Buscando preço de BTCUSDT
2026-02-11 10:31:23,483 | INFO | Variação: 0.016% | 67041.57 → 67052.55
2026-02-11 10:31:23,484 | INFO | Resultado da posição: -0.01% | R$ -0.02
2026-02-11 10:31:28,485 | INFO | Buscando preço de BTCUSDT
2026-02-11 10:31:28,754 | INFO | Variação: 0.059% | 67052.55 → 67091.95
2026-02-11 10:31:28,754 | INFO | Resultado da posição: 0.05% | R$ 0.10
2026-02-11 10:31:28,754 | WARNING | 🟢 TAKE PROFIT | BTCUSDT | Lucro: R$ 0.10 | Capital: R$ 1000.68
2026-02-11 10:31:28,754 | WARNING | 🟢 COMPRA SIMULADA | BTCUSDT a 67091.95 | Qtd: 0.002983 | Capital: R$ 1000.68
2026-02-11 10:31:33,755 | INFO | Buscando preço de BTCUSDT
2026-02-11 10:31:34,019 | INFO | Variação: 0.034% | 67091.95 → 67114.8
2026-02-11 10:31:34,019 | INFO | Resultado da posição: 0.03% | R$ 0.07
2026-02-11 10:31:39,019 | INFO | Buscando preço de BTCUSDT
2026-02-11 10:31:39,284 | INFO | Variação: 0.059% | 67114.8 → 67154.72
2026-02-11 10:31:39,284 | INFO | Resultado da posição: 0.09% | R$ 0.19
2026-02-11 10:31:39,284 | WARNING | 🟢 TAKE PROFIT | BTCUSDT | Lucro: R$ 0.19 | Capital: R$ 1000.87
2026-02-11 10:31:39,285 | WARNING | 🟢 COMPRA SIMULADA | BTCUSDT a 67154.72 | Qtd: 0.002981 | Capital: R$ 1000.87
2026-02-11 10:31:44,285 | INFO | Buscando preço de BTCUSDT
2026-02-11 10:31:44,549 | INFO | Variação: 0.002% | 67154.72 → 67155.97
2026-02-11 10:31:44,550 | INFO | Resultado da posição: 0.00% | R$ 0.00
2026-02-11 10:31:49,550 | INFO | Buscando preço de BTCUSDT
2026-02-11 10:31:49,816 | INFO | Variação: 0.046% | 67155.97 → 67186.86
2026-02-11 10:31:49,816 | INFO | Resultado da posição: 0.05% | R$ 0.10
2026-02-11 10:31:54,817 | INFO | Buscando preço de BTCUSDT
2026-02-11 10:31:55,081 | INFO | Variação: -0.000% | 67186.86 → 67186.84
2026-02-11 10:31:55,081 | INFO | Resultado da posição: 0.05% | R$ 0.10
2026-02-11 10:32:00,082 | INFO | Buscando preço de BTCUSDT
2026-02-11 10:32:00,351 | INFO | Variação: -0.012% | 67186.84 → 67178.9
2026-02-11 10:32:00,351 | INFO | Resultado da posição: 0.04% | R$ 0.07
2026-02-11 10:32:05,352 | INFO | Buscando preço de BTCUSDT
2026-02-11 10:32:05,616 | INFO | Variação: 0.111% | 67178.9 → 67253.65
2026-02-11 10:32:05,616 | INFO | Resultado da posição: 0.15% | R$ 0.29
2026-02-11 10:32:05,616 | WARNING | 🟢 TAKE PROFIT | BTCUSDT | Lucro: R$ 0.29 | Capital: R$ 1001.16
2026-02-11 10:32:05,617 | WARNING | 🟢 COMPRA SIMULADA | BTCUSDT a 67253.65 | Qtd: 0.002977 | Capital: R$ 1001.16
2026-02-11 10:32:10,618 | INFO | Buscando preço de BTCUSDT
2026-02-11 10:32:10,894 | INFO | Variação: 0.005% | 67253.65 → 67256.93
2026-02-11 10:32:10,894 | INFO | Resultado da posição: 0.00% | R$ 0.01
2026-02-11 10:32:15,895 | INFO | Buscando preço de BTCUSDT
2026-02-11 10:32:16,163 | INFO | Variação: -0.024% | 67256.93 → 67241.0
2026-02-11 10:32:16,164 | INFO | Resultado da posição: -0.02% | R$ -0.04
2026-02-11 10:32:21,164 | INFO | Buscando preço de BTCUSDT
2026-02-11 10:32:21,434 | INFO | Variação: 0.120% | 67241.0 → 67321.74
2026-02-11 10:32:21,434 | INFO | Resultado da posição: 0.10% | R$ 0.20
2026-02-11 10:32:21,434 | WARNING | 🟢 TAKE PROFIT | BTCUSDT | Lucro: R$ 0.20 | Capital: R$ 1001.37
2026-02-11 10:32:21,434 | WARNING | 🟢 COMPRA SIMULADA | BTCUSDT a 67321.74 | Qtd: 0.002975 | Capital: R$ 1001.37
2026-02-11 10:32:26,435 | INFO | Buscando preço de BTCUSDT
2026-02-11 10:32:26,712 | INFO | Variação: 0.024% | 67321.74 → 67338.06
2026-02-11 10:32:26,712 | INFO | Resultado da posição: 0.02% | R$ 0.05
2026-02-11 10:32:31,712 | INFO | Buscando preço de BTCUSDT
2026-02-11 10:32:31,980 | INFO | Variação: 0.035% | 67338.06 → 67361.77
2026-02-11 10:32:31,980 | INFO | Resultado da posição: 0.06% | R$ 0.12
2026-02-11 10:32:31,980 | WARNING | 🟢 TAKE PROFIT | BTCUSDT | Lucro: R$ 0.12 | Capital: R$ 1001.49
2026-02-11 10:32:31,980 | WARNING | 🟢 COMPRA SIMULADA | BTCUSDT a 67361.77 | Qtd: 0.002973 | Capital: R$ 1001.49
2026-02-11 10:32:36,981 | INFO | Buscando preço de BTCUSDT
2026-02-11 10:32:37,249 | INFO | Variação: -0.003% | 67361.77 → 67359.6
2026-02-11 10:32:37,249 | INFO | Resultado da posição: -0.00% | R$ -0.01
2026-02-11 10:32:42,250 | INFO | Buscando preço de BTCUSDT
2026-02-11 10:32:42,519 | INFO | Variação: 0.040% | 67359.6 → 67386.35
2026-02-11 10:32:42,519 | INFO | Resultado da posição: 0.04% | R$ 0.07
2026-02-11 10:32:47,520 | INFO | Buscando preço de BTCUSDT
2026-02-11 10:32:47,783 | INFO | Variação: 0.014% | 67386.35 → 67396.0
2026-02-11 10:32:47,783 | INFO | Resultado da posição: 0.05% | R$ 0.10
2026-02-11 10:32:47,785 | WARNING | 🟢 TAKE PROFIT | BTCUSDT | Lucro: R$ 0.10 | Capital: R$ 1001.59
2026-02-11 10:32:52,785 | INFO | Buscando preço de BTCUSDT
2026-02-11 10:32:53,558 | INFO | Variação: 0.031% | 67396.0 → 67416.66
2026-02-11 10:32:53,558 | WARNING | 🟢 COMPRA SIMULADA | BTCUSDT a 67416.66 | Qtd: 0.002971 | Capital: R$ 1001.59
2026-02-11 10:32:58,559 | INFO | Buscando preço de BTCUSDT
2026-02-11 10:32:58,823 | INFO | Variação: 0.017% | 67416.66 → 67428.0
2026-02-11 10:32:58,823 | INFO | Resultado da posição: 0.02% | R$ 0.03
2026-02-11 10:33:03,824 | INFO | Buscando preço de BTCUSDT
2026-02-11 10:33:04,087 | INFO | Variação: 0.083% | 67428.0 → 67483.76
2026-02-11 10:33:04,088 | INFO | Resultado da posição: 0.10% | R$ 0.20
2026-02-11 10:33:04,088 | WARNING | 🟢 TAKE PROFIT | BTCUSDT | Lucro: R$ 0.20 | Capital: R$ 1001.79
2026-02-11 10:33:04,088 | WARNING | 🟢 COMPRA SIMULADA | BTCUSDT a 67483.76 | Qtd: 0.002969 | Capital: R$ 1001.79
2026-02-11 10:33:09,089 | INFO | Buscando preço de BTCUSDT
2026-02-11 10:33:09,356 | INFO | Variação: 0.010% | 67483.76 → 67490.41
2026-02-11 10:33:09,356 | INFO | Resultado da posição: 0.01% | R$ 0.02
2026-02-11 10:33:14,357 | INFO | Buscando preço de BTCUSDT
2026-02-11 10:33:14,620 | INFO | Variação: 0.207% | 67490.41 → 67629.95
2026-02-11 10:33:14,620 | INFO | Resultado da posição: 0.22% | R$ 0.43
2026-02-11 10:33:14,620 | WARNING | 🟢 TAKE PROFIT | BTCUSDT | Lucro: R$ 0.43 | Capital: R$ 1002.22
2026-02-11 10:33:14,621 | WARNING | 🟢 COMPRA SIMULADA | BTCUSDT a 67629.95 | Qtd: 0.002964 | Capital: R$ 1002.22
2026-02-11 10:33:19,622 | INFO | Buscando preço de BTCUSDT
2026-02-11 10:33:19,887 | INFO | Variação: -0.072% | 67629.95 → 67581.09
2026-02-11 10:33:19,888 | INFO | Resultado da posição: -0.07% | R$ -0.14
2026-02-11 10:33:19,888 | WARNING | 🔴 STOP LOSS | BTCUSDT | Prejuízo: R$ -0.14 | Capital: R$ 1002.08
2026-02-11 10:33:24,888 | INFO | Buscando preço de BTCUSDT
2026-02-11 10:33:25,158 | INFO | Variação: -0.137% | 67581.09 → 67488.68
2026-02-11 10:33:30,159 | INFO | Buscando preço de BTCUSDT
2026-02-11 10:33:30,430 | INFO | Variação: -0.058% | 67488.68 → 67449.75
2026-02-11 10:33:35,431 | INFO | Buscando preço de BTCUSDT
2026-02-11 10:33:35,696 | INFO | Variação: 0.047% | 67449.75 → 67481.71
2026-02-11 10:33:35,696 | WARNING | 🟢 COMPRA SIMULADA | BTCUSDT a 67481.71 | Qtd: 0.002970 | Capital: R$ 1002.08
2026-02-11 10:33:40,698 | INFO | Buscando preço de BTCUSDT
2026-02-11 10:33:40,966 | INFO | Variação: -0.103% | 67481.71 → 67412.01
2026-02-11 10:33:40,966 | INFO | Resultado da posição: -0.10% | R$ -0.21
2026-02-11 10:33:40,966 | WARNING | 🔴 STOP LOSS | BTCUSDT | Prejuízo: R$ -0.21 | Capital: R$ 1001.87
2026-02-11 10:33:45,966 | INFO | Buscando preço de BTCUSDT
2026-02-11 10:33:46,232 | INFO | Variação: -0.030% | 67412.01 → 67391.83
2026-02-11 10:33:51,234 | INFO | Buscando preço de BTCUSDT
2026-02-11 10:33:51,498 | INFO | Variação: 0.054% | 67391.83 → 67428.31
2026-02-11 10:33:51,499 | WARNING | 🟢 COMPRA SIMULADA | BTCUSDT a 67428.31 | Qtd: 0.002972 | Capital: R$ 1001.87
2026-02-11 10:33:56,500 | INFO | Buscando preço de BTCUSDT
2026-02-11 10:33:56,767 | INFO | Variação: -0.048% | 67428.31 → 67396.01
2026-02-11 10:33:56,768 | INFO | Resultado da posição: -0.05% | R$ -0.10
2026-02-11 10:33:56,768 | WARNING | 🔴 STOP LOSS | BTCUSDT | Prejuízo: R$ -0.10 | Capital: R$ 1001.77
2026-02-11 10:34:01,769 | INFO | Buscando preço de BTCUSDT
2026-02-11 10:34:02,036 | INFO | Variação: 0.053% | 67396.01 → 67431.46
2026-02-11 10:34:02,036 | WARNING | 🟢 COMPRA SIMULADA | BTCUSDT a 67431.46 | Qtd: 0.002971 | Capital: R$ 1001.77
2026-02-11 10:34:07,037 | INFO | Buscando preço de BTCUSDT
2026-02-11 10:34:07,302 | INFO | Variação: 0.147% | 67431.46 → 67530.8
2026-02-11 10:34:07,302 | INFO | Resultado da posição: 0.15% | R$ 0.30
2026-02-11 10:34:07,302 | WARNING | 🟢 TAKE PROFIT | BTCUSDT | Lucro: R$ 0.30 | Capital: R$ 1002.07
2026-02-11 10:34:07,302 | WARNING | 🟢 COMPRA SIMULADA | BTCUSDT a 67530.8 | Qtd: 0.002968 | Capital: R$ 1002.07
2026-02-11 10:34:12,303 | INFO | Buscando preço de BTCUSDT
2026-02-11 10:34:12,567 | INFO | Variação: -0.066% | 67530.8 → 67486.28
2026-02-11 10:34:12,568 | INFO | Resultado da posição: -0.07% | R$ -0.13
2026-02-11 10:34:12,568 | WARNING | 🔴 STOP LOSS | BTCUSDT | Prejuízo: R$ -0.13 | Capital: R$ 1001.94
2026-02-11 10:34:17,569 | INFO | Buscando preço de BTCUSDT
2026-02-11 10:34:17,833 | INFO | Variação: 0.035% | 67486.28 → 67509.6
2026-02-11 10:34:17,833 | WARNING | 🟢 COMPRA SIMULADA | BTCUSDT a 67509.6 | Qtd: 0.002968 | Capital: R$ 1001.94
2026-02-11 10:34:22,834 | INFO | Buscando preço de BTCUSDT
2026-02-11 10:34:23,101 | INFO | Variação: 0.069% | 67509.6 → 67556.5
2026-02-11 10:34:23,101 | INFO | Resultado da posição: 0.07% | R$ 0.14
2026-02-11 10:34:23,102 | WARNING | 🟢 TAKE PROFIT | BTCUSDT | Lucro: R$ 0.14 | Capital: R$ 1002.07
2026-02-11 10:34:23,102 | WARNING | 🟢 COMPRA SIMULADA | BTCUSDT a 67556.5 | Qtd: 0.002967 | Capital: R$ 1002.07
2026-02-11 10:34:28,103 | INFO | Buscando preço de BTCUSDT
2026-02-11 10:34:28,369 | INFO | Variação: -0.045% | 67556.5 → 67526.4
2026-02-11 10:34:28,369 | INFO | Resultado da posição: -0.04% | R$ -0.09
2026-02-11 10:34:28,369 | WARNING | 🔴 STOP LOSS | BTCUSDT | Prejuízo: R$ -0.09 | Capital: R$ 1001.99
2026-02-11 10:34:33,369 | INFO | Buscando preço de BTCUSDT
2026-02-11 10:34:33,635 | INFO | Variação: -0.065% | 67526.4 → 67482.4
2026-02-11 10:34:38,637 | INFO | Buscando preço de BTCUSDT
2026-02-11 10:34:38,904 | INFO | Variação: -0.018% | 67482.4 → 67470.2
2026-02-11 10:34:43,905 | INFO | Buscando preço de BTCUSDT
2026-02-11 10:34:44,172 | INFO | Variação: 0.020% | 67470.2 → 67483.83
2026-02-11 10:34:44,172 | WARNING | 🟢 COMPRA SIMULADA | BTCUSDT a 67483.83 | Qtd: 0.002970 | Capital: R$ 1001.99
2026-02-11 10:34:49,173 | INFO | Buscando preço de BTCUSDT
2026-02-11 10:34:49,511 | INFO | Variação: -0.031% | 67483.83 → 67463.0
2026-02-11 10:34:49,511 | INFO | Resultado da posição: -0.03% | R$ -0.06
2026-02-11 10:34:49,512 | WARNING | 🔴 STOP LOSS | BTCUSDT | Prejuízo: R$ -0.06 | Capital: R$ 1001.92
2026-02-11 10:34:54,512 | INFO | Buscando preço de BTCUSDT
2026-02-11 10:34:54,781 | INFO | Variação: 0.074% | 67463.0 → 67512.69
2026-02-11 10:34:54,782 | WARNING | 🟢 COMPRA SIMULADA | BTCUSDT a 67512.69 | Qtd: 0.002968 | Capital: R$ 1001.92
2026-02-11 10:34:59,782 | INFO | Buscando preço de BTCUSDT
2026-02-11 10:35:00,049 | INFO | Variação: 0.014% | 67512.69 → 67521.93
2026-02-11 10:35:00,049 | INFO | Resultado da posição: 0.01% | R$ 0.03
2026-02-11 10:35:05,050 | INFO | Buscando preço de BTCUSDT
2026-02-11 10:35:05,314 | INFO | Variação: 0.004% | 67521.93 → 67524.88
2026-02-11 10:35:05,314 | INFO | Resultado da posição: 0.02% | R$ 0.04
2026-02-11 10:35:10,315 | INFO | Buscando preço de BTCUSDT
2026-02-11 10:35:10,579 | INFO | Variação: -0.110% | 67524.88 → 67450.65
2026-02-11 10:35:10,580 | INFO | Resultado da posição: -0.09% | R$ -0.18
2026-02-11 10:35:10,580 | WARNING | 🔴 STOP LOSS | BTCUSDT | Prejuízo: R$ -0.18 | Capital: R$ 1001.74
2026-02-11 10:35:15,581 | INFO | Buscando preço de BTCUSDT
2026-02-11 10:35:15,849 | INFO | Variação: -0.040% | 67450.65 → 67423.99
2026-02-11 10:35:20,850 | INFO | Buscando preço de BTCUSDT
2026-02-11 10:35:21,117 | INFO | Variação: -0.091% | 67423.99 → 67362.4
2026-02-11 10:35:26,117 | INFO | Buscando preço de BTCUSDT
2026-02-11 10:35:26,483 | INFO | Variação: -0.093% | 67362.4 → 67300.03
2026-02-11 10:35:31,484 | INFO | Buscando preço de BTCUSDT
2026-02-11 10:35:31,752 | INFO | Variação: 0.012% | 67300.03 → 67308.0
2026-02-11 10:35:36,752 | INFO | Buscando preço de BTCUSDT
2026-02-11 10:35:37,020 | INFO | Variação: 0.025% | 67308.0 → 67324.71
2026-02-11 10:35:37,021 | WARNING | 🟢 COMPRA SIMULADA | BTCUSDT a 67324.71 | Qtd: 0.002976 | Capital: R$ 1001.74
2026-02-11 10:35:42,021 | INFO | Buscando preço de BTCUSDT
2026-02-11 10:35:42,289 | INFO | Variação: -0.042% | 67324.71 → 67296.65
2026-02-11 10:35:42,289 | INFO | Resultado da posição: -0.04% | R$ -0.08
2026-02-11 10:35:42,290 | WARNING | 🔴 STOP LOSS | BTCUSDT | Prejuízo: R$ -0.08 | Capital: R$ 1001.66
2026-02-11 10:35:47,291 | INFO | Buscando preço de BTCUSDT
2026-02-11 10:35:47,556 | INFO | Variação: -0.010% | 67296.65 → 67290.15
2026-02-11 10:35:52,556 | INFO | Buscando preço de BTCUSDT
2026-02-11 10:35:52,823 | INFO | Variação: 0.033% | 67290.15 → 67312.17
2026-02-11 10:35:52,824 | WARNING | 🟢 COMPRA SIMULADA | BTCUSDT a 67312.17 | Qtd: 0.002976 | Capital: R$ 1001.66
2026-02-11 10:35:57,825 | INFO | Buscando preço de BTCUSDT
2026-02-11 10:35:58,093 | INFO | Variação: 0.016% | 67312.17 → 67322.74
2026-02-11 10:35:58,093 | INFO | Resultado da posição: 0.02% | R$ 0.03
2026-02-11 10:36:03,094 | INFO | Buscando preço de BTCUSDT
2026-02-11 10:36:03,361 | INFO | Variação: 0.033% | 67322.74 → 67344.91
2026-02-11 10:36:03,361 | INFO | Resultado da posição: 0.05% | R$ 0.10
2026-02-11 10:36:08,363 | INFO | Buscando preço de BTCUSDT
2026-02-11 10:36:08,634 | INFO | Variação: -0.031% | 67344.91 → 67324.0
2026-02-11 10:36:08,635 | INFO | Resultado da posição: 0.02% | R$ 0.04
2026-02-11 10:36:13,635 | INFO | Buscando preço de BTCUSDT
2026-02-11 10:36:13,905 | INFO | Variação: -0.018% | 67324.0 → 67312.18
2026-02-11 10:36:13,906 | INFO | Resultado da posição: 0.00% | R$ 0.00
2026-02-11 10:36:18,906 | INFO | Buscando preço de BTCUSDT
2026-02-11 10:36:19,170 | INFO | Variação: -0.053% | 67312.18 → 67276.45
2026-02-11 10:36:19,170 | INFO | Resultado da posição: -0.05% | R$ -0.11
2026-02-11 10:36:19,171 | WARNING | 🔴 STOP LOSS | BTCUSDT | Prejuízo: R$ -0.11 | Capital: R$ 1001.55
2026-02-11 10:36:24,171 | INFO | Buscando preço de BTCUSDT
2026-02-11 10:36:24,438 | INFO | Variação: 0.026% | 67276.45 → 67294.18
2026-02-11 10:36:24,439 | WARNING | 🟢 COMPRA SIMULADA | BTCUSDT a 67294.18 | Qtd: 0.002977 | Capital: R$ 1001.55
2026-02-11 10:36:29,439 | INFO | Buscando preço de BTCUSDT
2026-02-11 10:36:29,707 | INFO | Variação: 0.036% | 67294.18 → 67318.57
2026-02-11 10:36:29,708 | INFO | Resultado da posição: 0.04% | R$ 0.07
2026-02-11 10:36:34,708 | INFO | Buscando preço de BTCUSDT
2026-02-11 10:36:34,972 | INFO | Variação: 0.028% | 67318.57 → 67337.18
2026-02-11 10:36:34,975 | INFO | Resultado da posição: 0.06% | R$ 0.13
2026-02-11 10:36:34,975 | WARNING | 🟢 TAKE PROFIT | BTCUSDT | Lucro: R$ 0.13 | Capital: R$ 1001.68
2026-02-11 10:36:34,975 | WARNING | 🟢 COMPRA SIMULADA | BTCUSDT a 67337.18 | Qtd: 0.002975 | Capital: R$ 1001.68
2026-02-11 10:36:39,975 | INFO | Buscando preço de BTCUSDT
2026-02-11 10:36:40,242 | INFO | Variação: 0.026% | 67337.18 → 67354.77
2026-02-11 10:36:40,243 | INFO | Resultado da posição: 0.03% | R$ 0.05
2026-02-11 10:36:45,243 | INFO | Buscando preço de BTCUSDT
2026-02-11 10:36:45,516 | INFO | Variação: 0.087% | 67354.77 → 67413.67
2026-02-11 10:36:45,516 | INFO | Resultado da posição: 0.11% | R$ 0.23
2026-02-11 10:36:45,516 | WARNING | 🟢 TAKE PROFIT | BTCUSDT | Lucro: R$ 0.23 | Capital: R$ 1001.91
2026-02-11 10:36:45,516 | WARNING | 🟢 COMPRA SIMULADA | BTCUSDT a 67413.67 | Qtd: 0.002972 | Capital: R$ 1001.91
2026-02-11 10:36:50,517 | INFO | Buscando preço de BTCUSDT
2026-02-11 10:36:50,785 | INFO | Variação: -0.053% | 67413.67 → 67378.1
2026-02-11 10:36:50,785 | INFO | Resultado da posição: -0.05% | R$ -0.11
2026-02-11 10:36:50,785 | WARNING | 🔴 STOP LOSS | BTCUSDT | Prejuízo: R$ -0.11 | Capital: R$ 1001.80
2026-02-11 10:36:55,786 | INFO | Buscando preço de BTCUSDT
2026-02-11 10:36:56,056 | INFO | Variação: 0.045% | 67378.1 → 67408.47
2026-02-11 10:36:56,056 | WARNING | 🟢 COMPRA SIMULADA | BTCUSDT a 67408.47 | Qtd: 0.002972 | Capital: R$ 1001.80
2026-02-11 10:37:01,057 | INFO | Buscando preço de BTCUSDT
2026-02-11 10:37:01,323 | INFO | Variação: 0.034% | 67408.47 → 67431.24
2026-02-11 10:37:01,323 | INFO | Resultado da posição: 0.03% | R$ 0.07
2026-02-11 10:37:06,324 | INFO | Buscando preço de BTCUSDT
2026-02-11 10:37:06,591 | INFO | Variação: -0.017% | 67431.24 → 67419.75
2026-02-11 10:37:06,592 | INFO | Resultado da posição: 0.02% | R$ 0.03
2026-02-11 10:37:11,593 | INFO | Buscando preço de BTCUSDT
2026-02-11 10:37:11,866 | INFO | Variação: -0.021% | 67419.75 → 67405.59
2026-02-11 10:37:11,866 | INFO | Resultado da posição: -0.00% | R$ -0.01
2026-02-11 10:37:16,868 | INFO | Buscando preço de BTCUSDT
2026-02-11 10:37:17,133 | INFO | Variação: -0.011% | 67405.59 → 67398.27
2026-02-11 10:37:17,134 | INFO | Resultado da posição: -0.02% | R$ -0.03
2026-02-11 10:37:22,135 | INFO | Buscando preço de BTCUSDT
2026-02-11 10:37:22,403 | INFO | Variação: -0.008% | 67398.27 → 67392.67
2026-02-11 10:37:22,403 | INFO | Resultado da posição: -0.02% | R$ -0.05
2026-02-11 10:37:27,404 | INFO | Buscando preço de BTCUSDT
2026-02-11 10:37:28,187 | INFO | Variação: -0.040% | 67392.67 → 67365.69
2026-02-11 10:37:28,188 | INFO | Resultado da posição: -0.06% | R$ -0.13
2026-02-11 10:37:28,188 | WARNING | 🔴 STOP LOSS | BTCUSDT | Prejuízo: R$ -0.13 | Capital: R$ 1001.67
2026-02-11 10:37:33,189 | INFO | Buscando preço de BTCUSDT
2026-02-11 10:37:33,963 | INFO | Variação: -0.079% | 67365.69 → 67312.18
2026-02-11 10:37:38,964 | INFO | Buscando preço de BTCUSDT
2026-02-11 10:37:39,231 | INFO | Variação: -0.059% | 67312.18 → 67272.36
2026-02-11 10:37:43,841 | INFO | Bot encerrado manualmente (Ctrl + C) | Capital final: R$ 1001.67
2026-02-11 10:45:38,118 | INFO | Bot iniciado (SIMULAÇÃO COM CAPITAL + HISTÓRICO)
2026-02-11 10:45:38,118 | INFO | Criando cliente da Binance
2026-02-11 10:45:39,923 | INFO | Buscando preço de BTCUSDT
2026-02-11 10:45:40,192 | INFO | Preço inicial BTCUSDT: 67263.71
2026-02-11 10:45:45,193 | INFO | Buscando preço de BTCUSDT
2026-02-11 10:45:45,460 | INFO | Variação: 0.035% | 67263.71 → 67287.09
2026-02-11 10:45:45,461 | WARNING | 🟢 COMPRA SIMULADA | BTCUSDT a 67287.09 | Qtd: 0.002972 | Capital: R$ 1000.00
2026-02-11 10:45:50,461 | INFO | Buscando preço de BTCUSDT
2026-02-11 10:45:50,725 | INFO | Variação: -0.042% | 67287.09 → 67259.16
2026-02-11 10:45:50,725 | INFO | Resultado da posição: -0.04% | R$ -0.08
2026-02-11 10:45:50,725 | WARNING | 🔴 STOP LOSS | BTCUSDT | Prejuízo: R$ -0.08 | Capital: R$ 999.92
2026-02-11 10:45:55,727 | INFO | Buscando preço de BTCUSDT
2026-02-11 10:45:55,994 | INFO | Variação: -0.014% | 67259.16 → 67250.0
2026-02-11 10:46:00,995 | INFO | Buscando preço de BTCUSDT
2026-02-11 10:46:01,263 | INFO | Variação: 0.024% | 67250.0 → 67266.0
2026-02-11 10:46:01,263 | WARNING | 🟢 COMPRA SIMULADA | BTCUSDT a 67266.0 | Qtd: 0.002973 | Capital: R$ 999.92
2026-02-11 10:46:06,265 | INFO | Buscando preço de BTCUSDT
2026-02-11 10:46:06,532 | INFO | Variação: 0.027% | 67266.0 → 67283.99
2026-02-11 10:46:06,533 | INFO | Resultado da posição: 0.03% | R$ 0.05
2026-02-11 10:46:11,533 | INFO | Buscando preço de BTCUSDT
2026-02-11 10:46:11,801 | INFO | Variação: 0.038% | 67283.99 → 67309.76
2026-02-11 10:46:11,801 | INFO | Resultado da posição: 0.07% | R$ 0.13
2026-02-11 10:46:11,802 | WARNING | 🟢 TAKE PROFIT | BTCUSDT | Lucro: R$ 0.13 | Capital: R$ 1000.05
2026-02-11 10:46:11,802 | WARNING | 🟢 COMPRA SIMULADA | BTCUSDT a 67309.76 | Qtd: 0.002971 | Capital: R$ 1000.05
2026-02-11 10:46:16,803 | INFO | Buscando preço de BTCUSDT
2026-02-11 10:46:17,066 | INFO | Variação: 0.006% | 67309.76 → 67313.75
2026-02-11 10:46:17,066 | INFO | Resultado da posição: 0.01% | R$ 0.01
2026-02-11 10:46:22,067 | INFO | Buscando preço de BTCUSDT
2026-02-11 10:46:22,335 | INFO | Variação: 0.026% | 67313.75 → 67331.4
2026-02-11 10:46:22,335 | INFO | Resultado da posição: 0.03% | R$ 0.06
2026-02-11 10:46:27,336 | INFO | Buscando preço de BTCUSDT
2026-02-11 10:46:27,599 | INFO | Variação: 0.026% | 67331.4 → 67349.1
2026-02-11 10:46:27,599 | INFO | Resultado da posição: 0.06% | R$ 0.12
2026-02-11 10:46:27,599 | WARNING | 🟢 TAKE PROFIT | BTCUSDT | Lucro: R$ 0.12 | Capital: R$ 1000.16
2026-02-11 10:46:27,599 | WARNING | 🟢 COMPRA SIMULADA | BTCUSDT a 67349.1 | Qtd: 0.002970 | Capital: R$ 1000.16
2026-02-11 10:46:32,601 | INFO | Buscando preço de BTCUSDT
2026-02-11 10:46:32,873 | INFO | Variação: -0.019% | 67349.1 → 67336.24
2026-02-11 10:46:32,874 | INFO | Resultado da posição: -0.02% | R$ -0.04
2026-02-11 10:46:37,875 | INFO | Buscando preço de BTCUSDT
2026-02-11 10:46:38,139 | INFO | Variação: 0.025% | 67336.24 → 67353.26
2026-02-11 10:46:38,139 | INFO | Resultado da posição: 0.01% | R$ 0.01
2026-02-11 10:46:43,140 | INFO | Buscando preço de BTCUSDT
2026-02-11 10:46:43,405 | INFO | Variação: -0.021% | 67353.26 → 67339.07
2026-02-11 10:46:43,406 | INFO | Resultado da posição: -0.01% | R$ -0.03
2026-02-11 10:46:48,407 | INFO | Buscando preço de BTCUSDT
2026-02-11 10:46:48,674 | INFO | Variação: -0.043% | 67339.07 → 67310.35
2026-02-11 10:46:48,674 | INFO | Resultado da posição: -0.06% | R$ -0.12
2026-02-11 10:46:48,675 | WARNING | 🔴 STOP LOSS | BTCUSDT | Prejuízo: R$ -0.12 | Capital: R$ 1000.05
2026-02-11 10:46:53,675 | INFO | Buscando preço de BTCUSDT
2026-02-11 10:46:53,944 | INFO | Variação: 0.028% | 67310.35 → 67329.21
2026-02-11 10:46:53,945 | WARNING | 🟢 COMPRA SIMULADA | BTCUSDT a 67329.21 | Qtd: 0.002971 | Capital: R$ 1000.05
2026-02-11 10:46:58,946 | INFO | Buscando preço de BTCUSDT
2026-02-11 10:46:59,212 | INFO | Variação: 0.065% | 67329.21 → 67372.9
2026-02-11 10:46:59,212 | INFO | Resultado da posição: 0.06% | R$ 0.13
2026-02-11 10:46:59,212 | WARNING | 🟢 TAKE PROFIT | BTCUSDT | Lucro: R$ 0.13 | Capital: R$ 1000.18
2026-02-11 10:46:59,213 | WARNING | 🟢 COMPRA SIMULADA | BTCUSDT a 67372.9 | Qtd: 0.002969 | Capital: R$ 1000.18
2026-02-11 10:47:04,214 | INFO | Buscando preço de BTCUSDT
2026-02-11 10:47:04,481 | INFO | Variação: -0.017% | 67372.9 → 67361.77
2026-02-11 10:47:04,482 | INFO | Resultado da posição: -0.02% | R$ -0.03
2026-02-11 10:47:09,483 | INFO | Buscando preço de BTCUSDT
2026-02-11 10:47:09,749 | INFO | Variação: -0.086% | 67361.77 → 67304.0
2026-02-11 10:47:09,750 | INFO | Resultado da posição: -0.10% | R$ -0.20
2026-02-11 10:47:09,750 | WARNING | 🔴 STOP LOSS | BTCUSDT | Prejuízo: R$ -0.20 | Capital: R$ 999.97
2026-02-11 10:47:14,751 | INFO | Buscando preço de BTCUSDT
2026-02-11 10:47:15,018 | INFO | Variação: -0.031% | 67304.0 → 67282.88
2026-02-11 10:47:20,020 | INFO | Buscando preço de BTCUSDT
2026-02-11 10:47:20,283 | INFO | Variação: -0.051% | 67282.88 → 67248.49
2026-02-11 10:47:25,283 | INFO | Buscando preço de BTCUSDT
2026-02-11 10:47:25,553 | INFO | Variação: 0.025% | 67248.49 → 67265.31
2026-02-11 10:47:25,554 | WARNING | 🟢 COMPRA SIMULADA | BTCUSDT a 67265.31 | Qtd: 0.002973 | Capital: R$ 999.97
2026-02-11 10:47:30,555 | INFO | Buscando preço de BTCUSDT
2026-02-11 10:47:30,820 | INFO | Variação: 0.027% | 67265.31 → 67283.66
2026-02-11 10:47:30,820 | INFO | Resultado da posição: 0.03% | R$ 0.05
2026-02-11 10:47:35,821 | INFO | Buscando preço de BTCUSDT
2026-02-11 10:47:36,082 | INFO | Variação: -0.014% | 67283.66 → 67273.92
2026-02-11 10:47:36,082 | INFO | Resultado da posição: 0.01% | R$ 0.03
2026-02-11 10:47:41,084 | INFO | Buscando preço de BTCUSDT
2026-02-11 10:47:41,355 | INFO | Variação: -0.000% | 67273.92 → 67273.65
2026-02-11 10:47:41,356 | INFO | Resultado da posição: 0.01% | R$ 0.02
2026-02-11 10:47:46,356 | INFO | Buscando preço de BTCUSDT
2026-02-11 10:47:46,624 | INFO | Variação: -0.003% | 67273.65 → 67271.34
2026-02-11 10:47:46,624 | INFO | Resultado da posição: 0.01% | R$ 0.02
2026-02-11 10:47:51,626 | INFO | Buscando preço de BTCUSDT
2026-02-11 10:47:51,904 | INFO | Variação: 0.031% | 67271.34 → 67291.99
2026-02-11 10:47:51,904 | INFO | Resultado da posição: 0.04% | R$ 0.08
2026-02-11 10:47:56,905 | INFO | Buscando preço de BTCUSDT
2026-02-11 10:47:57,171 | INFO | Variação: -0.013% | 67291.99 → 67283.46
2026-02-11 10:47:57,171 | INFO | Resultado da posição: 0.03% | R$ 0.05
2026-02-11 10:48:02,173 | INFO | Buscando preço de BTCUSDT
2026-02-11 10:48:02,442 | INFO | Variação: 0.013% | 67283.46 → 67292.0
2026-02-11 10:48:02,442 | INFO | Resultado da posição: 0.04% | R$ 0.08
2026-02-11 10:48:07,444 | INFO | Buscando preço de BTCUSDT
2026-02-11 10:48:07,710 | INFO | Variação: 0.013% | 67292.0 → 67300.42
2026-02-11 10:48:07,711 | INFO | Resultado da posição: 0.05% | R$ 0.10
2026-02-11 10:48:07,711 | WARNING | 🟢 TAKE PROFIT | BTCUSDT | Lucro: R$ 0.10 | Capital: R$ 1000.08
2026-02-11 10:48:12,712 | INFO | Buscando preço de BTCUSDT
2026-02-11 10:48:12,977 | INFO | Variação: 0.008% | 67300.42 → 67306.04
2026-02-11 10:48:17,978 | INFO | Buscando preço de BTCUSDT
2026-02-11 10:48:18,245 | INFO | Variação: -0.006% | 67306.04 → 67302.01
2026-02-11 10:48:23,246 | INFO | Buscando preço de BTCUSDT
2026-02-11 10:48:24,016 | INFO | Variação: 0.054% | 67302.01 → 67338.2
2026-02-11 10:48:24,016 | WARNING | 🟢 COMPRA SIMULADA | BTCUSDT a 67338.2 | Qtd: 0.002970 | Capital: R$ 1000.08
2026-02-11 10:48:29,017 | INFO | Buscando preço de BTCUSDT
2026-02-11 10:48:29,284 | INFO | Variação: -0.024% | 67338.2 → 67322.08
2026-02-11 10:48:29,284 | INFO | Resultado da posição: -0.02% | R$ -0.05
2026-02-11 10:48:34,285 | INFO | Buscando preço de BTCUSDT
2026-02-11 10:48:34,555 | INFO | Variação: 0.035% | 67322.08 → 67345.77
2026-02-11 10:48:34,556 | INFO | Resultado da posição: 0.01% | R$ 0.02
2026-02-11 10:48:39,556 | INFO | Buscando preço de BTCUSDT
2026-02-11 10:48:39,821 | INFO | Variação: -0.021% | 67345.77 → 67331.61
2026-02-11 10:48:39,821 | INFO | Resultado da posição: -0.01% | R$ -0.02
2026-02-11 10:48:44,822 | INFO | Buscando preço de BTCUSDT
2026-02-11 10:48:45,085 | INFO | Variação: -0.026% | 67331.61 → 67314.01
2026-02-11 10:48:45,086 | INFO | Resultado da posição: -0.04% | R$ -0.07
2026-02-11 10:48:45,086 | WARNING | 🔴 STOP LOSS | BTCUSDT | Prejuízo: R$ -0.07 | Capital: R$ 1000.01
2026-02-11 10:48:50,087 | INFO | Buscando preço de BTCUSDT
2026-02-11 10:48:50,354 | INFO | Variação: -0.047% | 67314.01 → 67282.34
2026-02-11 10:48:55,355 | INFO | Buscando preço de BTCUSDT
2026-02-11 10:48:55,627 | INFO | Variação: -0.033% | 67282.34 → 67260.39
2026-02-11 10:49:00,628 | INFO | Buscando preço de BTCUSDT
2026-02-11 10:49:00,896 | INFO | Variação: 0.011% | 67260.39 → 67267.56
2026-02-11 10:49:05,896 | INFO | Buscando preço de BTCUSDT
2026-02-11 10:49:06,164 | INFO | Variação: -0.002% | 67267.56 → 67266.24
2026-02-11 10:49:11,164 | INFO | Buscando preço de BTCUSDT
2026-02-11 10:49:11,428 | INFO | Variação: -0.029% | 67266.24 → 67246.92
2026-02-11 10:49:16,429 | INFO | Buscando preço de BTCUSDT
2026-02-11 10:49:16,696 | INFO | Variação: -0.043% | 67246.92 → 67218.2
2026-02-11 10:49:21,697 | INFO | Buscando preço de BTCUSDT
2026-02-11 10:49:21,962 | INFO | Variação: -0.003% | 67218.2 → 67216.51
2026-02-11 10:49:26,963 | INFO | Buscando preço de BTCUSDT
2026-02-11 10:49:27,231 | INFO | Variação: 0.011% | 67216.51 → 67223.95
2026-02-11 10:49:32,232 | INFO | Buscando preço de BTCUSDT
2026-02-11 10:49:32,498 | INFO | Variação: 0.039% | 67223.95 → 67250.17
2026-02-11 10:49:32,499 | WARNING | 🟢 COMPRA SIMULADA | BTCUSDT a 67250.17 | Qtd: 0.002974 | Capital: R$ 1000.01
2026-02-11 10:49:37,500 | INFO | Buscando preço de BTCUSDT
2026-02-11 10:49:37,762 | INFO | Variação: 0.004% | 67250.17 → 67252.59
2026-02-11 10:49:37,762 | INFO | Resultado da posição: 0.00% | R$ 0.01
2026-02-11 10:49:42,764 | INFO | Buscando preço de BTCUSDT
2026-02-11 10:49:43,028 | INFO | Variação: 0.047% | 67252.59 → 67284.37
2026-02-11 10:49:43,028 | INFO | Resultado da posição: 0.05% | R$ 0.10
2026-02-11 10:49:43,029 | WARNING | 🟢 TAKE PROFIT | BTCUSDT | Lucro: R$ 0.10 | Capital: R$ 1000.11
2026-02-11 10:49:43,029 | WARNING | 🟢 COMPRA SIMULADA | BTCUSDT a 67284.37 | Qtd: 0.002973 | Capital: R$ 1000.11
2026-02-11 10:49:48,029 | INFO | Buscando preço de BTCUSDT
2026-02-11 10:49:48,299 | INFO | Variação: -0.000% | 67284.37 → 67284.35
2026-02-11 10:49:48,299 | INFO | Resultado da posição: -0.00% | R$ -0.00
2026-02-11 10:49:53,301 | INFO | Buscando preço de BTCUSDT
2026-02-11 10:49:53,566 | INFO | Variação: -0.025% | 67284.35 → 67267.84
2026-02-11 10:49:53,566 | INFO | Resultado da posição: -0.02% | R$ -0.05
2026-02-11 10:49:58,567 | INFO | Buscando preço de BTCUSDT
2026-02-11 10:49:58,832 | INFO | Variação: -0.031% | 67267.84 → 67247.14
2026-02-11 10:49:58,832 | INFO | Resultado da posição: -0.06% | R$ -0.11
2026-02-11 10:49:58,832 | WARNING | 🔴 STOP LOSS | BTCUSDT | Prejuízo: R$ -0.11 | Capital: R$ 1000.00
2026-02-11 10:50:03,833 | INFO | Buscando preço de BTCUSDT
2026-02-11 10:50:04,103 | INFO | Variação: 0.065% | 67247.14 → 67290.73
2026-02-11 10:50:04,103 | WARNING | 🟢 COMPRA SIMULADA | BTCUSDT a 67290.73 | Qtd: 0.002972 | Capital: R$ 1000.00
2026-02-11 10:50:09,104 | INFO | Buscando preço de BTCUSDT
2026-02-11 10:50:09,372 | INFO | Variação: 0.009% | 67290.73 → 67296.61
2026-02-11 10:50:09,372 | INFO | Resultado da posição: 0.01% | R$ 0.02
2026-02-11 10:50:14,372 | INFO | Buscando preço de BTCUSDT
2026-02-11 10:50:14,640 | INFO | Variação: 0.000% | 67296.61 → 67296.61
2026-02-11 10:50:14,640 | INFO | Resultado da posição: 0.01% | R$ 0.02
2026-02-11 10:50:19,641 | INFO | Buscando preço de BTCUSDT
2026-02-11 10:50:19,906 | INFO | Variação: 0.000% | 67296.61 → 67296.61
2026-02-11 10:50:19,906 | INFO | Resultado da posição: 0.01% | R$ 0.02
2026-02-11 10:50:24,907 | INFO | Buscando preço de BTCUSDT
2026-02-11 10:50:25,171 | INFO | Variação: -0.025% | 67296.61 → 67279.71
2026-02-11 10:50:25,174 | INFO | Resultado da posição: -0.02% | R$ -0.03
2026-02-11 10:50:30,174 | INFO | Buscando preço de BTCUSDT
2026-02-11 10:50:30,441 | INFO | Variação: -0.043% | 67279.71 → 67251.06
2026-02-11 10:50:30,442 | INFO | Resultado da posição: -0.06% | R$ -0.12
2026-02-11 10:50:30,442 | WARNING | 🔴 STOP LOSS | BTCUSDT | Prejuízo: R$ -0.12 | Capital: R$ 999.88
2026-02-11 10:50:35,443 | INFO | Buscando preço de BTCUSDT
2026-02-11 10:50:35,711 | INFO | Variação: -0.036% | 67251.06 → 67226.69
2026-02-11 10:50:40,712 | INFO | Buscando preço de BTCUSDT
2026-02-11 10:50:40,979 | INFO | Variação: 0.026% | 67226.69 → 67244.33
2026-02-11 10:50:40,980 | WARNING | 🟢 COMPRA SIMULADA | BTCUSDT a 67244.33 | Qtd: 0.002974 | Capital: R$ 999.88
2026-02-11 10:50:45,980 | INFO | Buscando preço de BTCUSDT
2026-02-11 10:50:46,245 | INFO | Variação: -0.021% | 67244.33 → 67230.21
2026-02-11 10:50:46,245 | INFO | Resultado da posição: -0.02% | R$ -0.04
2026-02-11 10:50:51,246 | INFO | Buscando preço de BTCUSDT
2026-02-11 10:50:51,511 | INFO | Variação: 0.012% | 67230.21 → 67238.1
2026-02-11 10:50:51,512 | INFO | Resultado da posição: -0.01% | R$ -0.02
2026-02-11 10:50:56,512 | INFO | Buscando preço de BTCUSDT
2026-02-11 10:50:56,782 | INFO | Variação: -0.004% | 67238.1 → 67235.08
2026-02-11 10:50:56,782 | INFO | Resultado da posição: -0.01% | R$ -0.03
2026-02-11 10:51:01,784 | INFO | Buscando preço de BTCUSDT
2026-02-11 10:51:02,048 | INFO | Variação: -0.034% | 67235.08 → 67211.89
2026-02-11 10:51:02,048 | INFO | Resultado da posição: -0.05% | R$ -0.10
2026-02-11 10:51:02,048 | WARNING | 🔴 STOP LOSS | BTCUSDT | Prejuízo: R$ -0.10 | Capital: R$ 999.78
2026-02-11 10:51:07,049 | INFO | Buscando preço de BTCUSDT
2026-02-11 10:51:07,315 | INFO | Variação: -0.074% | 67211.89 → 67162.48
2026-02-11 10:51:12,316 | INFO | Buscando preço de BTCUSDT
2026-02-11 10:51:12,582 | INFO | Variação: -0.019% | 67162.48 → 67150.03
2026-02-11 10:51:17,582 | INFO | Buscando preço de BTCUSDT
2026-02-11 10:51:17,851 | INFO | Variação: -0.034% | 67150.03 → 67127.35
2026-02-11 10:51:22,852 | INFO | Buscando preço de BTCUSDT
2026-02-11 10:51:23,119 | INFO | Variação: -0.055% | 67127.35 → 67090.2
2026-02-11 10:51:28,120 | INFO | Buscando preço de BTCUSDT
2026-02-11 10:51:28,384 | INFO | Variação: -0.049% | 67090.2 → 67057.29
2026-02-11 10:51:33,385 | INFO | Buscando preço de BTCUSDT
2026-02-11 10:51:33,652 | INFO | Variação: -0.039% | 67057.29 → 67031.16
2026-02-11 10:51:38,653 | INFO | Buscando preço de BTCUSDT
2026-02-11 10:51:38,921 | INFO | Variação: -0.041% | 67031.16 → 67004.01
2026-02-11 10:51:43,922 | INFO | Buscando preço de BTCUSDT
2026-02-11 10:51:44,190 | INFO | Variação: 0.071% | 67004.01 → 67051.63
2026-02-11 10:51:44,190 | WARNING | 🟢 COMPRA SIMULADA | BTCUSDT a 67051.63 | Qtd: 0.002982 | Capital: R$ 999.78
2026-02-11 10:51:49,190 | INFO | Buscando preço de BTCUSDT
2026-02-11 10:51:49,458 | INFO | Variação: -0.041% | 67051.63 → 67024.45
2026-02-11 10:51:49,458 | INFO | Resultado da posição: -0.04% | R$ -0.08
2026-02-11 10:51:49,458 | WARNING | 🔴 STOP LOSS | BTCUSDT | Prejuízo: R$ -0.08 | Capital: R$ 999.70
2026-02-11 10:51:54,459 | INFO | Buscando preço de BTCUSDT
2026-02-11 10:51:54,729 | INFO | Variação: -0.024% | 67024.45 → 67008.49
2026-02-11 10:51:59,729 | INFO | Buscando preço de BTCUSDT
2026-02-11 10:52:00,000 | INFO | Variação: -0.023% | 67008.49 → 66993.0
2026-02-11 10:52:05,001 | INFO | Buscando preço de BTCUSDT
2026-02-11 10:52:05,264 | INFO | Variação: -0.021% | 66993.0 → 66978.98
2026-02-11 10:52:10,266 | INFO | Buscando preço de BTCUSDT
2026-02-11 10:52:10,533 | INFO | Variação: -0.004% | 66978.98 → 66976.01
2026-02-11 10:52:15,535 | INFO | Buscando preço de BTCUSDT
2026-02-11 10:52:15,797 | INFO | Variação: 0.023% | 66976.01 → 66991.18
2026-02-11 10:52:15,797 | WARNING | 🟢 COMPRA SIMULADA | BTCUSDT a 66991.18 | Qtd: 0.002985 | Capital: R$ 999.70
2026-02-11 10:52:20,798 | INFO | Buscando preço de BTCUSDT
2026-02-11 10:52:21,062 | INFO | Variação: 0.000% | 66991.18 → 66991.18
2026-02-11 10:52:21,062 | INFO | Resultado da posição: 0.00% | R$ 0.00
2026-02-11 10:52:26,063 | INFO | Buscando preço de BTCUSDT
2026-02-11 10:52:26,327 | INFO | Variação: 0.000% | 66991.18 → 66991.27
2026-02-11 10:52:26,327 | INFO | Resultado da posição: 0.00% | R$ 0.00
2026-02-11 10:52:31,329 | INFO | Buscando preço de BTCUSDT
2026-02-11 10:52:31,593 | INFO | Variação: 0.003% | 66991.27 → 66993.61
2026-02-11 10:52:31,593 | INFO | Resultado da posição: 0.00% | R$ 0.01
2026-02-11 10:52:36,594 | INFO | Buscando preço de BTCUSDT
2026-02-11 10:52:36,867 | INFO | Variação: -0.002% | 66993.61 → 66992.01
2026-02-11 10:52:36,867 | INFO | Resultado da posição: 0.00% | R$ 0.00
2026-02-11 10:52:41,868 | INFO | Buscando preço de BTCUSDT
2026-02-11 10:52:42,137 | INFO | Variação: -0.009% | 66992.01 → 66986.08
2026-02-11 10:52:42,137 | INFO | Resultado da posição: -0.01% | R$ -0.02
2026-02-11 10:52:47,137 | INFO | Buscando preço de BTCUSDT
2026-02-11 10:52:47,401 | INFO | Variação: -0.022% | 66986.08 → 66971.01
2026-02-11 10:52:47,401 | INFO | Resultado da posição: -0.03% | R$ -0.06
2026-02-11 10:52:47,401 | WARNING | 🔴 STOP LOSS | BTCUSDT | Prejuízo: R$ -0.06 | Capital: R$ 999.64
2026-02-11 10:52:52,403 | INFO | Buscando preço de BTCUSDT
2026-02-11 10:52:52,671 | INFO | Variação: -0.018% | 66971.01 → 66958.84
2026-02-11 10:52:57,671 | INFO | Buscando preço de BTCUSDT
2026-02-11 10:52:57,942 | INFO | Variação: -0.050% | 66958.84 → 66925.45
2026-02-11 10:53:02,943 | INFO | Buscando preço de BTCUSDT
2026-02-11 10:53:03,218 | INFO | Variação: 0.050% | 66925.45 → 66958.83
2026-02-11 10:53:03,219 | WARNING | 🟢 COMPRA SIMULADA | BTCUSDT a 66958.83 | Qtd: 0.002986 | Capital: R$ 999.64
2026-02-11 10:53:08,219 | INFO | Buscando preço de BTCUSDT
2026-02-11 10:53:08,484 | INFO | Variação: 0.038% | 66958.83 → 66984.03
2026-02-11 10:53:08,484 | INFO | Resultado da posição: 0.04% | R$ 0.08
2026-02-11 10:53:13,485 | INFO | Buscando preço de BTCUSDT
2026-02-11 10:53:13,753 | INFO | Variação: -0.010% | 66984.03 → 66977.61
2026-02-11 10:53:13,753 | INFO | Resultado da posição: 0.03% | R$ 0.06
2026-02-11 10:53:18,754 | INFO | Buscando preço de BTCUSDT
2026-02-11 10:53:19,019 | INFO | Variação: -0.014% | 66977.61 → 66968.01
2026-02-11 10:53:19,020 | INFO | Resultado da posição: 0.01% | R$ 0.03
2026-02-11 10:53:24,021 | INFO | Buscando preço de BTCUSDT
2026-02-11 10:53:24,288 | INFO | Variação: 0.024% | 66968.01 → 66984.02
2026-02-11 10:53:24,288 | INFO | Resultado da posição: 0.04% | R$ 0.08
2026-02-11 10:53:29,289 | INFO | Buscando preço de BTCUSDT
2026-02-11 10:53:29,555 | INFO | Variação: 0.000% | 66984.02 → 66984.03
2026-02-11 10:53:29,555 | INFO | Resultado da posição: 0.04% | R$ 0.08
2026-02-11 10:53:34,557 | INFO | Buscando preço de BTCUSDT
2026-02-11 10:53:34,819 | INFO | Variação: -0.017% | 66984.03 → 66972.65
2026-02-11 10:53:34,822 | INFO | Resultado da posição: 0.02% | R$ 0.04
2026-02-11 10:53:39,822 | INFO | Buscando preço de BTCUSDT
2026-02-11 10:53:40,090 | INFO | Variação: 0.013% | 66972.65 → 66981.04
2026-02-11 10:53:40,090 | INFO | Resultado da posição: 0.03% | R$ 0.07
2026-02-11 10:53:45,091 | INFO | Buscando preço de BTCUSDT
2026-02-11 10:53:45,355 | INFO | Variação: 0.082% | 66981.04 → 67035.76
2026-02-11 10:53:45,355 | INFO | Resultado da posição: 0.11% | R$ 0.23
2026-02-11 10:53:45,355 | WARNING | 🟢 TAKE PROFIT | BTCUSDT | Lucro: R$ 0.23 | Capital: R$ 999.87
2026-02-11 10:53:45,356 | WARNING | 🟢 COMPRA SIMULADA | BTCUSDT a 67035.76 | Qtd: 0.002983 | Capital: R$ 999.87
2026-02-11 10:53:50,357 | INFO | Buscando preço de BTCUSDT
2026-02-11 10:53:50,629 | INFO | Variação: -0.009% | 67035.76 → 67029.42
2026-02-11 10:53:50,629 | INFO | Resultado da posição: -0.01% | R$ -0.02
2026-02-11 10:53:55,630 | INFO | Buscando preço de BTCUSDT
2026-02-11 10:53:55,894 | INFO | Variação: 0.000% | 67029.42 → 67029.43
2026-02-11 10:53:55,894 | INFO | Resultado da posição: -0.01% | R$ -0.02
2026-02-11 10:54:00,895 | INFO | Buscando preço de BTCUSDT
2026-02-11 10:54:01,163 | INFO | Variação: 0.007% | 67029.43 → 67034.21
2026-02-11 10:54:01,163 | INFO | Resultado da posição: -0.00% | R$ -0.00
2026-02-11 10:54:06,164 | INFO | Buscando preço de BTCUSDT
2026-02-11 10:54:06,428 | INFO | Variação: 0.038% | 67034.21 → 67059.41
2026-02-11 10:54:06,429 | INFO | Resultado da posição: 0.04% | R$ 0.07
2026-02-11 10:54:11,429 | INFO | Buscando preço de BTCUSDT
2026-02-11 10:54:11,697 | INFO | Variação: -0.000% | 67059.41 → 67059.34
2026-02-11 10:54:11,697 | INFO | Resultado da posição: 0.04% | R$ 0.07
2026-02-11 10:54:16,698 | INFO | Buscando preço de BTCUSDT
2026-02-11 10:54:16,963 | INFO | Variação: -0.005% | 67059.34 → 67055.67
2026-02-11 10:54:16,964 | INFO | Resultado da posição: 0.03% | R$ 0.06
2026-02-11 10:54:21,965 | INFO | Buscando preço de BTCUSDT
2026-02-11 10:54:22,230 | INFO | Variação: 0.007% | 67055.67 → 67060.47
2026-02-11 10:54:22,230 | INFO | Resultado da posição: 0.04% | R$ 0.07
2026-02-11 10:54:27,231 | INFO | Buscando preço de BTCUSDT
2026-02-11 10:54:27,495 | INFO | Variação: -0.075% | 67060.47 → 67010.15
2026-02-11 10:54:27,495 | INFO | Resultado da posição: -0.04% | R$ -0.08
2026-02-11 10:54:27,495 | WARNING | 🔴 STOP LOSS | BTCUSDT | Prejuízo: R$ -0.08 | Capital: R$ 999.80
2026-02-11 10:54:32,496 | INFO | Buscando preço de BTCUSDT
2026-02-11 10:54:32,762 | INFO | Variação: 0.073% | 67010.15 → 67059.32
2026-02-11 10:54:32,763 | WARNING | 🟢 COMPRA SIMULADA | BTCUSDT a 67059.32 | Qtd: 0.002982 | Capital: R$ 999.80
2026-02-11 10:54:37,764 | INFO | Buscando preço de BTCUSDT
2026-02-11 10:54:38,031 | INFO | Variação: -0.015% | 67059.32 → 67049.56
2026-02-11 10:54:38,032 | INFO | Resultado da posição: -0.01% | R$ -0.03
2026-02-11 10:54:43,032 | INFO | Buscando preço de BTCUSDT
2026-02-11 10:54:43,299 | INFO | Variação: 0.004% | 67049.56 → 67052.09
2026-02-11 10:54:43,299 | INFO | Resultado da posição: -0.01% | R$ -0.02
2026-02-11 10:54:48,300 | INFO | Buscando preço de BTCUSDT
2026-02-11 10:54:49,079 | INFO | Variação: 0.007% | 67052.09 → 67056.51
2026-02-11 10:54:49,080 | INFO | Resultado da posição: -0.00% | R$ -0.01
2026-02-11 10:54:54,080 | INFO | Buscando preço de BTCUSDT
2026-02-11 10:54:54,349 | INFO | Variação: 0.034% | 67056.51 → 67079.05
2026-02-11 10:54:54,349 | INFO | Resultado da posição: 0.03% | R$ 0.06
2026-02-11 10:54:59,350 | INFO | Buscando preço de BTCUSDT
2026-02-11 10:54:59,613 | INFO | Variação: 0.000% | 67079.05 → 67079.05
2026-02-11 10:54:59,613 | INFO | Resultado da posição: 0.03% | R$ 0.06
2026-02-11 10:55:04,614 | INFO | Buscando preço de BTCUSDT
2026-02-11 10:55:04,886 | INFO | Variação: 0.060% | 67079.05 → 67119.25
2026-02-11 10:55:04,886 | INFO | Resultado da posição: 0.09% | R$ 0.18
2026-02-11 10:55:04,887 | WARNING | 🟢 TAKE PROFIT | BTCUSDT | Lucro: R$ 0.18 | Capital: R$ 999.97
2026-02-11 10:55:04,887 | WARNING | 🟢 COMPRA SIMULADA | BTCUSDT a 67119.25 | Qtd: 0.002980 | Capital: R$ 999.97
2026-02-11 10:55:09,888 | INFO | Buscando preço de BTCUSDT
2026-02-11 10:55:10,155 | INFO | Variação: 0.022% | 67119.25 → 67133.69
2026-02-11 10:55:10,156 | INFO | Resultado da posição: 0.02% | R$ 0.04
2026-02-11 10:55:13,924 | INFO | Bot encerrado manualmente (Ctrl + C)
2026-02-11 10:55:13,925 | INFO | ========== RELATÓRIO FINAL ==========
2026-02-11 10:55:13,925 | INFO | Capital inicial: R$ 1000.00
2026-02-11 10:55:13,925 | INFO | Capital final: R$ 999.97
2026-02-11 10:55:13,925 | INFO | Total de trades: 17
2026-02-11 10:55:13,925 | INFO | Vitórias: 7
2026-02-11 10:55:13,927 | INFO | Derrotas: 10
2026-02-11 10:55:13,927 | INFO | Win Rate: 41.18%
2026-02-11 10:55:13,927 | INFO | Lucro total: R$ -0.03
2026-02-11 10:55:35,934 | INFO | Bot iniciado (SIMULAÇÃO COM CAPITAL + HISTÓRICO)
2026-02-11 10:55:35,934 | INFO | Criando cliente da Binance
2026-02-11 10:55:37,279 | INFO | Buscando preço de ZROUSDT
2026-02-11 10:55:37,547 | INFO | Preço inicial ZROUSDT: 2.51
2026-02-11 10:55:42,548 | INFO | Buscando preço de ZROUSDT
2026-02-11 10:55:42,812 | INFO | Variação: -0.040% | 2.51 → 2.509
2026-02-11 10:55:47,812 | INFO | Buscando preço de ZROUSDT
2026-02-11 10:55:48,080 | INFO | Variação: 0.000% | 2.509 → 2.509
2026-02-11 10:55:53,080 | INFO | Buscando preço de ZROUSDT
2026-02-11 10:55:53,344 | INFO | Variação: -0.080% | 2.509 → 2.507
2026-02-11 10:55:58,345 | INFO | Buscando preço de ZROUSDT
2026-02-11 10:55:58,609 | INFO | Variação: -0.040% | 2.507 → 2.506
2026-02-11 10:56:03,610 | INFO | Buscando preço de ZROUSDT
2026-02-11 10:56:03,875 | INFO | Variação: 0.040% | 2.506 → 2.507
2026-02-11 10:56:03,876 | WARNING | 🟢 COMPRA SIMULADA | ZROUSDT a 2.507 | Qtd: 79.776625 | Capital: R$ 1000.00
2026-02-11 10:56:08,876 | INFO | Buscando preço de ZROUSDT
2026-02-11 10:56:09,149 | INFO | Variação: 0.120% | 2.507 → 2.51
2026-02-11 10:56:09,149 | INFO | Resultado da posição: 0.12% | R$ 0.24
2026-02-11 10:56:09,149 | WARNING | 🟢 TAKE PROFIT | ZROUSDT | Lucro: R$ 0.24 | Capital: R$ 1000.24
2026-02-11 10:56:09,150 | WARNING | 🟢 COMPRA SIMULADA | ZROUSDT a 2.51 | Qtd: 79.700345 | Capital: R$ 1000.24
2026-02-11 10:56:14,150 | INFO | Buscando preço de ZROUSDT
2026-02-11 10:56:14,415 | INFO | Variação: -0.159% | 2.51 → 2.506
2026-02-11 10:56:14,415 | INFO | Resultado da posição: -0.16% | R$ -0.32
2026-02-11 10:56:14,415 | WARNING | 🔴 STOP LOSS | ZROUSDT | Prejuízo: R$ -0.32 | Capital: R$ 999.92
2026-02-11 10:56:19,416 | INFO | Buscando preço de ZROUSDT
2026-02-11 10:56:19,681 | INFO | Variação: -0.200% | 2.506 → 2.501
2026-02-11 10:56:24,683 | INFO | Buscando preço de ZROUSDT
2026-02-11 10:56:24,947 | INFO | Variação: -0.040% | 2.501 → 2.5
2026-02-11 10:56:29,948 | INFO | Buscando preço de ZROUSDT
2026-02-11 10:56:30,219 | INFO | Variação: 0.120% | 2.5 → 2.503
2026-02-11 10:56:30,220 | WARNING | 🟢 COMPRA SIMULADA | ZROUSDT a 2.503 | Qtd: 79.897765 | Capital: R$ 999.92
2026-02-11 10:56:35,221 | INFO | Buscando preço de ZROUSDT
2026-02-11 10:56:35,485 | INFO | Variação: -0.320% | 2.503 → 2.495
2026-02-11 10:56:35,485 | INFO | Resultado da posição: -0.32% | R$ -0.64
2026-02-11 10:56:35,486 | WARNING | 🔴 STOP LOSS | ZROUSDT | Prejuízo: R$ -0.64 | Capital: R$ 999.28
2026-02-11 10:56:40,487 | INFO | Buscando preço de ZROUSDT
2026-02-11 10:56:40,755 | INFO | Variação: -0.601% | 2.495 → 2.48
2026-02-11 10:56:45,756 | INFO | Buscando preço de ZROUSDT
2026-02-11 10:56:46,024 | INFO | Variação: 0.161% | 2.48 → 2.484
2026-02-11 10:56:46,025 | WARNING | 🟢 COMPRA SIMULADA | ZROUSDT a 2.484 | Qtd: 80.457435 | Capital: R$ 999.28
2026-02-11 10:56:51,026 | INFO | Buscando preço de ZROUSDT
2026-02-11 10:56:51,297 | INFO | Variação: -0.483% | 2.484 → 2.472
2026-02-11 10:56:51,298 | INFO | Resultado da posição: -0.48% | R$ -0.97
2026-02-11 10:56:51,298 | WARNING | 🔴 STOP LOSS | ZROUSDT | Prejuízo: R$ -0.97 | Capital: R$ 998.32
2026-02-11 10:56:56,298 | INFO | Buscando preço de ZROUSDT
2026-02-11 10:56:56,570 | INFO | Variação: -0.162% | 2.472 → 2.468
2026-02-11 10:57:01,571 | INFO | Buscando preço de ZROUSDT
2026-02-11 10:57:01,835 | INFO | Variação: 0.000% | 2.468 → 2.468
2026-02-11 10:57:06,836 | INFO | Buscando preço de ZROUSDT
2026-02-11 10:57:07,100 | INFO | Variação: 0.041% | 2.468 → 2.469
2026-02-11 10:57:07,101 | WARNING | 🟢 COMPRA SIMULADA | ZROUSDT a 2.469 | Qtd: 80.868032 | Capital: R$ 998.32
2026-02-11 10:57:12,101 | INFO | Buscando preço de ZROUSDT
2026-02-11 10:57:12,369 | INFO | Variação: 0.405% | 2.469 → 2.479
2026-02-11 10:57:12,369 | INFO | Resultado da posição: 0.41% | R$ 0.81
2026-02-11 10:57:12,369 | WARNING | 🟢 TAKE PROFIT | ZROUSDT | Lucro: R$ 0.81 | Capital: R$ 999.12
2026-02-11 10:57:12,370 | WARNING | 🟢 COMPRA SIMULADA | ZROUSDT a 2.479 | Qtd: 80.607062 | Capital: R$ 999.12
2026-02-11 10:57:17,370 | INFO | Buscando preço de ZROUSDT
2026-02-11 10:57:17,639 | INFO | Variação: 0.000% | 2.479 → 2.479
2026-02-11 10:57:17,639 | INFO | Resultado da posição: 0.00% | R$ 0.00
2026-02-11 10:57:22,640 | INFO | Buscando preço de ZROUSDT
2026-02-11 10:57:22,912 | INFO | Variação: 0.202% | 2.479 → 2.484
2026-02-11 10:57:22,912 | INFO | Resultado da posição: 0.20% | R$ 0.40
2026-02-11 10:57:22,912 | WARNING | 🟢 TAKE PROFIT | ZROUSDT | Lucro: R$ 0.40 | Capital: R$ 999.53
2026-02-11 10:57:22,912 | WARNING | 🟢 COMPRA SIMULADA | ZROUSDT a 2.484 | Qtd: 80.477260 | Capital: R$ 999.53
2026-02-11 10:57:27,913 | INFO | Buscando preço de ZROUSDT
2026-02-11 10:57:28,180 | INFO | Variação: 0.161% | 2.484 → 2.488
2026-02-11 10:57:28,180 | INFO | Resultado da posição: 0.16% | R$ 0.32
2026-02-11 10:57:28,181 | WARNING | 🟢 TAKE PROFIT | ZROUSDT | Lucro: R$ 0.32 | Capital: R$ 999.85
2026-02-11 10:57:28,181 | WARNING | 🟢 COMPRA SIMULADA | ZROUSDT a 2.488 | Qtd: 80.373753 | Capital: R$ 999.85
2026-02-11 10:57:33,182 | INFO | Buscando preço de ZROUSDT
2026-02-11 10:57:33,446 | INFO | Variação: 0.040% | 2.488 → 2.489
2026-02-11 10:57:33,446 | INFO | Resultado da posição: 0.04% | R$ 0.08
2026-02-11 10:57:38,447 | INFO | Buscando preço de ZROUSDT
2026-02-11 10:57:38,715 | INFO | Variação: 0.000% | 2.489 → 2.489
2026-02-11 10:57:38,715 | INFO | Resultado da posição: 0.04% | R$ 0.08
2026-02-11 10:57:43,716 | INFO | Buscando preço de ZROUSDT
2026-02-11 10:57:43,983 | INFO | Variação: 0.040% | 2.489 → 2.49
2026-02-11 10:57:43,984 | INFO | Resultado da posição: 0.08% | R$ 0.16
2026-02-11 10:57:43,984 | WARNING | 🟢 TAKE PROFIT | ZROUSDT | Lucro: R$ 0.16 | Capital: R$ 1000.01
2026-02-11 10:57:43,984 | WARNING | 🟢 COMPRA SIMULADA | ZROUSDT a 2.49 | Qtd: 80.322107 | Capital: R$ 1000.01
2026-02-11 10:57:48,985 | INFO | Buscando preço de ZROUSDT
2026-02-11 10:57:49,255 | INFO | Variação: -0.080% | 2.49 → 2.488
2026-02-11 10:57:49,255 | INFO | Resultado da posição: -0.08% | R$ -0.16
2026-02-11 10:57:49,255 | WARNING | 🔴 STOP LOSS | ZROUSDT | Prejuízo: R$ -0.16 | Capital: R$ 999.85
2026-02-11 10:57:54,257 | INFO | Buscando preço de ZROUSDT
2026-02-11 10:57:54,525 | INFO | Variação: -0.322% | 2.488 → 2.48
2026-02-11 10:57:59,526 | INFO | Buscando preço de ZROUSDT
2026-02-11 10:57:59,796 | INFO | Variação: -0.040% | 2.48 → 2.479
2026-02-11 10:58:04,797 | INFO | Buscando preço de ZROUSDT
2026-02-11 10:58:05,068 | INFO | Variação: 0.403% | 2.479 → 2.489
2026-02-11 10:58:05,068 | WARNING | 🟢 COMPRA SIMULADA | ZROUSDT a 2.489 | Qtd: 80.341469 | Capital: R$ 999.85
2026-02-11 10:58:10,069 | INFO | Buscando preço de ZROUSDT
2026-02-11 10:58:10,335 | INFO | Variação: 0.201% | 2.489 → 2.494
2026-02-11 10:58:10,336 | INFO | Resultado da posição: 0.20% | R$ 0.40
2026-02-11 10:58:10,336 | WARNING | 🟢 TAKE PROFIT | ZROUSDT | Lucro: R$ 0.40 | Capital: R$ 1000.25
2026-02-11 10:58:10,336 | WARNING | 🟢 COMPRA SIMULADA | ZROUSDT a 2.494 | Qtd: 80.212614 | Capital: R$ 1000.25
2026-02-11 10:58:15,337 | INFO | Buscando preço de ZROUSDT
2026-02-11 10:58:15,600 | INFO | Variação: 0.000% | 2.494 → 2.494
2026-02-11 10:58:15,600 | INFO | Resultado da posição: 0.00% | R$ 0.00
2026-02-11 10:58:20,602 | INFO | Buscando preço de ZROUSDT
2026-02-11 10:58:20,869 | INFO | Variação: 0.040% | 2.494 → 2.495
2026-02-11 10:58:20,869 | INFO | Resultado da posição: 0.04% | R$ 0.08
2026-02-11 10:58:25,870 | INFO | Buscando preço de ZROUSDT
2026-02-11 10:58:26,143 | INFO | Variação: 0.040% | 2.495 → 2.496
2026-02-11 10:58:26,143 | INFO | Resultado da posição: 0.08% | R$ 0.16
2026-02-11 10:58:26,144 | WARNING | 🟢 TAKE PROFIT | ZROUSDT | Lucro: R$ 0.16 | Capital: R$ 1000.41
2026-02-11 10:58:26,144 | WARNING | 🟢 COMPRA SIMULADA | ZROUSDT a 2.496 | Qtd: 80.161195 | Capital: R$ 1000.41
2026-02-11 10:58:31,145 | INFO | Buscando preço de ZROUSDT
2026-02-11 10:58:31,416 | INFO | Variação: 0.000% | 2.496 → 2.496
2026-02-11 10:58:31,416 | INFO | Resultado da posição: 0.00% | R$ 0.00
2026-02-11 10:58:36,418 | INFO | Buscando preço de ZROUSDT
2026-02-11 10:58:36,686 | INFO | Variação: 0.000% | 2.496 → 2.496
2026-02-11 10:58:36,686 | INFO | Resultado da posição: 0.00% | R$ 0.00
2026-02-11 10:58:41,687 | INFO | Buscando preço de ZROUSDT
2026-02-11 10:58:41,957 | INFO | Variação: 0.160% | 2.496 → 2.5
2026-02-11 10:58:41,958 | INFO | Resultado da posição: 0.16% | R$ 0.32
2026-02-11 10:58:41,958 | WARNING | 🟢 TAKE PROFIT | ZROUSDT | Lucro: R$ 0.32 | Capital: R$ 1000.73
2026-02-11 10:58:41,958 | WARNING | 🟢 COMPRA SIMULADA | ZROUSDT a 2.5 | Qtd: 80.058589 | Capital: R$ 1000.73
2026-02-11 10:58:46,959 | INFO | Buscando preço de ZROUSDT
2026-02-11 10:58:47,225 | INFO | Variação: 0.040% | 2.5 → 2.501
2026-02-11 10:58:47,226 | INFO | Resultado da posição: 0.04% | R$ 0.08
2026-02-11 10:58:52,227 | INFO | Buscando preço de ZROUSDT
2026-02-11 10:58:52,496 | INFO | Variação: -0.040% | 2.501 → 2.5
2026-02-11 10:58:52,497 | INFO | Resultado da posição: 0.00% | R$ 0.00
2026-02-11 10:58:57,497 | INFO | Buscando preço de ZROUSDT
2026-02-11 10:58:57,764 | INFO | Variação: 0.160% | 2.5 → 2.504
2026-02-11 10:58:57,765 | INFO | Resultado da posição: 0.16% | R$ 0.32
2026-02-11 10:58:57,765 | WARNING | 🟢 TAKE PROFIT | ZROUSDT | Lucro: R$ 0.32 | Capital: R$ 1001.05
2026-02-11 10:58:57,765 | WARNING | 🟢 COMPRA SIMULADA | ZROUSDT a 2.504 | Qtd: 79.956278 | Capital: R$ 1001.05
2026-02-11 10:59:02,766 | INFO | Buscando preço de ZROUSDT
2026-02-11 10:59:03,035 | INFO | Variação: 0.120% | 2.504 → 2.507
2026-02-11 10:59:03,036 | INFO | Resultado da posição: 0.12% | R$ 0.24
2026-02-11 10:59:03,036 | WARNING | 🟢 TAKE PROFIT | ZROUSDT | Lucro: R$ 0.24 | Capital: R$ 1001.29
2026-02-11 10:59:03,036 | WARNING | 🟢 COMPRA SIMULADA | ZROUSDT a 2.507 | Qtd: 79.879734 | Capital: R$ 1001.29
2026-02-11 10:59:08,037 | INFO | Buscando preço de ZROUSDT
2026-02-11 10:59:08,305 | INFO | Variação: 0.199% | 2.507 → 2.512
2026-02-11 10:59:08,305 | INFO | Resultado da posição: 0.20% | R$ 0.40
2026-02-11 10:59:08,305 | WARNING | 🟢 TAKE PROFIT | ZROUSDT | Lucro: R$ 0.40 | Capital: R$ 1001.69
2026-02-11 10:59:08,306 | WARNING | 🟢 COMPRA SIMULADA | ZROUSDT a 2.512 | Qtd: 79.752537 | Capital: R$ 1001.69
2026-02-11 10:59:13,307 | INFO | Buscando preço de ZROUSDT
2026-02-11 10:59:13,576 | INFO | Variação: 0.000% | 2.512 → 2.512
2026-02-11 10:59:13,577 | INFO | Resultado da posição: 0.00% | R$ 0.00
2026-02-11 10:59:18,577 | INFO | Buscando preço de ZROUSDT
2026-02-11 10:59:18,845 | INFO | Variação: -0.080% | 2.512 → 2.51
2026-02-11 10:59:18,846 | INFO | Resultado da posição: -0.08% | R$ -0.16
2026-02-11 10:59:18,846 | WARNING | 🔴 STOP LOSS | ZROUSDT | Prejuízo: R$ -0.16 | Capital: R$ 1001.53
2026-02-11 10:59:23,847 | INFO | Buscando preço de ZROUSDT
2026-02-11 10:59:24,122 | INFO | Variação: -0.199% | 2.51 → 2.505
2026-02-11 10:59:29,122 | INFO | Buscando preço de ZROUSDT
2026-02-11 10:59:29,392 | INFO | Variação: 0.120% | 2.505 → 2.508
2026-02-11 10:59:29,392 | WARNING | 🟢 COMPRA SIMULADA | ZROUSDT a 2.508 | Qtd: 79.867014 | Capital: R$ 1001.53
2026-02-11 10:59:34,393 | INFO | Buscando preço de ZROUSDT
2026-02-11 10:59:34,660 | INFO | Variação: 0.080% | 2.508 → 2.51
2026-02-11 10:59:34,661 | INFO | Resultado da posição: 0.08% | R$ 0.16
2026-02-11 10:59:34,661 | WARNING | 🟢 TAKE PROFIT | ZROUSDT | Lucro: R$ 0.16 | Capital: R$ 1001.69
2026-02-11 10:59:34,661 | WARNING | 🟢 COMPRA SIMULADA | ZROUSDT a 2.51 | Qtd: 79.816103 | Capital: R$ 1001.69
2026-02-11 10:59:39,662 | INFO | Buscando preço de ZROUSDT
2026-02-11 10:59:39,930 | INFO | Variação: -0.080% | 2.51 → 2.508
2026-02-11 10:59:39,930 | INFO | Resultado da posição: -0.08% | R$ -0.16
2026-02-11 10:59:39,930 | WARNING | 🔴 STOP LOSS | ZROUSDT | Prejuízo: R$ -0.16 | Capital: R$ 1001.53
2026-02-11 10:59:44,932 | INFO | Buscando preço de ZROUSDT
2026-02-11 10:59:45,195 | INFO | Variação: -0.159% | 2.508 → 2.504
2026-02-11 10:59:50,196 | INFO | Buscando preço de ZROUSDT
2026-02-11 10:59:50,466 | INFO | Variação: -0.200% | 2.504 → 2.499
2026-02-11 10:59:55,467 | INFO | Buscando preço de ZROUSDT
2026-02-11 10:59:55,738 | INFO | Variação: -0.160% | 2.499 → 2.495
2026-02-11 11:00:00,739 | INFO | Buscando preço de ZROUSDT
2026-02-11 11:00:01,007 | INFO | Variação: 0.000% | 2.495 → 2.495
2026-02-11 11:00:06,008 | INFO | Buscando preço de ZROUSDT
2026-02-11 11:00:06,273 | INFO | Variação: 0.160% | 2.495 → 2.499
2026-02-11 11:00:06,273 | WARNING | 🟢 COMPRA SIMULADA | ZROUSDT a 2.499 | Qtd: 80.154659 | Capital: R$ 1001.53
2026-02-11 11:00:11,274 | INFO | Buscando preço de ZROUSDT
2026-02-11 11:00:11,539 | INFO | Variação: 0.080% | 2.499 → 2.501
2026-02-11 11:00:11,540 | INFO | Resultado da posição: 0.08% | R$ 0.16
2026-02-11 11:00:11,540 | WARNING | 🟢 TAKE PROFIT | ZROUSDT | Lucro: R$ 0.16 | Capital: R$ 1001.69
2026-02-11 11:00:11,540 | WARNING | 🟢 COMPRA SIMULADA | ZROUSDT a 2.501 | Qtd: 80.103380 | Capital: R$ 1001.69
2026-02-11 11:00:16,541 | INFO | Buscando preço de ZROUSDT
2026-02-11 11:00:16,809 | INFO | Variação: 0.080% | 2.501 → 2.503
2026-02-11 11:00:16,810 | INFO | Resultado da posição: 0.08% | R$ 0.16
2026-02-11 11:00:16,810 | WARNING | 🟢 TAKE PROFIT | ZROUSDT | Lucro: R$ 0.16 | Capital: R$ 1001.85
2026-02-11 11:00:16,810 | WARNING | 🟢 COMPRA SIMULADA | ZROUSDT a 2.503 | Qtd: 80.052176 | Capital: R$ 1001.85
2026-02-11 11:00:18,884 | INFO | Bot encerrado manualmente (Ctrl + C)
2026-02-11 11:00:18,885 | INFO | ========== RELATÓRIO FINAL ==========
2026-02-11 11:00:18,885 | INFO | Capital inicial: R$ 1000.00
2026-02-11 11:00:18,885 | INFO | Capital final: R$ 1001.85
2026-02-11 11:00:18,886 | INFO | Total de trades: 20
2026-02-11 11:00:18,886 | INFO | Vitórias: 14
2026-02-11 11:00:18,886 | INFO | Derrotas: 6
2026-02-11 11:00:18,887 | INFO | Win Rate: 70.00%
2026-02-11 11:00:18,887 | INFO | Lucro total: R$ 1.85
2026-02-11 11:01:33,320 | INFO | Bot iniciado (SIMULAÇÃO COM CAPITAL + HISTÓRICO)
2026-02-11 11:01:33,320 | INFO | Criando cliente da Binance
2026-02-11 11:01:34,621 | INFO | Buscando preço de ZROUSDT
2026-02-11 11:01:34,885 | INFO | Preço inicial ZROUSDT: 2.511
2026-02-11 11:01:39,886 | INFO | Buscando preço de ZROUSDT
2026-02-11 11:01:40,154 | INFO | Variação: 0.080% | 2.511 → 2.513
2026-02-11 11:01:40,154 | WARNING | 🟢 COMPRA SIMULADA | ZROUSDT a 2.513 | Qtd: 79.586152 | Capital: R$ 1000.00
2026-02-11 11:01:45,155 | INFO | Buscando preço de ZROUSDT
2026-02-11 11:01:45,422 | INFO | Variação: 0.000% | 2.513 → 2.513
2026-02-11 11:01:45,422 | INFO | Resultado da posição: 0.00% | R$ 0.00
2026-02-11 11:01:50,422 | INFO | Buscando preço de ZROUSDT
2026-02-11 11:01:50,691 | INFO | Variação: 0.080% | 2.513 → 2.515
2026-02-11 11:01:50,691 | INFO | Resultado da posição: 0.08% | R$ 0.16
2026-02-11 11:01:50,691 | WARNING | 🟢 TAKE PROFIT | ZROUSDT | Lucro: R$ 0.16 | Capital: R$ 1000.16
2026-02-11 11:01:50,692 | WARNING | 🟢 COMPRA SIMULADA | ZROUSDT a 2.515 | Qtd: 79.535521 | Capital: R$ 1000.16
2026-02-11 11:01:55,693 | INFO | Buscando preço de ZROUSDT
2026-02-11 11:01:55,960 | INFO | Variação: -0.040% | 2.515 → 2.514
2026-02-11 11:01:55,960 | INFO | Resultado da posição: -0.04% | R$ -0.08
2026-02-11 11:02:00,962 | INFO | Buscando preço de ZROUSDT
2026-02-11 11:02:01,230 | INFO | Variação: 0.278% | 2.514 → 2.521
2026-02-11 11:02:01,230 | INFO | Resultado da posição: 0.24% | R$ 0.48
2026-02-11 11:02:01,230 | WARNING | 🟢 TAKE PROFIT | ZROUSDT | Lucro: R$ 0.48 | Capital: R$ 1000.64
2026-02-11 11:02:01,231 | WARNING | 🟢 COMPRA SIMULADA | ZROUSDT a 2.521 | Qtd: 79.384085 | Capital: R$ 1000.64
2026-02-11 11:02:06,231 | INFO | Buscando preço de ZROUSDT
2026-02-11 11:02:06,500 | INFO | Variação: 0.000% | 2.521 → 2.521
2026-02-11 11:02:06,500 | INFO | Resultado da posição: 0.00% | R$ 0.00
2026-02-11 11:02:11,501 | INFO | Buscando preço de ZROUSDT
2026-02-11 11:02:11,768 | INFO | Variação: -0.119% | 2.521 → 2.518
2026-02-11 11:02:11,768 | INFO | Resultado da posição: -0.12% | R$ -0.24
2026-02-11 11:02:16,769 | INFO | Buscando preço de ZROUSDT
2026-02-11 11:02:17,038 | INFO | Variação: -0.119% | 2.518 → 2.515
2026-02-11 11:02:17,038 | INFO | Resultado da posição: -0.24% | R$ -0.48
2026-02-11 11:02:22,039 | INFO | Buscando preço de ZROUSDT
2026-02-11 11:02:22,308 | INFO | Variação: 0.000% | 2.515 → 2.515
2026-02-11 11:02:22,308 | INFO | Resultado da posição: -0.24% | R$ -0.48
2026-02-11 11:02:27,309 | INFO | Buscando preço de ZROUSDT
2026-02-11 11:02:27,581 | INFO | Variação: 0.358% | 2.515 → 2.524
2026-02-11 11:02:27,581 | INFO | Resultado da posição: 0.12% | R$ 0.24
2026-02-11 11:02:27,582 | WARNING | 🟢 TAKE PROFIT | ZROUSDT | Lucro: R$ 0.24 | Capital: R$ 1000.87
2026-02-11 11:02:27,582 | WARNING | 🟢 COMPRA SIMULADA | ZROUSDT a 2.524 | Qtd: 79.308600 | Capital: R$ 1000.87
2026-02-11 11:02:32,583 | INFO | Buscando preço de ZROUSDT
2026-02-11 11:02:32,850 | INFO | Variação: 0.357% | 2.524 → 2.533
2026-02-11 11:02:32,850 | INFO | Resultado da posição: 0.36% | R$ 0.71
2026-02-11 11:02:32,850 | WARNING | 🟢 TAKE PROFIT | ZROUSDT | Lucro: R$ 0.71 | Capital: R$ 1001.59
2026-02-11 11:02:32,851 | WARNING | 🟢 COMPRA SIMULADA | ZROUSDT a 2.533 | Qtd: 79.083167 | Capital: R$ 1001.59
2026-02-11 11:02:37,852 | INFO | Buscando preço de ZROUSDT
2026-02-11 11:02:38,120 | INFO | Variação: -0.079% | 2.533 → 2.531
2026-02-11 11:02:38,120 | INFO | Resultado da posição: -0.08% | R$ -0.16
2026-02-11 11:02:43,121 | INFO | Buscando preço de ZROUSDT
2026-02-11 11:02:43,389 | INFO | Variação: 0.553% | 2.531 → 2.545
2026-02-11 11:02:43,389 | INFO | Resultado da posição: 0.47% | R$ 0.95
2026-02-11 11:02:43,389 | WARNING | 🟢 TAKE PROFIT | ZROUSDT | Lucro: R$ 0.95 | Capital: R$ 1002.54
2026-02-11 11:02:43,390 | WARNING | 🟢 COMPRA SIMULADA | ZROUSDT a 2.545 | Qtd: 78.784858 | Capital: R$ 1002.54
2026-02-11 11:02:48,391 | INFO | Buscando preço de ZROUSDT
2026-02-11 11:02:48,658 | INFO | Variação: -0.236% | 2.545 → 2.539
2026-02-11 11:02:48,658 | INFO | Resultado da posição: -0.24% | R$ -0.47
2026-02-11 11:02:53,659 | INFO | Buscando preço de ZROUSDT
2026-02-11 11:02:53,923 | INFO | Variação: 0.158% | 2.539 → 2.543
2026-02-11 11:02:53,923 | INFO | Resultado da posição: -0.08% | R$ -0.16
2026-02-11 11:02:58,924 | INFO | Buscando preço de ZROUSDT
2026-02-11 11:02:59,192 | INFO | Variação: 0.039% | 2.543 → 2.544
2026-02-11 11:02:59,192 | INFO | Resultado da posição: -0.04% | R$ -0.08
2026-02-11 11:03:04,194 | INFO | Buscando preço de ZROUSDT
2026-02-11 11:03:04,464 | INFO | Variação: 0.039% | 2.544 → 2.545
2026-02-11 11:03:04,464 | INFO | Resultado da posição: 0.00% | R$ 0.00
2026-02-11 11:03:09,465 | INFO | Buscando preço de ZROUSDT
2026-02-11 11:03:09,729 | INFO | Variação: 0.039% | 2.545 → 2.546
2026-02-11 11:03:09,729 | INFO | Resultado da posição: 0.04% | R$ 0.08
2026-02-11 11:03:14,730 | INFO | Buscando preço de ZROUSDT
2026-02-11 11:03:15,004 | INFO | Variação: -0.079% | 2.546 → 2.544
2026-02-11 11:03:15,005 | INFO | Resultado da posição: -0.04% | R$ -0.08
2026-02-11 11:03:20,006 | INFO | Buscando preço de ZROUSDT
2026-02-11 11:03:20,274 | INFO | Variação: 0.039% | 2.544 → 2.545
2026-02-11 11:03:20,274 | INFO | Resultado da posição: 0.00% | R$ 0.00
2026-02-11 11:03:25,276 | INFO | Buscando preço de ZROUSDT
2026-02-11 11:03:25,544 | INFO | Variação: 0.236% | 2.545 → 2.551
2026-02-11 11:03:25,544 | INFO | Resultado da posição: 0.24% | R$ 0.47
2026-02-11 11:03:25,544 | WARNING | 🟢 TAKE PROFIT | ZROUSDT | Lucro: R$ 0.47 | Capital: R$ 1003.01
2026-02-11 11:03:25,545 | WARNING | 🟢 COMPRA SIMULADA | ZROUSDT a 2.551 | Qtd: 78.636615 | Capital: R$ 1003.01
2026-02-11 11:03:30,545 | INFO | Buscando preço de ZROUSDT
2026-02-11 11:03:30,810 | INFO | Variação: -0.039% | 2.551 → 2.55
2026-02-11 11:03:30,810 | INFO | Resultado da posição: -0.04% | R$ -0.08
2026-02-11 11:03:35,811 | INFO | Buscando preço de ZROUSDT
2026-02-11 11:03:36,080 | INFO | Variação: -0.353% | 2.55 → 2.541
2026-02-11 11:03:36,080 | INFO | Resultado da posição: -0.39% | R$ -0.79
2026-02-11 11:03:36,080 | WARNING | 🔴 STOP LOSS | ZROUSDT | Prejuízo: R$ -0.79 | Capital: R$ 1002.22
2026-02-11 11:03:41,081 | INFO | Buscando preço de ZROUSDT
2026-02-11 11:03:41,350 | INFO | Variação: -0.039% | 2.541 → 2.54
2026-02-11 11:03:46,351 | INFO | Buscando preço de ZROUSDT
2026-02-11 11:03:46,616 | INFO | Variação: -0.118% | 2.54 → 2.537
2026-02-11 11:03:51,617 | INFO | Buscando preço de ZROUSDT
2026-02-11 11:03:51,883 | INFO | Variação: 0.079% | 2.537 → 2.539
2026-02-11 11:03:51,883 | WARNING | 🟢 COMPRA SIMULADA | ZROUSDT a 2.539 | Qtd: 78.946330 | Capital: R$ 1002.22
2026-02-11 11:03:56,885 | INFO | Buscando preço de ZROUSDT
2026-02-11 11:03:57,664 | INFO | Variação: -0.158% | 2.539 → 2.535
2026-02-11 11:03:57,664 | INFO | Resultado da posição: -0.16% | R$ -0.32
2026-02-11 11:04:02,665 | INFO | Buscando preço de ZROUSDT
2026-02-11 11:04:02,935 | INFO | Variação: 0.000% | 2.535 → 2.535
2026-02-11 11:04:02,936 | INFO | Resultado da posição: -0.16% | R$ -0.32
2026-02-11 11:04:07,937 | INFO | Buscando preço de ZROUSDT
2026-02-11 11:04:08,201 | INFO | Variação: 0.079% | 2.535 → 2.537
2026-02-11 11:04:08,202 | INFO | Resultado da posição: -0.08% | R$ -0.16
2026-02-11 11:04:13,202 | INFO | Buscando preço de ZROUSDT
2026-02-11 11:04:13,471 | INFO | Variação: -0.118% | 2.537 → 2.534
2026-02-11 11:04:13,472 | INFO | Resultado da posição: -0.20% | R$ -0.39
2026-02-11 11:04:18,472 | INFO | Buscando preço de ZROUSDT
2026-02-11 11:04:18,739 | INFO | Variação: -0.237% | 2.534 → 2.528
2026-02-11 11:04:18,739 | INFO | Resultado da posição: -0.43% | R$ -0.87
2026-02-11 11:04:18,739 | WARNING | 🔴 STOP LOSS | ZROUSDT | Prejuízo: R$ -0.87 | Capital: R$ 1001.36
2026-02-11 11:04:23,741 | INFO | Buscando preço de ZROUSDT
2026-02-11 11:04:24,007 | INFO | Variação: -0.040% | 2.528 → 2.527
2026-02-11 11:04:29,009 | INFO | Buscando preço de ZROUSDT
2026-02-11 11:04:29,276 | INFO | Variação: 0.000% | 2.527 → 2.527
2026-02-11 11:04:34,276 | INFO | Buscando preço de ZROUSDT
2026-02-11 11:04:34,544 | INFO | Variação: -0.198% | 2.527 → 2.522
2026-02-11 11:04:39,545 | INFO | Buscando preço de ZROUSDT
2026-02-11 11:04:39,813 | INFO | Variação: -0.079% | 2.522 → 2.52
2026-02-11 11:04:44,813 | INFO | Buscando preço de ZROUSDT
2026-02-11 11:04:45,081 | INFO | Variação: -0.278% | 2.52 → 2.513
2026-02-11 11:04:50,081 | INFO | Buscando preço de ZROUSDT
2026-02-11 11:04:50,351 | INFO | Variação: 0.119% | 2.513 → 2.516
2026-02-11 11:04:50,351 | WARNING | 🟢 COMPRA SIMULADA | ZROUSDT a 2.516 | Qtd: 79.598986 | Capital: R$ 1001.36
2026-02-11 11:04:55,354 | INFO | Buscando preço de ZROUSDT
2026-02-11 11:04:55,620 | INFO | Variação: -0.040% | 2.516 → 2.515
2026-02-11 11:04:55,620 | INFO | Resultado da posição: -0.04% | R$ -0.08
2026-02-11 11:05:00,622 | INFO | Buscando preço de ZROUSDT
2026-02-11 11:05:00,893 | INFO | Variação: 0.000% | 2.515 → 2.515
2026-02-11 11:05:00,894 | INFO | Resultado da posição: -0.04% | R$ -0.08
2026-02-11 11:05:05,894 | INFO | Buscando preço de ZROUSDT
2026-02-11 11:05:06,163 | INFO | Variação: 0.040% | 2.515 → 2.516
2026-02-11 11:05:06,163 | INFO | Resultado da posição: 0.00% | R$ 0.00
2026-02-11 11:05:11,164 | INFO | Buscando preço de ZROUSDT
2026-02-11 11:05:11,428 | INFO | Variação: -0.358% | 2.516 → 2.507
2026-02-11 11:05:11,428 | INFO | Resultado da posição: -0.36% | R$ -0.72
2026-02-11 11:05:11,429 | WARNING | 🔴 STOP LOSS | ZROUSDT | Prejuízo: R$ -0.72 | Capital: R$ 1000.64
2026-02-11 11:05:16,430 | INFO | Buscando preço de ZROUSDT
2026-02-11 11:05:16,697 | INFO | Variação: -0.359% | 2.507 → 2.498
2026-02-11 11:05:21,699 | INFO | Buscando preço de ZROUSDT
2026-02-11 11:05:21,969 | INFO | Variação: 0.240% | 2.498 → 2.504
2026-02-11 11:05:21,969 | WARNING | 🟢 COMPRA SIMULADA | ZROUSDT a 2.504 | Qtd: 79.923231 | Capital: R$ 1000.64
2026-02-11 11:05:26,971 | INFO | Buscando preço de ZROUSDT
2026-02-11 11:05:27,235 | INFO | Variação: 0.040% | 2.504 → 2.505
2026-02-11 11:05:27,235 | INFO | Resultado da posição: 0.04% | R$ 0.08
2026-02-11 11:05:32,237 | INFO | Buscando preço de ZROUSDT
2026-02-11 11:05:32,499 | INFO | Variação: -0.120% | 2.505 → 2.502
2026-02-11 11:05:32,502 | INFO | Resultado da posição: -0.08% | R$ -0.16
2026-02-11 11:05:37,503 | INFO | Buscando preço de ZROUSDT
2026-02-11 11:05:37,772 | INFO | Variação: -0.040% | 2.502 → 2.501
2026-02-11 11:05:37,772 | INFO | Resultado da posição: -0.12% | R$ -0.24
2026-02-11 11:05:42,773 | INFO | Buscando preço de ZROUSDT
2026-02-11 11:05:43,041 | INFO | Variação: 0.120% | 2.501 → 2.504
2026-02-11 11:05:43,041 | INFO | Resultado da posição: 0.00% | R$ 0.00
2026-02-11 11:05:48,042 | INFO | Buscando preço de ZROUSDT
2026-02-11 11:05:48,310 | INFO | Variação: 0.000% | 2.504 → 2.504
2026-02-11 11:05:48,310 | INFO | Resultado da posição: 0.00% | R$ 0.00
2026-02-11 11:05:53,311 | INFO | Buscando preço de ZROUSDT
2026-02-11 11:05:53,578 | INFO | Variação: -0.040% | 2.504 → 2.503
2026-02-11 11:05:53,579 | INFO | Resultado da posição: -0.04% | R$ -0.08
2026-02-11 11:05:58,580 | INFO | Buscando preço de ZROUSDT
2026-02-11 11:05:58,847 | INFO | Variação: 0.000% | 2.503 → 2.503
2026-02-11 11:05:58,848 | INFO | Resultado da posição: -0.04% | R$ -0.08
2026-02-11 11:06:03,848 | INFO | Buscando preço de ZROUSDT
2026-02-11 11:06:04,112 | INFO | Variação: -0.599% | 2.503 → 2.488
2026-02-11 11:06:04,114 | INFO | Resultado da posição: -0.64% | R$ -1.28
2026-02-11 11:06:04,114 | WARNING | 🔴 STOP LOSS | ZROUSDT | Prejuízo: R$ -1.28 | Capital: R$ 999.36
2026-02-11 11:06:09,114 | INFO | Buscando preço de ZROUSDT
2026-02-11 11:06:09,385 | INFO | Variação: 0.201% | 2.488 → 2.493
2026-02-11 11:06:09,385 | WARNING | 🟢 COMPRA SIMULADA | ZROUSDT a 2.493 | Qtd: 80.173292 | Capital: R$ 999.36
2026-02-11 11:06:14,386 | INFO | Buscando preço de ZROUSDT
2026-02-11 11:06:14,651 | INFO | Variação: 0.160% | 2.493 → 2.497
2026-02-11 11:06:14,651 | INFO | Resultado da posição: 0.16% | R$ 0.32
2026-02-11 11:06:14,651 | WARNING | 🟢 TAKE PROFIT | ZROUSDT | Lucro: R$ 0.32 | Capital: R$ 999.68
2026-02-11 11:06:14,652 | WARNING | 🟢 COMPRA SIMULADA | ZROUSDT a 2.497 | Qtd: 80.070547 | Capital: R$ 999.68
2026-02-11 11:06:19,652 | INFO | Buscando preço de ZROUSDT
2026-02-11 11:06:19,923 | INFO | Variação: -0.080% | 2.497 → 2.495
2026-02-11 11:06:19,924 | INFO | Resultado da posição: -0.08% | R$ -0.16
2026-02-11 11:06:24,924 | INFO | Buscando preço de ZROUSDT
2026-02-11 11:06:25,188 | INFO | Variação: -0.200% | 2.495 → 2.49
2026-02-11 11:06:25,189 | INFO | Resultado da posição: -0.28% | R$ -0.56
2026-02-11 11:06:30,189 | INFO | Buscando preço de ZROUSDT
2026-02-11 11:06:30,452 | INFO | Variação: 0.161% | 2.49 → 2.494
2026-02-11 11:06:30,452 | INFO | Resultado da posição: -0.12% | R$ -0.24
2026-02-11 11:06:35,454 | INFO | Buscando preço de ZROUSDT
2026-02-11 11:06:35,722 | INFO | Variação: -0.080% | 2.494 → 2.492
2026-02-11 11:06:35,722 | INFO | Resultado da posição: -0.20% | R$ -0.40
2026-02-11 11:06:40,723 | INFO | Buscando preço de ZROUSDT
2026-02-11 11:06:40,986 | INFO | Variação: 0.201% | 2.492 → 2.497
2026-02-11 11:06:40,986 | INFO | Resultado da posição: 0.00% | R$ 0.00
2026-02-11 11:06:45,988 | INFO | Buscando preço de ZROUSDT
2026-02-11 11:06:46,255 | INFO | Variação: -0.040% | 2.497 → 2.496
2026-02-11 11:06:46,257 | INFO | Resultado da posição: -0.04% | R$ -0.08
2026-02-11 11:06:51,257 | INFO | Buscando preço de ZROUSDT
2026-02-11 11:06:51,522 | INFO | Variação: 0.040% | 2.496 → 2.497
2026-02-11 11:06:51,522 | INFO | Resultado da posição: 0.00% | R$ 0.00
2026-02-11 11:06:56,523 | INFO | Buscando preço de ZROUSDT
2026-02-11 11:06:56,793 | INFO | Variação: -0.040% | 2.497 → 2.496
2026-02-11 11:06:56,793 | INFO | Resultado da posição: -0.04% | R$ -0.08
2026-02-11 11:07:01,793 | INFO | Buscando preço de ZROUSDT
2026-02-11 11:07:02,062 | INFO | Variação: -0.040% | 2.496 → 2.495
2026-02-11 11:07:02,063 | INFO | Resultado da posição: -0.08% | R$ -0.16
2026-02-11 11:07:07,064 | INFO | Buscando preço de ZROUSDT
2026-02-11 11:07:07,327 | INFO | Variação: 0.040% | 2.495 → 2.496
2026-02-11 11:07:07,327 | INFO | Resultado da posição: -0.04% | R$ -0.08
2026-02-11 11:07:12,328 | INFO | Buscando preço de ZROUSDT
2026-02-11 11:07:12,596 | INFO | Variação: 0.000% | 2.496 → 2.496
2026-02-11 11:07:12,597 | INFO | Resultado da posição: -0.04% | R$ -0.08
2026-02-11 11:07:17,598 | INFO | Buscando preço de ZROUSDT
2026-02-11 11:07:17,868 | INFO | Variação: -0.040% | 2.496 → 2.495
2026-02-11 11:07:17,868 | INFO | Resultado da posição: -0.08% | R$ -0.16
2026-02-11 11:07:22,870 | INFO | Buscando preço de ZROUSDT
2026-02-11 11:07:23,135 | INFO | Variação: -0.281% | 2.495 → 2.488
2026-02-11 11:07:23,135 | INFO | Resultado da posição: -0.36% | R$ -0.72
2026-02-11 11:07:23,135 | WARNING | 🔴 STOP LOSS | ZROUSDT | Prejuízo: R$ -0.72 | Capital: R$ 998.96
2026-02-11 11:07:28,137 | INFO | Buscando preço de ZROUSDT
2026-02-11 11:07:28,403 | INFO | Variação: 0.000% | 2.488 → 2.488
2026-02-11 11:07:33,404 | INFO | Buscando preço de ZROUSDT
2026-02-11 11:07:33,668 | INFO | Variação: -0.040% | 2.488 → 2.487
2026-02-11 11:07:38,669 | INFO | Buscando preço de ZROUSDT
2026-02-11 11:07:38,937 | INFO | Variação: 0.000% | 2.487 → 2.487
2026-02-11 11:07:43,939 | INFO | Buscando preço de ZROUSDT
2026-02-11 11:07:44,206 | INFO | Variação: -0.040% | 2.487 → 2.486
2026-02-11 11:07:49,206 | INFO | Buscando preço de ZROUSDT
2026-02-11 11:07:49,475 | INFO | Variação: -0.121% | 2.486 → 2.483
2026-02-11 11:07:54,475 | INFO | Buscando preço de ZROUSDT
2026-02-11 11:07:54,745 | INFO | Variação: 0.121% | 2.483 → 2.486
2026-02-11 11:07:54,745 | WARNING | 🟢 COMPRA SIMULADA | ZROUSDT a 2.486 | Qtd: 80.366866 | Capital: R$ 998.96
2026-02-11 11:07:59,746 | INFO | Buscando preço de ZROUSDT
2026-02-11 11:08:00,010 | INFO | Variação: -0.040% | 2.486 → 2.485
2026-02-11 11:08:00,010 | INFO | Resultado da posição: -0.04% | R$ -0.08
2026-02-11 11:08:05,012 | INFO | Buscando preço de ZROUSDT
2026-02-11 11:08:05,279 | INFO | Variação: 0.040% | 2.485 → 2.486
2026-02-11 11:08:05,279 | INFO | Resultado da posição: 0.00% | R$ 0.00
2026-02-11 11:08:10,281 | INFO | Buscando preço de ZROUSDT
2026-02-11 11:08:10,548 | INFO | Variação: 0.121% | 2.486 → 2.489
2026-02-11 11:08:10,549 | INFO | Resultado da posição: 0.12% | R$ 0.24
2026-02-11 11:08:10,549 | WARNING | 🟢 TAKE PROFIT | ZROUSDT | Lucro: R$ 0.24 | Capital: R$ 999.20
2026-02-11 11:08:10,549 | WARNING | 🟢 COMPRA SIMULADA | ZROUSDT a 2.489 | Qtd: 80.289373 | Capital: R$ 999.20
2026-02-11 11:08:15,551 | INFO | Buscando preço de ZROUSDT
2026-02-11 11:08:15,819 | INFO | Variação: 0.201% | 2.489 → 2.494
2026-02-11 11:08:15,819 | INFO | Resultado da posição: 0.20% | R$ 0.40
2026-02-11 11:08:15,820 | WARNING | 🟢 TAKE PROFIT | ZROUSDT | Lucro: R$ 0.40 | Capital: R$ 999.60
2026-02-11 11:08:15,820 | WARNING | 🟢 COMPRA SIMULADA | ZROUSDT a 2.494 | Qtd: 80.160601 | Capital: R$ 999.60
2026-02-11 11:08:20,820 | INFO | Buscando preço de ZROUSDT
2026-02-11 11:08:21,095 | INFO | Variação: 0.281% | 2.494 → 2.501
2026-02-11 11:08:21,095 | INFO | Resultado da posição: 0.28% | R$ 0.56
2026-02-11 11:08:21,096 | WARNING | 🟢 TAKE PROFIT | ZROUSDT | Lucro: R$ 0.56 | Capital: R$ 1000.16
2026-02-11 11:08:21,096 | WARNING | 🟢 COMPRA SIMULADA | ZROUSDT a 2.501 | Qtd: 79.981113 | Capital: R$ 1000.16
2026-02-11 11:08:26,096 | INFO | Buscando preço de ZROUSDT
2026-02-11 11:08:26,367 | INFO | Variação: -0.320% | 2.501 → 2.493
2026-02-11 11:08:26,367 | INFO | Resultado da posição: -0.32% | R$ -0.64
2026-02-11 11:08:26,367 | WARNING | 🔴 STOP LOSS | ZROUSDT | Prejuízo: R$ -0.64 | Capital: R$ 999.52
2026-02-11 11:08:31,368 | INFO | Buscando preço de ZROUSDT
2026-02-11 11:08:32,141 | INFO | Variação: 0.201% | 2.493 → 2.498
2026-02-11 11:08:32,141 | WARNING | 🟢 COMPRA SIMULADA | ZROUSDT a 2.498 | Qtd: 80.025938 | Capital: R$ 999.52
2026-02-11 11:08:37,142 | INFO | Buscando preço de ZROUSDT
2026-02-11 11:08:37,407 | INFO | Variação: -0.160% | 2.498 → 2.494
2026-02-11 11:08:37,407 | INFO | Resultado da posição: -0.16% | R$ -0.32
2026-02-11 11:08:42,408 | INFO | Buscando preço de ZROUSDT
2026-02-11 11:08:42,673 | INFO | Variação: -0.160% | 2.494 → 2.49
2026-02-11 11:08:42,673 | INFO | Resultado da posição: -0.32% | R$ -0.64
2026-02-11 11:08:42,673 | WARNING | 🔴 STOP LOSS | ZROUSDT | Prejuízo: R$ -0.64 | Capital: R$ 998.88
2026-02-11 11:08:47,675 | INFO | Buscando preço de ZROUSDT
2026-02-11 11:08:47,944 | INFO | Variação: 0.080% | 2.49 → 2.492
2026-02-11 11:08:47,944 | WARNING | 🟢 COMPRA SIMULADA | ZROUSDT a 2.492 | Qtd: 80.167236 | Capital: R$ 998.88
2026-02-11 11:08:52,945 | INFO | Buscando preço de ZROUSDT
2026-02-11 11:08:53,209 | INFO | Variação: -0.080% | 2.492 → 2.49
2026-02-11 11:08:53,210 | INFO | Resultado da posição: -0.08% | R$ -0.16
2026-02-11 11:08:58,210 | INFO | Buscando preço de ZROUSDT
2026-02-11 11:08:58,474 | INFO | Variação: 0.000% | 2.49 → 2.49
2026-02-11 11:08:58,474 | INFO | Resultado da posição: -0.08% | R$ -0.16
2026-02-11 11:09:03,475 | INFO | Buscando preço de ZROUSDT
2026-02-11 11:09:03,740 | INFO | Variação: 0.120% | 2.49 → 2.493
2026-02-11 11:09:03,740 | INFO | Resultado da posição: 0.04% | R$ 0.08
2026-02-11 11:09:08,741 | INFO | Buscando preço de ZROUSDT
2026-02-11 11:09:09,008 | INFO | Variação: -0.321% | 2.493 → 2.485
2026-02-11 11:09:09,008 | INFO | Resultado da posição: -0.28% | R$ -0.56
2026-02-11 11:09:14,009 | INFO | Buscando preço de ZROUSDT
2026-02-11 11:09:14,277 | INFO | Variação: -0.362% | 2.485 → 2.476
2026-02-11 11:09:14,278 | INFO | Resultado da posição: -0.64% | R$ -1.28
2026-02-11 11:09:14,278 | WARNING | 🔴 STOP LOSS | ZROUSDT | Prejuízo: R$ -1.28 | Capital: R$ 997.60
2026-02-11 11:09:19,278 | INFO | Buscando preço de ZROUSDT
2026-02-11 11:09:19,543 | INFO | Variação: 0.000% | 2.476 → 2.476
2026-02-11 11:09:24,545 | INFO | Buscando preço de ZROUSDT
2026-02-11 11:09:24,812 | INFO | Variação: 0.121% | 2.476 → 2.479
2026-02-11 11:09:24,813 | WARNING | 🟢 COMPRA SIMULADA | ZROUSDT a 2.479 | Qtd: 80.484153 | Capital: R$ 997.60
2026-02-11 11:09:29,813 | INFO | Buscando preço de ZROUSDT
2026-02-11 11:09:30,079 | INFO | Variação: -0.081% | 2.479 → 2.477
2026-02-11 11:09:30,079 | INFO | Resultado da posição: -0.08% | R$ -0.16
2026-02-11 11:09:35,080 | INFO | Buscando preço de ZROUSDT
2026-02-11 11:09:35,346 | INFO | Variação: 0.000% | 2.477 → 2.477
2026-02-11 11:09:35,346 | INFO | Resultado da posição: -0.08% | R$ -0.16
2026-02-11 11:09:40,347 | INFO | Buscando preço de ZROUSDT
2026-02-11 11:09:40,613 | INFO | Variação: -0.081% | 2.477 → 2.475
2026-02-11 11:09:40,614 | INFO | Resultado da posição: -0.16% | R$ -0.32
2026-02-11 11:09:45,615 | INFO | Buscando preço de ZROUSDT
2026-02-11 11:09:45,880 | INFO | Variação: -0.162% | 2.475 → 2.471
2026-02-11 11:09:45,881 | INFO | Resultado da posição: -0.32% | R$ -0.64
2026-02-11 11:09:45,881 | WARNING | 🔴 STOP LOSS | ZROUSDT | Prejuízo: R$ -0.64 | Capital: R$ 996.96
2026-02-11 11:09:50,882 | INFO | Buscando preço de ZROUSDT
2026-02-11 11:09:51,154 | INFO | Variação: 0.243% | 2.471 → 2.477
2026-02-11 11:09:51,154 | WARNING | 🟢 COMPRA SIMULADA | ZROUSDT a 2.477 | Qtd: 80.497150 | Capital: R$ 996.96
2026-02-11 11:09:56,155 | INFO | Buscando preço de ZROUSDT
2026-02-11 11:09:56,423 | INFO | Variação: -0.081% | 2.477 → 2.475
2026-02-11 11:09:56,424 | INFO | Resultado da posição: -0.08% | R$ -0.16
2026-02-11 11:10:01,425 | INFO | Buscando preço de ZROUSDT
2026-02-11 11:10:01,689 | INFO | Variação: -0.202% | 2.475 → 2.47
2026-02-11 11:10:01,690 | INFO | Resultado da posição: -0.28% | R$ -0.56
2026-02-11 11:10:06,691 | INFO | Buscando preço de ZROUSDT
2026-02-11 11:10:06,958 | INFO | Variação: 0.121% | 2.47 → 2.473
2026-02-11 11:10:06,958 | INFO | Resultado da posição: -0.16% | R$ -0.32
2026-02-11 11:10:11,959 | INFO | Buscando preço de ZROUSDT
2026-02-11 11:10:12,224 | INFO | Variação: 0.121% | 2.473 → 2.476
2026-02-11 11:10:12,225 | INFO | Resultado da posição: -0.04% | R$ -0.08
2026-02-11 11:10:17,226 | INFO | Buscando preço de ZROUSDT
2026-02-11 11:10:17,494 | INFO | Variação: 0.283% | 2.476 → 2.483
2026-02-11 11:10:17,494 | INFO | Resultado da posição: 0.24% | R$ 0.48
2026-02-11 11:10:17,495 | WARNING | 🟢 TAKE PROFIT | ZROUSDT | Lucro: R$ 0.48 | Capital: R$ 997.44
2026-02-11 11:10:17,495 | WARNING | 🟢 COMPRA SIMULADA | ZROUSDT a 2.483 | Qtd: 80.341538 | Capital: R$ 997.44
2026-02-11 11:10:22,496 | INFO | Buscando preço de ZROUSDT
2026-02-11 11:10:22,763 | INFO | Variação: 0.161% | 2.483 → 2.487
2026-02-11 11:10:22,764 | INFO | Resultado da posição: 0.16% | R$ 0.32
2026-02-11 11:10:22,764 | WARNING | 🟢 TAKE PROFIT | ZROUSDT | Lucro: R$ 0.32 | Capital: R$ 997.76
2026-02-11 11:10:22,764 | WARNING | 🟢 COMPRA SIMULADA | ZROUSDT a 2.487 | Qtd: 80.238163 | Capital: R$ 997.76
2026-02-11 11:10:27,766 | INFO | Buscando preço de ZROUSDT
2026-02-11 11:10:28,029 | INFO | Variação: 0.080% | 2.487 → 2.489
2026-02-11 11:10:28,031 | INFO | Resultado da posição: 0.08% | R$ 0.16
2026-02-11 11:10:28,031 | WARNING | 🟢 TAKE PROFIT | ZROUSDT | Lucro: R$ 0.16 | Capital: R$ 997.92
2026-02-11 11:10:28,031 | WARNING | 🟢 COMPRA SIMULADA | ZROUSDT a 2.489 | Qtd: 80.186584 | Capital: R$ 997.92
2026-02-11 11:10:33,032 | INFO | Buscando preço de ZROUSDT
2026-02-11 11:10:33,293 | INFO | Variação: 0.241% | 2.489 → 2.495
2026-02-11 11:10:33,296 | INFO | Resultado da posição: 0.24% | R$ 0.48
2026-02-11 11:10:33,296 | WARNING | 🟢 TAKE PROFIT | ZROUSDT | Lucro: R$ 0.48 | Capital: R$ 998.40
2026-02-11 11:10:33,296 | WARNING | 🟢 COMPRA SIMULADA | ZROUSDT a 2.495 | Qtd: 80.032317 | Capital: R$ 998.40
2026-02-11 11:10:38,297 | INFO | Buscando preço de ZROUSDT
2026-02-11 11:10:38,566 | INFO | Variação: 0.321% | 2.495 → 2.503
2026-02-11 11:10:38,566 | INFO | Resultado da posição: 0.32% | R$ 0.64
2026-02-11 11:10:38,566 | WARNING | 🟢 TAKE PROFIT | ZROUSDT | Lucro: R$ 0.64 | Capital: R$ 999.04
2026-02-11 11:10:38,567 | WARNING | 🟢 COMPRA SIMULADA | ZROUSDT a 2.503 | Qtd: 79.827680 | Capital: R$ 999.04
2026-02-11 11:10:43,567 | INFO | Buscando preço de ZROUSDT
2026-02-11 11:10:43,836 | INFO | Variação: -0.120% | 2.503 → 2.5
2026-02-11 11:10:43,836 | INFO | Resultado da posição: -0.12% | R$ -0.24
2026-02-11 11:10:48,836 | INFO | Buscando preço de ZROUSDT
2026-02-11 11:10:49,107 | INFO | Variação: 0.000% | 2.5 → 2.5
2026-02-11 11:10:49,107 | INFO | Resultado da posição: -0.12% | R$ -0.24
2026-02-11 11:10:54,108 | INFO | Buscando preço de ZROUSDT
2026-02-11 11:10:54,374 | INFO | Variação: -0.080% | 2.5 → 2.498
2026-02-11 11:10:54,374 | INFO | Resultado da posição: -0.20% | R$ -0.40
2026-02-11 11:10:59,375 | INFO | Buscando preço de ZROUSDT
2026-02-11 11:10:59,644 | INFO | Variação: 0.000% | 2.498 → 2.498
2026-02-11 11:10:59,644 | INFO | Resultado da posição: -0.20% | R$ -0.40
2026-02-11 11:11:04,645 | INFO | Buscando preço de ZROUSDT
2026-02-11 11:11:04,910 | INFO | Variação: 0.000% | 2.498 → 2.498
2026-02-11 11:11:04,910 | INFO | Resultado da posição: -0.20% | R$ -0.40
2026-02-11 11:11:09,911 | INFO | Buscando preço de ZROUSDT
2026-02-11 11:11:10,178 | INFO | Variação: -0.200% | 2.498 → 2.493
2026-02-11 11:11:10,178 | INFO | Resultado da posição: -0.40% | R$ -0.80
2026-02-11 11:11:10,178 | WARNING | 🔴 STOP LOSS | ZROUSDT | Prejuízo: R$ -0.80 | Capital: R$ 998.25
2026-02-11 11:11:15,180 | INFO | Buscando preço de ZROUSDT
2026-02-11 11:11:15,450 | INFO | Variação: 0.080% | 2.493 → 2.495
2026-02-11 11:11:15,450 | WARNING | 🟢 COMPRA SIMULADA | ZROUSDT a 2.495 | Qtd: 80.019650 | Capital: R$ 998.25
2026-02-11 11:11:20,451 | INFO | Buscando preço de ZROUSDT
2026-02-11 11:11:20,723 | INFO | Variação: 0.080% | 2.495 → 2.497
2026-02-11 11:11:20,724 | INFO | Resultado da posição: 0.08% | R$ 0.16
2026-02-11 11:11:20,724 | WARNING | 🟢 TAKE PROFIT | ZROUSDT | Lucro: R$ 0.16 | Capital: R$ 998.41
2026-02-11 11:11:20,725 | WARNING | 🟢 COMPRA SIMULADA | ZROUSDT a 2.497 | Qtd: 79.968376 | Capital: R$ 998.41
2026-02-11 11:11:25,726 | INFO | Buscando preço de ZROUSDT
2026-02-11 11:11:25,993 | INFO | Variação: -0.120% | 2.497 → 2.494
2026-02-11 11:11:25,994 | INFO | Resultado da posição: -0.12% | R$ -0.24
2026-02-11 11:11:30,996 | INFO | Buscando preço de ZROUSDT
2026-02-11 11:11:31,263 | INFO | Variação: 0.000% | 2.494 → 2.494
2026-02-11 11:11:31,263 | INFO | Resultado da posição: -0.12% | R$ -0.24
2026-02-11 11:11:36,265 | INFO | Buscando preço de ZROUSDT
2026-02-11 11:11:36,533 | INFO | Variação: -0.080% | 2.494 → 2.492
2026-02-11 11:11:36,533 | INFO | Resultado da posição: -0.20% | R$ -0.40
2026-02-11 11:11:41,534 | INFO | Buscando preço de ZROUSDT
2026-02-11 11:11:41,803 | INFO | Variação: 0.000% | 2.492 → 2.492
2026-02-11 11:11:41,803 | INFO | Resultado da posição: -0.20% | R$ -0.40
2026-02-11 11:11:46,804 | INFO | Buscando preço de ZROUSDT
2026-02-11 11:11:47,069 | INFO | Variação: 0.080% | 2.492 → 2.494
2026-02-11 11:11:47,069 | INFO | Resultado da posição: -0.12% | R$ -0.24
2026-02-11 11:11:52,070 | INFO | Buscando preço de ZROUSDT
2026-02-11 11:11:52,339 | INFO | Variação: 0.000% | 2.494 → 2.494
2026-02-11 11:11:52,339 | INFO | Resultado da posição: -0.12% | R$ -0.24
2026-02-11 11:11:57,340 | INFO | Buscando preço de ZROUSDT
2026-02-11 11:11:57,607 | INFO | Variação: 0.120% | 2.494 → 2.497
2026-02-11 11:11:57,608 | INFO | Resultado da posição: 0.00% | R$ 0.00
2026-02-11 11:12:02,609 | INFO | Buscando preço de ZROUSDT
2026-02-11 11:12:02,876 | INFO | Variação: -0.240% | 2.497 → 2.491
2026-02-11 11:12:02,876 | INFO | Resultado da posição: -0.24% | R$ -0.48
2026-02-11 11:12:07,877 | INFO | Buscando preço de ZROUSDT
2026-02-11 11:12:08,148 | INFO | Variação: -0.120% | 2.491 → 2.488
2026-02-11 11:12:08,148 | INFO | Resultado da posição: -0.36% | R$ -0.72
2026-02-11 11:12:08,149 | WARNING | 🔴 STOP LOSS | ZROUSDT | Prejuízo: R$ -0.72 | Capital: R$ 997.69
2026-02-11 11:12:13,150 | INFO | Buscando preço de ZROUSDT
2026-02-11 11:12:13,418 | INFO | Variação: -0.523% | 2.488 → 2.475
2026-02-11 11:12:18,418 | INFO | Buscando preço de ZROUSDT
2026-02-11 11:12:18,683 | INFO | Variação: 0.606% | 2.475 → 2.49
2026-02-11 11:12:18,683 | WARNING | 🟢 COMPRA SIMULADA | ZROUSDT a 2.49 | Qtd: 80.135378 | Capital: R$ 997.69
2026-02-11 11:12:23,684 | INFO | Buscando preço de ZROUSDT
2026-02-11 11:12:23,955 | INFO | Variação: 0.000% | 2.49 → 2.49
2026-02-11 11:12:23,955 | INFO | Resultado da posição: 0.00% | R$ 0.00
2026-02-11 11:12:28,957 | INFO | Buscando preço de ZROUSDT
2026-02-11 11:12:29,224 | INFO | Variação: 0.000% | 2.49 → 2.49
2026-02-11 11:12:29,224 | INFO | Resultado da posição: 0.00% | R$ 0.00
2026-02-11 11:12:34,226 | INFO | Buscando preço de ZROUSDT
2026-02-11 11:12:34,492 | INFO | Variação: -0.080% | 2.49 → 2.488
2026-02-11 11:12:34,492 | INFO | Resultado da posição: -0.08% | R$ -0.16
2026-02-11 11:12:39,493 | INFO | Buscando preço de ZROUSDT
2026-02-11 11:12:39,759 | INFO | Variação: -0.201% | 2.488 → 2.483
2026-02-11 11:12:39,760 | INFO | Resultado da posição: -0.28% | R$ -0.56
2026-02-11 11:12:44,761 | INFO | Buscando preço de ZROUSDT
2026-02-11 11:12:45,027 | INFO | Variação: 0.121% | 2.483 → 2.486
2026-02-11 11:12:45,027 | INFO | Resultado da posição: -0.16% | R$ -0.32
2026-02-11 11:12:50,028 | INFO | Buscando preço de ZROUSDT
2026-02-11 11:12:50,292 | INFO | Variação: 0.000% | 2.486 → 2.486
2026-02-11 11:12:50,293 | INFO | Resultado da posição: -0.16% | R$ -0.32
2026-02-11 11:12:55,294 | INFO | Buscando preço de ZROUSDT
2026-02-11 11:12:55,563 | INFO | Variação: -0.040% | 2.486 → 2.485
2026-02-11 11:12:55,563 | INFO | Resultado da posição: -0.20% | R$ -0.40
2026-02-11 11:13:00,565 | INFO | Buscando preço de ZROUSDT
2026-02-11 11:13:00,832 | INFO | Variação: 0.724% | 2.485 → 2.503
2026-02-11 11:13:00,832 | INFO | Resultado da posição: 0.52% | R$ 1.04
2026-02-11 11:13:00,832 | WARNING | 🟢 TAKE PROFIT | ZROUSDT | Lucro: R$ 1.04 | Capital: R$ 998.73
2026-02-11 11:13:00,832 | WARNING | 🟢 COMPRA SIMULADA | ZROUSDT a 2.503 | Qtd: 79.802415 | Capital: R$ 998.73
2026-02-11 11:13:05,834 | INFO | Buscando preço de ZROUSDT
2026-02-11 11:13:06,096 | INFO | Variação: 0.400% | 2.503 → 2.513
2026-02-11 11:13:06,097 | INFO | Resultado da posição: 0.40% | R$ 0.80
2026-02-11 11:13:06,097 | WARNING | 🟢 TAKE PROFIT | ZROUSDT | Lucro: R$ 0.80 | Capital: R$ 999.53
2026-02-11 11:13:06,097 | WARNING | 🟢 COMPRA SIMULADA | ZROUSDT a 2.513 | Qtd: 79.548368 | Capital: R$ 999.53
2026-02-11 11:13:11,099 | INFO | Buscando preço de ZROUSDT
2026-02-11 11:13:11,367 | INFO | Variação: -0.478% | 2.513 → 2.501
2026-02-11 11:13:11,367 | INFO | Resultado da posição: -0.48% | R$ -0.95
2026-02-11 11:13:11,367 | WARNING | 🔴 STOP LOSS | ZROUSDT | Prejuízo: R$ -0.95 | Capital: R$ 998.57
2026-02-11 11:13:16,369 | INFO | Buscando preço de ZROUSDT
2026-02-11 11:13:16,637 | INFO | Variação: 0.200% | 2.501 → 2.506
2026-02-11 11:13:16,637 | WARNING | 🟢 COMPRA SIMULADA | ZROUSDT a 2.506 | Qtd: 79.694386 | Capital: R$ 998.57
2026-02-11 11:13:21,639 | INFO | Buscando preço de ZROUSDT
2026-02-11 11:13:21,906 | INFO | Variação: 0.000% | 2.506 → 2.506
2026-02-11 11:13:21,907 | INFO | Resultado da posição: 0.00% | R$ 0.00
2026-02-11 11:13:26,907 | INFO | Buscando preço de ZROUSDT
2026-02-11 11:13:27,179 | INFO | Variação: 0.758% | 2.506 → 2.525
2026-02-11 11:13:27,180 | INFO | Resultado da posição: 0.76% | R$ 1.51
2026-02-11 11:13:27,180 | WARNING | 🟢 TAKE PROFIT | ZROUSDT | Lucro: R$ 1.51 | Capital: R$ 1000.08
2026-02-11 11:13:27,181 | WARNING | 🟢 COMPRA SIMULADA | ZROUSDT a 2.525 | Qtd: 79.214642 | Capital: R$ 1000.08
2026-02-11 11:13:32,181 | INFO | Buscando preço de ZROUSDT
2026-02-11 11:13:32,449 | INFO | Variação: 0.871% | 2.525 → 2.547
2026-02-11 11:13:32,449 | INFO | Resultado da posição: 0.87% | R$ 1.74
2026-02-11 11:13:32,449 | WARNING | 🟢 TAKE PROFIT | ZROUSDT | Lucro: R$ 1.74 | Capital: R$ 1001.83
2026-02-11 11:13:32,449 | WARNING | 🟢 COMPRA SIMULADA | ZROUSDT a 2.547 | Qtd: 78.667262 | Capital: R$ 1001.83
2026-02-11 11:13:37,450 | INFO | Buscando preço de ZROUSDT
2026-02-11 11:13:37,716 | INFO | Variação: 0.471% | 2.547 → 2.559
2026-02-11 11:13:37,716 | INFO | Resultado da posição: 0.47% | R$ 0.94
2026-02-11 11:13:37,716 | WARNING | 🟢 TAKE PROFIT | ZROUSDT | Lucro: R$ 0.94 | Capital: R$ 1002.77
2026-02-11 11:13:37,717 | WARNING | 🟢 COMPRA SIMULADA | ZROUSDT a 2.559 | Qtd: 78.372144 | Capital: R$ 1002.77
2026-02-11 11:13:42,717 | INFO | Buscando preço de ZROUSDT
2026-02-11 11:13:42,985 | INFO | Variação: -0.664% | 2.559 → 2.542
2026-02-11 11:13:42,985 | INFO | Resultado da posição: -0.66% | R$ -1.33
2026-02-11 11:13:42,985 | WARNING | 🔴 STOP LOSS | ZROUSDT | Prejuízo: R$ -1.33 | Capital: R$ 1001.44
2026-02-11 11:13:47,986 | INFO | Buscando preço de ZROUSDT
2026-02-11 11:13:48,257 | INFO | Variação: -0.157% | 2.542 → 2.538
2026-02-11 11:13:53,257 | INFO | Buscando preço de ZROUSDT
2026-02-11 11:13:53,522 | INFO | Variação: -0.394% | 2.538 → 2.528
2026-02-11 11:13:58,523 | INFO | Buscando preço de ZROUSDT
2026-02-11 11:13:58,787 | INFO | Variação: 0.119% | 2.528 → 2.531
2026-02-11 11:13:58,787 | WARNING | 🟢 COMPRA SIMULADA | ZROUSDT a 2.531 | Qtd: 79.133881 | Capital: R$ 1001.44
2026-02-11 11:14:03,789 | INFO | Buscando preço de ZROUSDT
2026-02-11 11:14:04,057 | INFO | Variação: -0.632% | 2.531 → 2.515
2026-02-11 11:14:04,057 | INFO | Resultado da posição: -0.63% | R$ -1.27
2026-02-11 11:14:04,057 | WARNING | 🔴 STOP LOSS | ZROUSDT | Prejuízo: R$ -1.27 | Capital: R$ 1000.17
2026-02-11 11:14:09,058 | INFO | Buscando preço de ZROUSDT
2026-02-11 11:14:09,328 | INFO | Variação: -0.596% | 2.515 → 2.5
2026-02-11 11:14:14,329 | INFO | Buscando preço de ZROUSDT
2026-02-11 11:14:14,599 | INFO | Variação: 0.080% | 2.5 → 2.502
2026-02-11 11:14:14,599 | WARNING | 🟢 COMPRA SIMULADA | ZROUSDT a 2.502 | Qtd: 79.949889 | Capital: R$ 1000.17
2026-02-11 11:14:19,600 | INFO | Buscando preço de ZROUSDT
2026-02-11 11:14:19,869 | INFO | Variação: 0.040% | 2.502 → 2.503
2026-02-11 11:14:19,869 | INFO | Resultado da posição: 0.04% | R$ 0.08
2026-02-11 11:14:24,870 | INFO | Buscando preço de ZROUSDT
2026-02-11 11:14:25,136 | INFO | Variação: -0.040% | 2.503 → 2.502
2026-02-11 11:14:25,136 | INFO | Resultado da posição: 0.00% | R$ 0.00
2026-02-11 11:14:30,137 | INFO | Buscando preço de ZROUSDT
2026-02-11 11:14:30,405 | INFO | Variação: 0.200% | 2.502 → 2.507
2026-02-11 11:14:30,405 | INFO | Resultado da posição: 0.20% | R$ 0.40
2026-02-11 11:14:30,406 | WARNING | 🟢 TAKE PROFIT | ZROUSDT | Lucro: R$ 0.40 | Capital: R$ 1000.57
2026-02-11 11:14:30,406 | WARNING | 🟢 COMPRA SIMULADA | ZROUSDT a 2.507 | Qtd: 79.822327 | Capital: R$ 1000.57
2026-02-11 11:14:35,407 | INFO | Buscando preço de ZROUSDT
2026-02-11 11:14:35,678 | INFO | Variação: -0.040% | 2.507 → 2.506
2026-02-11 11:14:35,678 | INFO | Resultado da posição: -0.04% | R$ -0.08
2026-02-11 11:14:40,679 | INFO | Buscando preço de ZROUSDT
2026-02-11 11:14:40,947 | INFO | Variação: 0.160% | 2.506 → 2.51
2026-02-11 11:14:40,947 | INFO | Resultado da posição: 0.12% | R$ 0.24
2026-02-11 11:14:40,947 | WARNING | 🟢 TAKE PROFIT | ZROUSDT | Lucro: R$ 0.24 | Capital: R$ 1000.81
2026-02-11 11:14:40,948 | WARNING | 🟢 COMPRA SIMULADA | ZROUSDT a 2.51 | Qtd: 79.746003 | Capital: R$ 1000.81
2026-02-11 11:14:45,949 | INFO | Buscando preço de ZROUSDT
2026-02-11 11:14:46,219 | INFO | Variação: 0.199% | 2.51 → 2.515
2026-02-11 11:14:46,220 | INFO | Resultado da posição: 0.20% | R$ 0.40
2026-02-11 11:14:46,220 | WARNING | 🟢 TAKE PROFIT | ZROUSDT | Lucro: R$ 0.40 | Capital: R$ 1001.21
2026-02-11 11:14:46,220 | WARNING | 🟢 COMPRA SIMULADA | ZROUSDT a 2.515 | Qtd: 79.619170 | Capital: R$ 1001.21
2026-02-11 11:14:51,221 | INFO | Buscando preço de ZROUSDT
2026-02-11 11:14:51,485 | INFO | Variação: 0.000% | 2.515 → 2.515
2026-02-11 11:14:51,485 | INFO | Resultado da posição: 0.00% | R$ 0.00
2026-02-11 11:14:56,487 | INFO | Buscando preço de ZROUSDT
2026-02-11 11:14:56,752 | INFO | Variação: -0.199% | 2.515 → 2.51
2026-02-11 11:14:56,753 | INFO | Resultado da posição: -0.20% | R$ -0.40
2026-02-11 11:15:01,753 | INFO | Buscando preço de ZROUSDT
2026-02-11 11:15:02,525 | INFO | Variação: 0.239% | 2.51 → 2.516
2026-02-11 11:15:02,526 | INFO | Resultado da posição: 0.04% | R$ 0.08
2026-02-11 11:15:07,527 | INFO | Buscando preço de ZROUSDT
2026-02-11 11:15:07,792 | INFO | Variação: 0.119% | 2.516 → 2.519
2026-02-11 11:15:07,793 | INFO | Resultado da posição: 0.16% | R$ 0.32
2026-02-11 11:15:07,793 | WARNING | 🟢 TAKE PROFIT | ZROUSDT | Lucro: R$ 0.32 | Capital: R$ 1001.53
2026-02-11 11:15:07,793 | WARNING | 🟢 COMPRA SIMULADA | ZROUSDT a 2.519 | Qtd: 79.518026 | Capital: R$ 1001.53
2026-02-11 11:15:12,794 | INFO | Buscando preço de ZROUSDT
2026-02-11 11:15:13,062 | INFO | Variação: 0.079% | 2.519 → 2.521
2026-02-11 11:15:13,062 | INFO | Resultado da posição: 0.08% | R$ 0.16
2026-02-11 11:15:13,063 | WARNING | 🟢 TAKE PROFIT | ZROUSDT | Lucro: R$ 0.16 | Capital: R$ 1001.69
2026-02-11 11:15:13,063 | WARNING | 🟢 COMPRA SIMULADA | ZROUSDT a 2.521 | Qtd: 79.467559 | Capital: R$ 1001.69
2026-02-11 11:15:18,064 | INFO | Buscando preço de ZROUSDT
2026-02-11 11:15:18,328 | INFO | Variação: -0.040% | 2.521 → 2.52
2026-02-11 11:15:18,328 | INFO | Resultado da posição: -0.04% | R$ -0.08
2026-02-11 11:15:23,329 | INFO | Buscando preço de ZROUSDT
2026-02-11 11:15:23,600 | INFO | Variação: 0.159% | 2.52 → 2.524
2026-02-11 11:15:23,601 | INFO | Resultado da posição: 0.12% | R$ 0.24
2026-02-11 11:15:23,601 | WARNING | 🟢 TAKE PROFIT | ZROUSDT | Lucro: R$ 0.24 | Capital: R$ 1001.93
2026-02-11 11:15:23,601 | WARNING | 🟢 COMPRA SIMULADA | ZROUSDT a 2.524 | Qtd: 79.391995 | Capital: R$ 1001.93
2026-02-11 11:15:28,602 | INFO | Buscando preço de ZROUSDT
2026-02-11 11:15:28,873 | INFO | Variação: 0.040% | 2.524 → 2.525
2026-02-11 11:15:28,874 | INFO | Resultado da posição: 0.04% | R$ 0.08
2026-02-11 11:15:33,876 | INFO | Buscando preço de ZROUSDT
2026-02-11 11:15:34,142 | INFO | Variação: -0.040% | 2.525 → 2.524
2026-02-11 11:15:34,143 | INFO | Resultado da posição: 0.00% | R$ 0.00
2026-02-11 11:15:39,143 | INFO | Buscando preço de ZROUSDT
2026-02-11 11:15:39,409 | INFO | Variação: -0.040% | 2.524 → 2.523
2026-02-11 11:15:39,409 | INFO | Resultado da posição: -0.04% | R$ -0.08
2026-02-11 11:15:44,410 | INFO | Buscando preço de ZROUSDT
2026-02-11 11:15:44,679 | INFO | Variação: 0.040% | 2.523 → 2.524
2026-02-11 11:15:44,679 | INFO | Resultado da posição: 0.00% | R$ 0.00
2026-02-11 11:15:49,680 | INFO | Buscando preço de ZROUSDT
2026-02-11 11:15:49,945 | INFO | Variação: -0.040% | 2.524 → 2.523
2026-02-11 11:15:49,945 | INFO | Resultado da posição: -0.04% | R$ -0.08
2026-02-11 11:15:54,946 | INFO | Buscando preço de ZROUSDT
2026-02-11 11:15:55,214 | INFO | Variação: 0.000% | 2.523 → 2.523
2026-02-11 11:15:55,215 | INFO | Resultado da posição: -0.04% | R$ -0.08
2026-02-11 11:16:00,216 | INFO | Buscando preço de ZROUSDT
2026-02-11 11:16:00,483 | INFO | Variação: 0.079% | 2.523 → 2.525
2026-02-11 11:16:00,483 | INFO | Resultado da posição: 0.04% | R$ 0.08
2026-02-11 11:16:05,484 | INFO | Buscando preço de ZROUSDT
2026-02-11 11:16:05,752 | INFO | Variação: 0.356% | 2.525 → 2.534
2026-02-11 11:16:05,753 | INFO | Resultado da posição: 0.40% | R$ 0.79
2026-02-11 11:16:05,753 | WARNING | 🟢 TAKE PROFIT | ZROUSDT | Lucro: R$ 0.79 | Capital: R$ 1002.72
2026-02-11 11:16:05,753 | WARNING | 🟢 COMPRA SIMULADA | ZROUSDT a 2.534 | Qtd: 79.141350 | Capital: R$ 1002.72
2026-02-11 11:16:10,754 | INFO | Buscando preço de ZROUSDT
2026-02-11 11:16:11,024 | INFO | Variação: -0.039% | 2.534 → 2.533
2026-02-11 11:16:11,026 | INFO | Resultado da posição: -0.04% | R$ -0.08
2026-02-11 11:16:16,027 | INFO | Buscando preço de ZROUSDT
2026-02-11 11:16:16,299 | INFO | Variação: 0.197% | 2.533 → 2.538
2026-02-11 11:16:16,299 | INFO | Resultado da posição: 0.16% | R$ 0.32
2026-02-11 11:16:16,299 | WARNING | 🟢 TAKE PROFIT | ZROUSDT | Lucro: R$ 0.32 | Capital: R$ 1003.04
2026-02-11 11:16:16,300 | WARNING | 🟢 COMPRA SIMULADA | ZROUSDT a 2.538 | Qtd: 79.041565 | Capital: R$ 1003.04
2026-02-11 11:16:21,301 | INFO | Buscando preço de ZROUSDT
2026-02-11 11:16:21,566 | INFO | Variação: -0.355% | 2.538 → 2.529
2026-02-11 11:16:21,566 | INFO | Resultado da posição: -0.35% | R$ -0.71
2026-02-11 11:16:21,566 | WARNING | 🔴 STOP LOSS | ZROUSDT | Prejuízo: R$ -0.71 | Capital: R$ 1002.33
2026-02-11 11:16:26,567 | INFO | Buscando preço de ZROUSDT
2026-02-11 11:16:26,831 | INFO | Variação: 0.198% | 2.529 → 2.534
2026-02-11 11:16:26,831 | WARNING | 🟢 COMPRA SIMULADA | ZROUSDT a 2.534 | Qtd: 79.110189 | Capital: R$ 1002.33
2026-02-11 11:16:31,832 | INFO | Buscando preço de ZROUSDT
2026-02-11 11:16:32,103 | INFO | Variação: -0.158% | 2.534 → 2.53
2026-02-11 11:16:32,103 | INFO | Resultado da posição: -0.16% | R$ -0.32
2026-02-11 11:16:37,105 | INFO | Buscando preço de ZROUSDT
2026-02-11 11:16:37,372 | INFO | Variação: 0.079% | 2.53 → 2.532
2026-02-11 11:16:37,373 | INFO | Resultado da posição: -0.08% | R$ -0.16
2026-02-11 11:16:42,374 | INFO | Buscando preço de ZROUSDT
2026-02-11 11:16:42,641 | INFO | Variação: 0.039% | 2.532 → 2.533
2026-02-11 11:16:42,641 | INFO | Resultado da posição: -0.04% | R$ -0.08
2026-02-11 11:16:47,643 | INFO | Buscando preço de ZROUSDT
2026-02-11 11:16:47,912 | INFO | Variação: 0.039% | 2.533 → 2.534
2026-02-11 11:16:47,912 | INFO | Resultado da posição: 0.00% | R$ 0.00
2026-02-11 11:16:52,913 | INFO | Buscando preço de ZROUSDT
2026-02-11 11:16:53,179 | INFO | Variação: 0.079% | 2.534 → 2.536
2026-02-11 11:16:53,179 | INFO | Resultado da posição: 0.08% | R$ 0.16
2026-02-11 11:16:53,180 | WARNING | 🟢 TAKE PROFIT | ZROUSDT | Lucro: R$ 0.16 | Capital: R$ 1002.48
2026-02-11 11:16:53,180 | WARNING | 🟢 COMPRA SIMULADA | ZROUSDT a 2.536 | Qtd: 79.060277 | Capital: R$ 1002.48
2026-02-11 11:16:58,181 | INFO | Buscando preço de ZROUSDT
2026-02-11 11:16:58,448 | INFO | Variação: -0.079% | 2.536 → 2.534
2026-02-11 11:16:58,448 | INFO | Resultado da posição: -0.08% | R$ -0.16
2026-02-11 11:17:03,450 | INFO | Buscando preço de ZROUSDT
2026-02-11 11:17:03,723 | INFO | Variação: 0.079% | 2.534 → 2.536
2026-02-11 11:17:03,724 | INFO | Resultado da posição: 0.00% | R$ 0.00
2026-02-11 11:17:08,724 | INFO | Buscando preço de ZROUSDT
2026-02-11 11:17:08,991 | INFO | Variação: -0.079% | 2.536 → 2.534
2026-02-11 11:17:08,991 | INFO | Resultado da posição: -0.08% | R$ -0.16
2026-02-11 11:17:13,992 | INFO | Buscando preço de ZROUSDT
2026-02-11 11:17:14,260 | INFO | Variação: -0.039% | 2.534 → 2.533
2026-02-11 11:17:14,260 | INFO | Resultado da posição: -0.12% | R$ -0.24
2026-02-11 11:17:19,261 | INFO | Buscando preço de ZROUSDT
2026-02-11 11:17:19,526 | INFO | Variação: 0.039% | 2.533 → 2.534
2026-02-11 11:17:19,526 | INFO | Resultado da posição: -0.08% | R$ -0.16
2026-02-11 11:17:24,527 | INFO | Buscando preço de ZROUSDT
2026-02-11 11:17:24,793 | INFO | Variação: 0.039% | 2.534 → 2.535
2026-02-11 11:17:24,794 | INFO | Resultado da posição: -0.04% | R$ -0.08
2026-02-11 11:17:29,795 | INFO | Buscando preço de ZROUSDT
2026-02-11 11:17:30,065 | INFO | Variação: -0.118% | 2.535 → 2.532
2026-02-11 11:17:30,065 | INFO | Resultado da posição: -0.16% | R$ -0.32
2026-02-11 11:17:35,067 | INFO | Buscando preço de ZROUSDT
2026-02-11 11:17:35,330 | INFO | Variação: 0.079% | 2.532 → 2.534
2026-02-11 11:17:35,330 | INFO | Resultado da posição: -0.08% | R$ -0.16
2026-02-11 11:17:40,332 | INFO | Buscando preço de ZROUSDT
2026-02-11 11:17:40,598 | INFO | Variação: -0.118% | 2.534 → 2.531
2026-02-11 11:17:40,598 | INFO | Resultado da posição: -0.20% | R$ -0.40
2026-02-11 11:17:45,599 | INFO | Buscando preço de ZROUSDT
2026-02-11 11:17:45,863 | INFO | Variação: 0.158% | 2.531 → 2.535
2026-02-11 11:17:45,864 | INFO | Resultado da posição: -0.04% | R$ -0.08
2026-02-11 11:17:50,865 | INFO | Buscando preço de ZROUSDT
2026-02-11 11:17:51,130 | INFO | Variação: -0.039% | 2.535 → 2.534
2026-02-11 11:17:51,130 | INFO | Resultado da posição: -0.08% | R$ -0.16
2026-02-11 11:17:56,132 | INFO | Buscando preço de ZROUSDT
2026-02-11 11:17:56,404 | INFO | Variação: -0.158% | 2.534 → 2.53
2026-02-11 11:17:56,405 | INFO | Resultado da posição: -0.24% | R$ -0.47
2026-02-11 11:18:01,405 | INFO | Buscando preço de ZROUSDT
2026-02-11 11:18:01,672 | INFO | Variação: -0.158% | 2.53 → 2.526
2026-02-11 11:18:01,672 | INFO | Resultado da posição: -0.39% | R$ -0.79
2026-02-11 11:18:01,672 | WARNING | 🔴 STOP LOSS | ZROUSDT | Prejuízo: R$ -0.79 | Capital: R$ 1001.69
2026-02-11 11:18:06,674 | INFO | Buscando preço de ZROUSDT
2026-02-11 11:18:06,941 | INFO | Variação: -0.158% | 2.526 → 2.522
2026-02-11 11:18:11,942 | INFO | Buscando preço de ZROUSDT
2026-02-11 11:18:12,207 | INFO | Variação: 0.159% | 2.522 → 2.526
2026-02-11 11:18:12,208 | WARNING | 🟢 COMPRA SIMULADA | ZROUSDT a 2.526 | Qtd: 79.310666 | Capital: R$ 1001.69
2026-02-11 11:18:17,209 | INFO | Buscando preço de ZROUSDT
2026-02-11 11:18:17,475 | INFO | Variação: 0.000% | 2.526 → 2.526
2026-02-11 11:18:17,476 | INFO | Resultado da posição: 0.00% | R$ 0.00
2026-02-11 11:18:22,477 | INFO | Buscando preço de ZROUSDT
2026-02-11 11:18:22,745 | INFO | Variação: 0.317% | 2.526 → 2.534
2026-02-11 11:18:22,746 | INFO | Resultado da posição: 0.32% | R$ 0.63
2026-02-11 11:18:22,746 | WARNING | 🟢 TAKE PROFIT | ZROUSDT | Lucro: R$ 0.63 | Capital: R$ 1002.33
2026-02-11 11:18:22,747 | WARNING | 🟢 COMPRA SIMULADA | ZROUSDT a 2.534 | Qtd: 79.110355 | Capital: R$ 1002.33
2026-02-11 11:18:27,747 | INFO | Buscando preço de ZROUSDT
2026-02-11 11:18:28,029 | INFO | Variação: 0.118% | 2.534 → 2.537
2026-02-11 11:18:28,029 | INFO | Resultado da posição: 0.12% | R$ 0.24
2026-02-11 11:18:28,029 | WARNING | 🟢 TAKE PROFIT | ZROUSDT | Lucro: R$ 0.24 | Capital: R$ 1002.57
2026-02-11 11:18:28,029 | WARNING | 🟢 COMPRA SIMULADA | ZROUSDT a 2.537 | Qtd: 79.035516 | Capital: R$ 1002.57
2026-02-11 11:18:33,030 | INFO | Buscando preço de ZROUSDT
2026-02-11 11:18:33,294 | INFO | Variação: 0.276% | 2.537 → 2.544
2026-02-11 11:18:33,295 | INFO | Resultado da posição: 0.28% | R$ 0.55
2026-02-11 11:18:33,295 | WARNING | 🟢 TAKE PROFIT | ZROUSDT | Lucro: R$ 0.55 | Capital: R$ 1003.12
2026-02-11 11:18:33,295 | WARNING | 🟢 COMPRA SIMULADA | ZROUSDT a 2.544 | Qtd: 78.861539 | Capital: R$ 1003.12
2026-02-11 11:18:38,296 | INFO | Buscando preço de ZROUSDT
2026-02-11 11:18:38,562 | INFO | Variação: 0.275% | 2.544 → 2.551
2026-02-11 11:18:38,563 | INFO | Resultado da posição: 0.28% | R$ 0.55
2026-02-11 11:18:38,563 | WARNING | 🟢 TAKE PROFIT | ZROUSDT | Lucro: R$ 0.55 | Capital: R$ 1003.67
2026-02-11 11:18:38,564 | WARNING | 🟢 COMPRA SIMULADA | ZROUSDT a 2.551 | Qtd: 78.688420 | Capital: R$ 1003.67
2026-02-11 11:18:43,565 | INFO | Buscando preço de ZROUSDT
2026-02-11 11:18:44,333 | INFO | Variação: -0.314% | 2.551 → 2.543
2026-02-11 11:18:44,333 | INFO | Resultado da posição: -0.31% | R$ -0.63
2026-02-11 11:18:44,333 | WARNING | 🔴 STOP LOSS | ZROUSDT | Prejuízo: R$ -0.63 | Capital: R$ 1003.04
2026-02-11 11:18:49,335 | INFO | Buscando preço de ZROUSDT
2026-02-11 11:18:50,116 | INFO | Variação: 0.197% | 2.543 → 2.548
2026-02-11 11:18:50,117 | WARNING | 🟢 COMPRA SIMULADA | ZROUSDT a 2.548 | Qtd: 78.731656 | Capital: R$ 1003.04
2026-02-11 11:18:55,118 | INFO | Buscando preço de ZROUSDT
2026-02-11 11:18:55,390 | INFO | Variação: 0.039% | 2.548 → 2.549
2026-02-11 11:18:55,390 | INFO | Resultado da posição: 0.04% | R$ 0.08
2026-02-11 11:19:00,390 | INFO | Buscando preço de ZROUSDT
2026-02-11 11:19:00,656 | INFO | Variação: 0.235% | 2.549 → 2.555
2026-02-11 11:19:00,656 | INFO | Resultado da posição: 0.27% | R$ 0.55
2026-02-11 11:19:00,657 | WARNING | 🟢 TAKE PROFIT | ZROUSDT | Lucro: R$ 0.55 | Capital: R$ 1003.59
2026-02-11 11:19:00,657 | WARNING | 🟢 COMPRA SIMULADA | ZROUSDT a 2.555 | Qtd: 78.559093 | Capital: R$ 1003.59
2026-02-11 11:19:05,658 | INFO | Buscando preço de ZROUSDT
2026-02-11 11:19:05,929 | INFO | Variação: -0.039% | 2.555 → 2.554
2026-02-11 11:19:05,929 | INFO | Resultado da posição: -0.04% | R$ -0.08
2026-02-11 11:19:10,930 | INFO | Buscando preço de ZROUSDT
2026-02-11 11:19:11,197 | INFO | Variação: -0.078% | 2.554 → 2.552
2026-02-11 11:19:11,197 | INFO | Resultado da posição: -0.12% | R$ -0.24
2026-02-11 11:19:16,198 | INFO | Buscando preço de ZROUSDT
2026-02-11 11:19:16,464 | INFO | Variação: -0.039% | 2.552 → 2.551
2026-02-11 11:19:16,464 | INFO | Resultado da posição: -0.16% | R$ -0.31
2026-02-11 11:19:21,466 | INFO | Buscando preço de ZROUSDT
2026-02-11 11:19:21,735 | INFO | Variação: -0.118% | 2.551 → 2.548
2026-02-11 11:19:21,735 | INFO | Resultado da posição: -0.27% | R$ -0.55
2026-02-11 11:19:26,736 | INFO | Buscando preço de ZROUSDT
2026-02-11 11:19:27,007 | INFO | Variação: -0.275% | 2.548 → 2.541
2026-02-11 11:19:27,007 | INFO | Resultado da posição: -0.55% | R$ -1.10
2026-02-11 11:19:27,007 | WARNING | 🔴 STOP LOSS | ZROUSDT | Prejuízo: R$ -1.10 | Capital: R$ 1002.49
2026-02-11 11:19:32,009 | INFO | Buscando preço de ZROUSDT
2026-02-11 11:19:32,276 | INFO | Variação: 0.039% | 2.541 → 2.542
2026-02-11 11:19:32,276 | WARNING | 🟢 COMPRA SIMULADA | ZROUSDT a 2.542 | Qtd: 78.874319 | Capital: R$ 1002.49
2026-02-11 11:19:37,278 | INFO | Buscando preço de ZROUSDT
2026-02-11 11:19:37,546 | INFO | Variação: 0.315% | 2.542 → 2.55
2026-02-11 11:19:37,546 | INFO | Resultado da posição: 0.31% | R$ 0.63
2026-02-11 11:19:37,547 | WARNING | 🟢 TAKE PROFIT | ZROUSDT | Lucro: R$ 0.63 | Capital: R$ 1003.12
2026-02-11 11:19:37,547 | WARNING | 🟢 COMPRA SIMULADA | ZROUSDT a 2.55 | Qtd: 78.676360 | Capital: R$ 1003.12
2026-02-11 11:19:42,548 | INFO | Buscando preço de ZROUSDT
2026-02-11 11:19:42,815 | INFO | Variação: 0.039% | 2.55 → 2.551
2026-02-11 11:19:42,815 | INFO | Resultado da posição: 0.04% | R$ 0.08
2026-02-11 11:19:47,817 | INFO | Buscando preço de ZROUSDT
2026-02-11 11:19:48,086 | INFO | Variação: 0.039% | 2.551 → 2.552
2026-02-11 11:19:48,086 | INFO | Resultado da posição: 0.08% | R$ 0.16
2026-02-11 11:19:48,086 | WARNING | 🟢 TAKE PROFIT | ZROUSDT | Lucro: R$ 0.16 | Capital: R$ 1003.28
2026-02-11 11:19:48,087 | WARNING | 🟢 COMPRA SIMULADA | ZROUSDT a 2.552 | Qtd: 78.627033 | Capital: R$ 1003.28
2026-02-11 11:19:53,088 | INFO | Buscando preço de ZROUSDT
2026-02-11 11:19:53,357 | INFO | Variação: 0.353% | 2.552 → 2.561
2026-02-11 11:19:53,357 | INFO | Resultado da posição: 0.35% | R$ 0.71
2026-02-11 11:19:53,358 | WARNING | 🟢 TAKE PROFIT | ZROUSDT | Lucro: R$ 0.71 | Capital: R$ 1003.99
2026-02-11 11:19:53,358 | WARNING | 🟢 COMPRA SIMULADA | ZROUSDT a 2.561 | Qtd: 78.405981 | Capital: R$ 1003.99
2026-02-11 11:19:58,358 | INFO | Buscando preço de ZROUSDT
2026-02-11 11:19:58,629 | INFO | Variação: -0.078% | 2.561 → 2.559
2026-02-11 11:19:58,630 | INFO | Resultado da posição: -0.08% | R$ -0.16
2026-02-11 11:20:03,630 | INFO | Buscando preço de ZROUSDT
2026-02-11 11:20:03,901 | INFO | Variação: -0.117% | 2.559 → 2.556
2026-02-11 11:20:03,901 | INFO | Resultado da posição: -0.20% | R$ -0.39
2026-02-11 11:20:08,902 | INFO | Buscando preço de ZROUSDT
2026-02-11 11:20:09,170 | INFO | Variação: 0.039% | 2.556 → 2.557
2026-02-11 11:20:09,170 | INFO | Resultado da posição: -0.16% | R$ -0.31
2026-02-11 11:20:14,171 | INFO | Buscando preço de ZROUSDT
2026-02-11 11:20:14,438 | INFO | Variação: -0.117% | 2.557 → 2.554
2026-02-11 11:20:14,439 | INFO | Resultado da posição: -0.27% | R$ -0.55
2026-02-11 11:20:19,440 | INFO | Buscando preço de ZROUSDT
2026-02-11 11:20:19,705 | INFO | Variação: -0.117% | 2.554 → 2.551
2026-02-11 11:20:19,705 | INFO | Resultado da posição: -0.39% | R$ -0.78
2026-02-11 11:20:19,705 | WARNING | 🔴 STOP LOSS | ZROUSDT | Prejuízo: R$ -0.78 | Capital: R$ 1003.20
2026-02-11 11:20:24,707 | INFO | Buscando preço de ZROUSDT
2026-02-11 11:20:24,972 | INFO | Variação: -0.196% | 2.551 → 2.546
2026-02-11 11:20:29,973 | INFO | Buscando preço de ZROUSDT
2026-02-11 11:20:30,246 | INFO | Variação: -0.039% | 2.546 → 2.545
2026-02-11 11:20:35,247 | INFO | Buscando preço de ZROUSDT
2026-02-11 11:20:35,514 | INFO | Variação: -0.157% | 2.545 → 2.541
2026-02-11 11:20:40,515 | INFO | Buscando preço de ZROUSDT
2026-02-11 11:20:40,783 | INFO | Variação: 0.157% | 2.541 → 2.545
2026-02-11 11:20:40,783 | WARNING | 🟢 COMPRA SIMULADA | ZROUSDT a 2.545 | Qtd: 78.837290 | Capital: R$ 1003.20
2026-02-11 11:20:45,784 | INFO | Buscando preço de ZROUSDT
2026-02-11 11:20:46,051 | INFO | Variação: 0.314% | 2.545 → 2.553
2026-02-11 11:20:46,052 | INFO | Resultado da posição: 0.31% | R$ 0.63
2026-02-11 11:20:46,052 | WARNING | 🟢 TAKE PROFIT | ZROUSDT | Lucro: R$ 0.63 | Capital: R$ 1003.84
2026-02-11 11:20:46,052 | WARNING | 🟢 COMPRA SIMULADA | ZROUSDT a 2.553 | Qtd: 78.639657 | Capital: R$ 1003.84
2026-02-11 11:20:51,053 | INFO | Buscando preço de ZROUSDT
2026-02-11 11:20:51,320 | INFO | Variação: -0.157% | 2.553 → 2.549
2026-02-11 11:20:51,321 | INFO | Resultado da posição: -0.16% | R$ -0.31
2026-02-11 11:20:56,322 | INFO | Buscando preço de ZROUSDT
2026-02-11 11:20:56,587 | INFO | Variação: -0.157% | 2.549 → 2.545
2026-02-11 11:20:56,588 | INFO | Resultado da posição: -0.31% | R$ -0.63
2026-02-11 11:20:56,588 | WARNING | 🔴 STOP LOSS | ZROUSDT | Prejuízo: R$ -0.63 | Capital: R$ 1003.21
2026-02-11 11:21:01,589 | INFO | Buscando preço de ZROUSDT
2026-02-11 11:21:01,853 | INFO | Variação: -0.039% | 2.545 → 2.544
2026-02-11 11:21:06,854 | INFO | Buscando preço de ZROUSDT
2026-02-11 11:21:07,127 | INFO | Variação: 0.393% | 2.544 → 2.554
2026-02-11 11:21:07,127 | WARNING | 🟢 COMPRA SIMULADA | ZROUSDT a 2.554 | Qtd: 78.559601 | Capital: R$ 1003.21
2026-02-11 11:21:12,128 | INFO | Buscando preço de ZROUSDT
2026-02-11 11:21:12,394 | INFO | Variação: -0.117% | 2.554 → 2.551
2026-02-11 11:21:12,395 | INFO | Resultado da posição: -0.12% | R$ -0.24
2026-02-11 11:21:17,396 | INFO | Buscando preço de ZROUSDT
2026-02-11 11:21:17,662 | INFO | Variação: 0.078% | 2.551 → 2.553
2026-02-11 11:21:17,663 | INFO | Resultado da posição: -0.04% | R$ -0.08
2026-02-11 11:21:22,663 | INFO | Buscando preço de ZROUSDT
2026-02-11 11:21:22,931 | INFO | Variação: 0.274% | 2.553 → 2.56
2026-02-11 11:21:22,932 | INFO | Resultado da posição: 0.23% | R$ 0.47
2026-02-11 11:21:22,932 | WARNING | 🟢 TAKE PROFIT | ZROUSDT | Lucro: R$ 0.47 | Capital: R$ 1003.68
2026-02-11 11:21:22,932 | WARNING | 🟢 COMPRA SIMULADA | ZROUSDT a 2.56 | Qtd: 78.412302 | Capital: R$ 1003.68
2026-02-11 11:21:27,934 | INFO | Buscando preço de ZROUSDT
2026-02-11 11:21:28,200 | INFO | Variação: 0.742% | 2.56 → 2.579
2026-02-11 11:21:28,201 | INFO | Resultado da posição: 0.74% | R$ 1.49
2026-02-11 11:21:28,201 | WARNING | 🟢 TAKE PROFIT | ZROUSDT | Lucro: R$ 1.49 | Capital: R$ 1005.17
2026-02-11 11:21:28,201 | WARNING | 🟢 COMPRA SIMULADA | ZROUSDT a 2.579 | Qtd: 77.950158 | Capital: R$ 1005.17
2026-02-11 11:21:33,202 | INFO | Buscando preço de ZROUSDT
2026-02-11 11:21:33,473 | INFO | Variação: -0.465% | 2.579 → 2.567
2026-02-11 11:21:33,474 | INFO | Resultado da posição: -0.47% | R$ -0.94
2026-02-11 11:21:33,474 | WARNING | 🔴 STOP LOSS | ZROUSDT | Prejuízo: R$ -0.94 | Capital: R$ 1004.23
2026-02-11 11:21:38,476 | INFO | Buscando preço de ZROUSDT
2026-02-11 11:21:38,742 | INFO | Variação: -0.156% | 2.567 → 2.563
2026-02-11 11:21:43,744 | INFO | Buscando preço de ZROUSDT
2026-02-11 11:21:44,016 | INFO | Variação: -0.390% | 2.563 → 2.553
2026-02-11 11:21:49,017 | INFO | Buscando preço de ZROUSDT
2026-02-11 11:21:49,281 | INFO | Variação: 0.392% | 2.553 → 2.563
2026-02-11 11:21:49,281 | WARNING | 🟢 COMPRA SIMULADA | ZROUSDT a 2.563 | Qtd: 78.363784 | Capital: R$ 1004.23
2026-02-11 11:21:54,282 | INFO | Buscando preço de ZROUSDT
2026-02-11 11:21:54,546 | INFO | Variação: -0.351% | 2.563 → 2.554
2026-02-11 11:21:54,546 | INFO | Resultado da posição: -0.35% | R$ -0.71
2026-02-11 11:21:54,546 | WARNING | 🔴 STOP LOSS | ZROUSDT | Prejuízo: R$ -0.71 | Capital: R$ 1003.53
2026-02-11 11:21:59,547 | INFO | Buscando preço de ZROUSDT
2026-02-11 11:21:59,812 | INFO | Variação: 0.196% | 2.554 → 2.559
2026-02-11 11:21:59,813 | WARNING | 🟢 COMPRA SIMULADA | ZROUSDT a 2.559 | Qtd: 78.431154 | Capital: R$ 1003.53
2026-02-11 11:22:04,814 | INFO | Buscando preço de ZROUSDT
2026-02-11 11:22:05,081 | INFO | Variação: 0.469% | 2.559 → 2.571
2026-02-11 11:22:05,081 | INFO | Resultado da posição: 0.47% | R$ 0.94
2026-02-11 11:22:05,082 | WARNING | 🟢 TAKE PROFIT | ZROUSDT | Lucro: R$ 0.94 | Capital: R$ 1004.47
2026-02-11 11:22:05,082 | WARNING | 🟢 COMPRA SIMULADA | ZROUSDT a 2.571 | Qtd: 78.138296 | Capital: R$ 1004.47
2026-02-11 11:22:10,084 | INFO | Buscando preço de ZROUSDT
2026-02-11 11:22:10,351 | INFO | Variação: -0.350% | 2.571 → 2.562
2026-02-11 11:22:10,351 | INFO | Resultado da posição: -0.35% | R$ -0.70
2026-02-11 11:22:10,352 | WARNING | 🔴 STOP LOSS | ZROUSDT | Prejuízo: R$ -0.70 | Capital: R$ 1003.76
2026-02-11 11:22:15,352 | INFO | Buscando preço de ZROUSDT
2026-02-11 11:22:15,621 | INFO | Variação: -0.117% | 2.562 → 2.559
2026-02-11 11:22:20,623 | INFO | Buscando preço de ZROUSDT
2026-02-11 11:22:20,891 | INFO | Variação: -0.195% | 2.559 → 2.554
2026-02-11 11:22:25,892 | INFO | Buscando preço de ZROUSDT
2026-02-11 11:22:26,156 | INFO | Variação: -0.039% | 2.554 → 2.553
2026-02-11 11:22:31,158 | INFO | Buscando preço de ZROUSDT
2026-02-11 11:22:31,424 | INFO | Variação: -0.392% | 2.553 → 2.543
2026-02-11 11:22:36,426 | INFO | Buscando preço de ZROUSDT
2026-02-11 11:22:36,696 | INFO | Variação: -0.433% | 2.543 → 2.532
2026-02-11 11:22:41,697 | INFO | Buscando preço de ZROUSDT
2026-02-11 11:22:41,965 | INFO | Variação: -0.039% | 2.532 → 2.531
2026-02-11 11:22:46,966 | INFO | Buscando preço de ZROUSDT
2026-02-11 11:22:47,236 | INFO | Variação: -0.158% | 2.531 → 2.527
2026-02-11 11:22:52,237 | INFO | Buscando preço de ZROUSDT
2026-02-11 11:22:52,505 | INFO | Variação: -0.198% | 2.527 → 2.522
2026-02-11 11:22:57,506 | INFO | Buscando preço de ZROUSDT
2026-02-11 11:22:57,772 | INFO | Variação: 0.119% | 2.522 → 2.525
2026-02-11 11:22:57,772 | WARNING | 🟢 COMPRA SIMULADA | ZROUSDT a 2.525 | Qtd: 79.506103 | Capital: R$ 1003.76
2026-02-11 11:23:02,773 | INFO | Buscando preço de ZROUSDT
2026-02-11 11:23:03,043 | INFO | Variação: 0.000% | 2.525 → 2.525
2026-02-11 11:23:03,044 | INFO | Resultado da posição: 0.00% | R$ 0.00
2026-02-11 11:23:08,046 | INFO | Buscando preço de ZROUSDT
2026-02-11 11:23:08,317 | INFO | Variação: -0.040% | 2.525 → 2.524
2026-02-11 11:23:08,318 | INFO | Resultado da posição: -0.04% | R$ -0.08
2026-02-11 11:23:13,319 | INFO | Buscando preço de ZROUSDT
2026-02-11 11:23:13,588 | INFO | Variação: -0.277% | 2.524 → 2.517
2026-02-11 11:23:13,588 | INFO | Resultado da posição: -0.32% | R$ -0.64
2026-02-11 11:23:13,588 | WARNING | 🔴 STOP LOSS | ZROUSDT | Prejuízo: R$ -0.64 | Capital: R$ 1003.13
2026-02-11 11:23:18,589 | INFO | Buscando preço de ZROUSDT
2026-02-11 11:23:18,855 | INFO | Variação: 0.079% | 2.517 → 2.519
2026-02-11 11:23:18,855 | WARNING | 🟢 COMPRA SIMULADA | ZROUSDT a 2.519 | Qtd: 79.644978 | Capital: R$ 1003.13
2026-02-11 11:23:23,856 | INFO | Buscando preço de ZROUSDT
2026-02-11 11:23:24,639 | INFO | Variação: 0.119% | 2.519 → 2.522
2026-02-11 11:23:24,640 | INFO | Resultado da posição: 0.12% | R$ 0.24
2026-02-11 11:23:24,640 | WARNING | 🟢 TAKE PROFIT | ZROUSDT | Lucro: R$ 0.24 | Capital: R$ 1003.37
2026-02-11 11:23:24,640 | WARNING | 🟢 COMPRA SIMULADA | ZROUSDT a 2.522 | Qtd: 79.569186 | Capital: R$ 1003.37
2026-02-11 11:23:29,641 | INFO | Buscando preço de ZROUSDT
2026-02-11 11:23:29,909 | INFO | Variação: -0.040% | 2.522 → 2.521
2026-02-11 11:23:29,910 | INFO | Resultado da posição: -0.04% | R$ -0.08
2026-02-11 11:23:34,911 | INFO | Buscando preço de ZROUSDT
2026-02-11 11:23:35,175 | INFO | Variação: -0.119% | 2.521 → 2.518
2026-02-11 11:23:35,175 | INFO | Resultado da posição: -0.16% | R$ -0.32
2026-02-11 11:23:40,175 | INFO | Buscando preço de ZROUSDT
2026-02-11 11:23:40,445 | INFO | Variação: 0.397% | 2.518 → 2.528
2026-02-11 11:23:40,445 | INFO | Resultado da posição: 0.24% | R$ 0.48
2026-02-11 11:23:40,445 | WARNING | 🟢 TAKE PROFIT | ZROUSDT | Lucro: R$ 0.48 | Capital: R$ 1003.84
2026-02-11 11:23:40,446 | WARNING | 🟢 COMPRA SIMULADA | ZROUSDT a 2.528 | Qtd: 79.418105 | Capital: R$ 1003.84
2026-02-11 11:23:45,447 | INFO | Buscando preço de ZROUSDT
2026-02-11 11:23:45,711 | INFO | Variação: -0.158% | 2.528 → 2.524
2026-02-11 11:23:45,712 | INFO | Resultado da posição: -0.16% | R$ -0.32
2026-02-11 11:23:50,713 | INFO | Buscando preço de ZROUSDT
2026-02-11 11:23:50,977 | INFO | Variação: 0.000% | 2.524 → 2.524
2026-02-11 11:23:50,978 | INFO | Resultado da posição: -0.16% | R$ -0.32
2026-02-11 11:23:55,979 | INFO | Buscando preço de ZROUSDT
2026-02-11 11:23:56,244 | INFO | Variação: -0.040% | 2.524 → 2.523
2026-02-11 11:23:56,244 | INFO | Resultado da posição: -0.20% | R$ -0.40
2026-02-11 11:24:01,245 | INFO | Buscando preço de ZROUSDT
2026-02-11 11:24:01,512 | INFO | Variação: -0.079% | 2.523 → 2.521
2026-02-11 11:24:01,513 | INFO | Resultado da posição: -0.28% | R$ -0.56
2026-02-11 11:24:06,514 | INFO | Buscando preço de ZROUSDT
2026-02-11 11:24:06,781 | INFO | Variação: 0.159% | 2.521 → 2.525
2026-02-11 11:24:06,782 | INFO | Resultado da posição: -0.12% | R$ -0.24
2026-02-11 11:24:11,783 | INFO | Buscando preço de ZROUSDT
2026-02-11 11:24:12,046 | INFO | Variação: -0.119% | 2.525 → 2.522
2026-02-11 11:24:12,046 | INFO | Resultado da posição: -0.24% | R$ -0.48
2026-02-11 11:24:17,047 | INFO | Buscando preço de ZROUSDT
2026-02-11 11:24:17,317 | INFO | Variação: -0.040% | 2.522 → 2.521
2026-02-11 11:24:17,317 | INFO | Resultado da posição: -0.28% | R$ -0.56
2026-02-11 11:24:22,319 | INFO | Buscando preço de ZROUSDT
2026-02-11 11:24:22,585 | INFO | Variação: 0.040% | 2.521 → 2.522
2026-02-11 11:24:22,585 | INFO | Resultado da posição: -0.24% | R$ -0.48
2026-02-11 11:24:27,587 | INFO | Buscando preço de ZROUSDT
2026-02-11 11:24:27,854 | INFO | Variação: 0.000% | 2.522 → 2.522
2026-02-11 11:24:27,854 | INFO | Resultado da posição: -0.24% | R$ -0.48
2026-02-11 11:24:32,855 | INFO | Buscando preço de ZROUSDT
2026-02-11 11:24:33,124 | INFO | Variação: -0.079% | 2.522 → 2.52
2026-02-11 11:24:33,124 | INFO | Resultado da posição: -0.32% | R$ -0.64
2026-02-11 11:24:33,124 | WARNING | 🔴 STOP LOSS | ZROUSDT | Prejuízo: R$ -0.64 | Capital: R$ 1003.21
2026-02-11 11:24:38,125 | INFO | Buscando preço de ZROUSDT
2026-02-11 11:24:38,392 | INFO | Variação: 0.040% | 2.52 → 2.521
2026-02-11 11:24:38,392 | WARNING | 🟢 COMPRA SIMULADA | ZROUSDT a 2.521 | Qtd: 79.588219 | Capital: R$ 1003.21
2026-02-11 11:24:43,394 | INFO | Buscando preço de ZROUSDT
2026-02-11 11:24:43,662 | INFO | Variação: 0.040% | 2.521 → 2.522
2026-02-11 11:24:43,662 | INFO | Resultado da posição: 0.04% | R$ 0.08
2026-02-11 11:24:48,662 | INFO | Buscando preço de ZROUSDT
2026-02-11 11:24:48,954 | INFO | Variação: 0.317% | 2.522 → 2.53
2026-02-11 11:24:48,954 | INFO | Resultado da posição: 0.36% | R$ 0.72
2026-02-11 11:24:48,954 | WARNING | 🟢 TAKE PROFIT | ZROUSDT | Lucro: R$ 0.72 | Capital: R$ 1003.93
2026-02-11 11:24:48,955 | WARNING | 🟢 COMPRA SIMULADA | ZROUSDT a 2.53 | Qtd: 79.361723 | Capital: R$ 1003.93
2026-02-11 11:24:53,956 | INFO | Buscando preço de ZROUSDT
2026-02-11 11:24:54,223 | INFO | Variação: -0.040% | 2.53 → 2.529
2026-02-11 11:24:54,224 | INFO | Resultado da posição: -0.04% | R$ -0.08
2026-02-11 11:24:59,225 | INFO | Buscando preço de ZROUSDT
2026-02-11 11:24:59,489 | INFO | Variação: 0.119% | 2.529 → 2.532
2026-02-11 11:24:59,489 | INFO | Resultado da posição: 0.08% | R$ 0.16
2026-02-11 11:24:59,489 | WARNING | 🟢 TAKE PROFIT | ZROUSDT | Lucro: R$ 0.16 | Capital: R$ 1004.08
2026-02-11 11:24:59,489 | WARNING | 🟢 COMPRA SIMULADA | ZROUSDT a 2.532 | Qtd: 79.311573 | Capital: R$ 1004.08
2026-02-11 11:25:04,491 | INFO | Buscando preço de ZROUSDT
2026-02-11 11:25:04,764 | INFO | Variação: -0.197% | 2.532 → 2.527
2026-02-11 11:25:04,765 | INFO | Resultado da posição: -0.20% | R$ -0.40
2026-02-11 11:25:09,766 | INFO | Buscando preço de ZROUSDT
2026-02-11 11:25:10,031 | INFO | Variação: 0.040% | 2.527 → 2.528
2026-02-11 11:25:10,032 | INFO | Resultado da posição: -0.16% | R$ -0.32
2026-02-11 11:25:15,033 | INFO | Buscando preço de ZROUSDT
2026-02-11 11:25:15,304 | INFO | Variação: 0.119% | 2.528 → 2.531
2026-02-11 11:25:15,305 | INFO | Resultado da posição: -0.04% | R$ -0.08
2026-02-11 11:25:20,306 | INFO | Buscando preço de ZROUSDT
2026-02-11 11:25:20,577 | INFO | Variação: -0.040% | 2.531 → 2.53
2026-02-11 11:25:20,578 | INFO | Resultado da posição: -0.08% | R$ -0.16
2026-02-11 11:25:25,578 | INFO | Buscando preço de ZROUSDT
2026-02-11 11:25:25,853 | INFO | Variação: 0.316% | 2.53 → 2.538
2026-02-11 11:25:25,853 | INFO | Resultado da posição: 0.24% | R$ 0.48
2026-02-11 11:25:25,853 | WARNING | 🟢 TAKE PROFIT | ZROUSDT | Lucro: R$ 0.48 | Capital: R$ 1004.56
2026-02-11 11:25:25,853 | WARNING | 🟢 COMPRA SIMULADA | ZROUSDT a 2.538 | Qtd: 79.161575 | Capital: R$ 1004.56
2026-02-11 11:25:30,856 | INFO | Buscando preço de ZROUSDT
2026-02-11 11:25:31,119 | INFO | Variação: -0.118% | 2.538 → 2.535
2026-02-11 11:25:31,119 | INFO | Resultado da posição: -0.12% | R$ -0.24
2026-02-11 11:25:36,125 | INFO | Buscando preço de ZROUSDT
2026-02-11 11:25:36,385 | INFO | Variação: 0.000% | 2.535 → 2.535
2026-02-11 11:25:36,385 | INFO | Resultado da posição: -0.12% | R$ -0.24
2026-02-11 11:25:41,395 | INFO | Buscando preço de ZROUSDT
2026-02-11 11:25:41,662 | INFO | Variação: -0.039% | 2.535 → 2.534
2026-02-11 11:25:41,663 | INFO | Resultado da posição: -0.16% | R$ -0.32
2026-02-11 11:25:46,664 | INFO | Buscando preço de ZROUSDT
2026-02-11 11:25:46,934 | INFO | Variação: -0.079% | 2.534 → 2.532
2026-02-11 11:25:46,934 | INFO | Resultado da posição: -0.24% | R$ -0.47
2026-02-11 11:25:51,938 | INFO | Buscando preço de ZROUSDT
2026-02-11 11:25:52,200 | INFO | Variação: 0.079% | 2.532 → 2.534
2026-02-11 11:25:52,200 | INFO | Resultado da posição: -0.16% | R$ -0.32
2026-02-11 11:25:57,208 | INFO | Buscando preço de ZROUSDT
2026-02-11 11:25:57,477 | INFO | Variação: 0.158% | 2.534 → 2.538
2026-02-11 11:25:57,477 | INFO | Resultado da posição: 0.00% | R$ 0.00
2026-02-11 11:26:02,478 | INFO | Buscando preço de ZROUSDT
2026-02-11 11:26:02,732 | INFO | Variação: 0.000% | 2.538 → 2.538
2026-02-11 11:26:02,732 | INFO | Resultado da posição: 0.00% | R$ 0.00
2026-02-11 11:26:07,747 | INFO | Buscando preço de ZROUSDT
2026-02-11 11:26:08,014 | INFO | Variação: 0.000% | 2.538 → 2.538
2026-02-11 11:26:08,014 | INFO | Resultado da posição: 0.00% | R$ 0.00
2026-02-11 11:26:13,015 | INFO | Buscando preço de ZROUSDT
2026-02-11 11:26:13,284 | INFO | Variação: 0.000% | 2.538 → 2.538
2026-02-11 11:26:13,285 | INFO | Resultado da posição: 0.00% | R$ 0.00
2026-02-11 11:26:18,286 | INFO | Buscando preço de ZROUSDT
2026-02-11 11:26:18,547 | INFO | Variação: 0.039% | 2.538 → 2.539
2026-02-11 11:26:18,547 | INFO | Resultado da posição: 0.04% | R$ 0.08
2026-02-11 11:26:23,555 | INFO | Buscando preço de ZROUSDT
2026-02-11 11:26:23,814 | INFO | Variação: 0.000% | 2.539 → 2.539
2026-02-11 11:26:23,814 | INFO | Resultado da posição: 0.04% | R$ 0.08
2026-02-11 11:26:28,821 | INFO | Buscando preço de ZROUSDT
2026-02-11 11:26:29,081 | INFO | Variação: -0.039% | 2.539 → 2.538
2026-02-11 11:26:29,081 | INFO | Resultado da posição: 0.00% | R$ 0.00
2026-02-11 11:26:34,087 | INFO | Buscando preço de ZROUSDT
2026-02-11 11:26:34,346 | INFO | Variação: 0.039% | 2.538 → 2.539
2026-02-11 11:26:34,346 | INFO | Resultado da posição: 0.04% | R$ 0.08
2026-02-11 11:26:39,355 | INFO | Buscando preço de ZROUSDT
2026-02-11 11:26:39,612 | INFO | Variação: -0.118% | 2.539 → 2.536
2026-02-11 11:26:39,612 | INFO | Resultado da posição: -0.08% | R$ -0.16
2026-02-11 11:26:44,626 | INFO | Buscando preço de ZROUSDT
2026-02-11 11:26:44,878 | INFO | Variação: -0.039% | 2.536 → 2.535
2026-02-11 11:26:44,878 | INFO | Resultado da posição: -0.12% | R$ -0.24
2026-02-11 11:26:49,891 | INFO | Buscando preço de ZROUSDT
2026-02-11 11:26:50,161 | INFO | Variação: 0.000% | 2.535 → 2.535
2026-02-11 11:26:50,162 | INFO | Resultado da posição: -0.12% | R$ -0.24
2026-02-11 11:26:55,163 | INFO | Buscando preço de ZROUSDT
2026-02-11 11:26:55,427 | INFO | Variação: 0.039% | 2.535 → 2.536
2026-02-11 11:26:55,427 | INFO | Resultado da posição: -0.08% | R$ -0.16
2026-02-11 11:27:00,429 | INFO | Buscando preço de ZROUSDT
2026-02-11 11:27:00,701 | INFO | Variação: 0.000% | 2.536 → 2.536
2026-02-11 11:27:00,702 | INFO | Resultado da posição: -0.08% | R$ -0.16
2026-02-11 11:27:05,703 | INFO | Buscando preço de ZROUSDT
2026-02-11 11:27:05,966 | INFO | Variação: 0.197% | 2.536 → 2.541
2026-02-11 11:27:05,967 | INFO | Resultado da posição: 0.12% | R$ 0.24
2026-02-11 11:27:05,967 | WARNING | 🟢 TAKE PROFIT | ZROUSDT | Lucro: R$ 0.24 | Capital: R$ 1004.80
2026-02-11 11:27:05,967 | WARNING | 🟢 COMPRA SIMULADA | ZROUSDT a 2.541 | Qtd: 79.086806 | Capital: R$ 1004.80
2026-02-11 11:27:08,843 | INFO | Bot encerrado manualmente (Ctrl + C)
2026-02-11 11:27:08,843 | INFO | ========== RELATÓRIO FINAL ==========
2026-02-11 11:27:08,843 | INFO | Capital inicial: R$ 1000.00
2026-02-11 11:27:08,843 | INFO | Capital final: R$ 1004.80
2026-02-11 11:27:08,843 | INFO | Total de trades: 73
2026-02-11 11:27:08,843 | INFO | Vitórias: 48
2026-02-11 11:27:08,843 | INFO | Derrotas: 25
2026-02-11 11:27:08,858 | INFO | Win Rate: 65.75%
2026-02-11 11:27:08,859 | INFO | Lucro total: R$ 4.80
2026-02-11 11:30:58,154 | INFO | Bot iniciado (SIMULAÇÃO COMPLETA COM COOLDOWN)
2026-02-11 11:30:58,154 | INFO | Criando cliente da Binance
2026-02-11 11:30:59,454 | INFO | Buscando preço de ZROUSDT
2026-02-11 11:30:59,725 | INFO | Preço inicial ZROUSDT: 2.515
2026-02-11 11:31:04,725 | INFO | Buscando preço de ZROUSDT
2026-02-11 11:31:04,986 | INFO | Variação: -0.080% | 2.515 → 2.513
2026-02-11 11:31:09,995 | INFO | Buscando preço de ZROUSDT
2026-02-11 11:31:10,253 | INFO | Variação: 0.119% | 2.513 → 2.516
2026-02-11 11:31:10,253 | WARNING | 🟢 COMPRA SIMULADA | ZROUSDT a 2.516 | Qtd: 79.491256 | Capital: R$ 1000.00
2026-02-11 11:31:15,257 | INFO | Buscando preço de ZROUSDT
2026-02-11 11:31:15,520 | INFO | Variação: 0.119% | 2.516 → 2.519
2026-02-11 11:31:15,521 | INFO | Resultado da posição: 0.12% | R$ 0.24
2026-02-11 11:31:15,521 | WARNING | 🟢 TAKE PROFIT | Lucro: R$ 0.24 | Capital: R$ 1000.24
2026-02-11 11:31:20,522 | INFO | Cooldown ativo: 2 ciclos restantes
2026-02-11 11:31:20,522 | INFO | Buscando preço de ZROUSDT
2026-02-11 11:31:20,788 | INFO | Variação: 0.040% | 2.519 → 2.52
2026-02-11 11:31:25,789 | INFO | Cooldown ativo: 1 ciclos restantes
2026-02-11 11:31:25,789 | INFO | Buscando preço de ZROUSDT
2026-02-11 11:31:26,051 | INFO | Variação: -0.119% | 2.52 → 2.517
2026-02-11 11:31:31,052 | INFO | Cooldown ativo: 0 ciclos restantes
2026-02-11 11:31:31,052 | INFO | Buscando preço de ZROUSDT
2026-02-11 11:31:31,318 | INFO | Variação: -0.278% | 2.517 → 2.51
2026-02-11 11:31:36,319 | INFO | Buscando preço de ZROUSDT
2026-02-11 11:31:36,584 | INFO | Variação: 0.040% | 2.51 → 2.511
2026-02-11 11:31:36,584 | WARNING | 🟢 COMPRA SIMULADA | ZROUSDT a 2.511 | Qtd: 79.668536 | Capital: R$ 1000.24
2026-02-11 11:31:41,589 | INFO | Buscando preço de ZROUSDT
2026-02-11 11:31:41,850 | INFO | Variação: -0.159% | 2.511 → 2.507
2026-02-11 11:31:41,850 | INFO | Resultado da posição: -0.16% | R$ -0.32
2026-02-11 11:31:46,853 | INFO | Buscando preço de ZROUSDT
2026-02-11 11:31:47,119 | INFO | Variação: -0.120% | 2.507 → 2.504
2026-02-11 11:31:47,120 | INFO | Resultado da posição: -0.28% | R$ -0.56
2026-02-11 11:31:52,121 | INFO | Buscando preço de ZROUSDT
2026-02-11 11:31:52,386 | INFO | Variação: 0.240% | 2.504 → 2.51
2026-02-11 11:31:52,387 | INFO | Resultado da posição: -0.04% | R$ -0.08
2026-02-11 11:31:57,388 | INFO | Buscando preço de ZROUSDT
2026-02-11 11:31:57,648 | INFO | Variação: 0.239% | 2.51 → 2.516
2026-02-11 11:31:57,648 | INFO | Resultado da posição: 0.20% | R$ 0.40
2026-02-11 11:31:57,648 | WARNING | 🟢 TAKE PROFIT | Lucro: R$ 0.40 | Capital: R$ 1000.64
2026-02-11 11:32:02,656 | INFO | Cooldown ativo: 2 ciclos restantes
2026-02-11 11:32:02,656 | INFO | Buscando preço de ZROUSDT
2026-02-11 11:32:02,922 | INFO | Variação: -0.079% | 2.516 → 2.514
2026-02-11 11:32:07,922 | INFO | Cooldown ativo: 1 ciclos restantes
2026-02-11 11:32:07,922 | INFO | Buscando preço de ZROUSDT
2026-02-11 11:32:08,188 | INFO | Variação: 0.040% | 2.514 → 2.515
2026-02-11 11:32:13,189 | INFO | Cooldown ativo: 0 ciclos restantes
2026-02-11 11:32:13,189 | INFO | Buscando preço de ZROUSDT
2026-02-11 11:32:13,454 | INFO | Variação: 0.159% | 2.515 → 2.519
2026-02-11 11:32:13,455 | WARNING | 🟢 COMPRA SIMULADA | ZROUSDT a 2.519 | Qtd: 79.447147 | Capital: R$ 1000.64
2026-02-11 11:32:18,456 | INFO | Buscando preço de ZROUSDT
2026-02-11 11:32:18,722 | INFO | Variação: -0.040% | 2.519 → 2.518
2026-02-11 11:32:18,723 | INFO | Resultado da posição: -0.04% | R$ -0.08
2026-02-11 11:32:23,724 | INFO | Buscando preço de ZROUSDT
2026-02-11 11:32:23,987 | INFO | Variação: 0.079% | 2.518 → 2.52
2026-02-11 11:32:23,988 | INFO | Resultado da posição: 0.04% | R$ 0.08
2026-02-11 11:32:28,988 | INFO | Buscando preço de ZROUSDT
2026-02-11 11:32:29,255 | INFO | Variação: -0.040% | 2.52 → 2.519
2026-02-11 11:32:29,255 | INFO | Resultado da posição: 0.00% | R$ 0.00
2026-02-11 11:32:34,256 | INFO | Buscando preço de ZROUSDT
2026-02-11 11:32:34,524 | INFO | Variação: 0.000% | 2.519 → 2.519
2026-02-11 11:32:34,524 | INFO | Resultado da posição: 0.00% | R$ 0.00
2026-02-11 11:32:39,525 | INFO | Buscando preço de ZROUSDT
2026-02-11 11:32:39,792 | INFO | Variação: 0.119% | 2.519 → 2.522
2026-02-11 11:32:39,792 | INFO | Resultado da posição: 0.12% | R$ 0.24
2026-02-11 11:32:39,793 | WARNING | 🟢 TAKE PROFIT | Lucro: R$ 0.24 | Capital: R$ 1000.88
2026-02-11 11:32:44,794 | INFO | Cooldown ativo: 2 ciclos restantes
2026-02-11 11:32:44,794 | INFO | Buscando preço de ZROUSDT
2026-02-11 11:32:45,060 | INFO | Variação: -0.040% | 2.522 → 2.521
2026-02-11 11:32:50,061 | INFO | Cooldown ativo: 1 ciclos restantes
2026-02-11 11:32:50,061 | INFO | Buscando preço de ZROUSDT
2026-02-11 11:32:50,327 | INFO | Variação: 0.119% | 2.521 → 2.524
2026-02-11 11:32:55,328 | INFO | Cooldown ativo: 0 ciclos restantes
2026-02-11 11:32:55,328 | INFO | Buscando preço de ZROUSDT
2026-02-11 11:32:55,576 | INFO | Variação: -0.119% | 2.524 → 2.521
2026-02-11 11:33:00,592 | INFO | Buscando preço de ZROUSDT
2026-02-11 11:33:00,842 | INFO | Variação: 0.000% | 2.521 → 2.521
2026-02-11 11:33:05,858 | INFO | Buscando preço de ZROUSDT
2026-02-11 11:33:06,125 | INFO | Variação: -0.040% | 2.521 → 2.52
2026-02-11 11:33:11,127 | INFO | Buscando preço de ZROUSDT
2026-02-11 11:33:11,395 | INFO | Variação: -0.079% | 2.52 → 2.518
2026-02-11 11:33:16,397 | INFO | Buscando preço de ZROUSDT
2026-02-11 11:33:16,664 | INFO | Variação: 0.159% | 2.518 → 2.522
2026-02-11 11:33:16,664 | WARNING | 🟢 COMPRA SIMULADA | ZROUSDT a 2.522 | Qtd: 79.371543 | Capital: R$ 1000.88
2026-02-11 11:33:21,665 | INFO | Buscando preço de ZROUSDT
2026-02-11 11:33:21,924 | INFO | Variação: -0.119% | 2.522 → 2.519
2026-02-11 11:33:21,924 | INFO | Resultado da posição: -0.12% | R$ -0.24
2026-02-11 11:33:26,931 | INFO | Buscando preço de ZROUSDT
2026-02-11 11:33:27,197 | INFO | Variação: 0.119% | 2.519 → 2.522
2026-02-11 11:33:27,198 | INFO | Resultado da posição: 0.00% | R$ 0.00
2026-02-11 11:33:32,198 | INFO | Buscando preço de ZROUSDT
2026-02-11 11:33:32,456 | INFO | Variação: 0.000% | 2.522 → 2.522
2026-02-11 11:33:32,456 | INFO | Resultado da posição: 0.00% | R$ 0.00
2026-02-11 11:33:37,461 | INFO | Buscando preço de ZROUSDT
2026-02-11 11:33:37,732 | INFO | Variação: 0.119% | 2.522 → 2.525
2026-02-11 11:33:37,732 | INFO | Resultado da posição: 0.12% | R$ 0.24
2026-02-11 11:33:37,732 | WARNING | 🟢 TAKE PROFIT | Lucro: R$ 0.24 | Capital: R$ 1001.11
2026-02-11 11:33:42,733 | INFO | Cooldown ativo: 2 ciclos restantes
2026-02-11 11:33:42,733 | INFO | Buscando preço de ZROUSDT
2026-02-11 11:33:42,989 | INFO | Variação: -0.317% | 2.525 → 2.517
2026-02-11 11:33:48,001 | INFO | Cooldown ativo: 1 ciclos restantes
2026-02-11 11:33:48,001 | INFO | Buscando preço de ZROUSDT
2026-02-11 11:33:48,269 | INFO | Variação: -0.040% | 2.517 → 2.516
2026-02-11 11:33:53,270 | INFO | Cooldown ativo: 0 ciclos restantes
2026-02-11 11:33:53,270 | INFO | Buscando preço de ZROUSDT
2026-02-11 11:33:53,535 | INFO | Variação: -0.040% | 2.516 → 2.515
2026-02-11 11:33:58,536 | INFO | Buscando preço de ZROUSDT
2026-02-11 11:33:58,798 | INFO | Variação: 0.040% | 2.515 → 2.516
2026-02-11 11:33:58,799 | WARNING | 🟢 COMPRA SIMULADA | ZROUSDT a 2.516 | Qtd: 79.579751 | Capital: R$ 1001.11
2026-02-11 11:34:03,800 | INFO | Buscando preço de ZROUSDT
2026-02-11 11:34:04,061 | INFO | Variação: -0.079% | 2.516 → 2.514
2026-02-11 11:34:04,062 | INFO | Resultado da posição: -0.08% | R$ -0.16
2026-02-11 11:34:09,063 | INFO | Buscando preço de ZROUSDT
2026-02-11 11:34:09,326 | INFO | Variação: -0.318% | 2.514 → 2.506
2026-02-11 11:34:09,326 | INFO | Resultado da posição: -0.40% | R$ -0.80
2026-02-11 11:34:09,326 | WARNING | 🔴 STOP LOSS | Prejuízo: R$ -0.80 | Capital: R$ 1000.32
2026-02-11 11:34:14,335 | INFO | Cooldown ativo: 2 ciclos restantes
2026-02-11 11:34:14,335 | INFO | Buscando preço de ZROUSDT
2026-02-11 11:34:14,602 | INFO | Variação: 0.160% | 2.506 → 2.51
2026-02-11 11:34:19,603 | INFO | Cooldown ativo: 1 ciclos restantes
2026-02-11 11:34:19,603 | INFO | Buscando preço de ZROUSDT
2026-02-11 11:34:19,865 | INFO | Variação: 0.000% | 2.51 → 2.51
2026-02-11 11:34:24,866 | INFO | Cooldown ativo: 0 ciclos restantes
2026-02-11 11:34:24,866 | INFO | Buscando preço de ZROUSDT
2026-02-11 11:34:25,118 | INFO | Variação: -0.040% | 2.51 → 2.509
2026-02-11 11:34:30,130 | INFO | Buscando preço de ZROUSDT
2026-02-11 11:34:30,384 | INFO | Variação: -0.040% | 2.509 → 2.508
2026-02-11 11:34:35,397 | INFO | Buscando preço de ZROUSDT
2026-02-11 11:34:35,664 | INFO | Variação: -0.120% | 2.508 → 2.505
2026-02-11 11:34:40,665 | INFO | Buscando preço de ZROUSDT
2026-02-11 11:34:40,932 | INFO | Variação: -0.160% | 2.505 → 2.501
2026-02-11 11:34:45,934 | INFO | Buscando preço de ZROUSDT
2026-02-11 11:34:46,199 | INFO | Variação: 0.040% | 2.501 → 2.502
2026-02-11 11:34:46,199 | WARNING | 🟢 COMPRA SIMULADA | ZROUSDT a 2.502 | Qtd: 79.961429 | Capital: R$ 1000.32
2026-02-11 11:34:51,201 | INFO | Buscando preço de ZROUSDT
2026-02-11 11:34:51,465 | INFO | Variação: 0.080% | 2.502 → 2.504
2026-02-11 11:34:51,465 | INFO | Resultado da posição: 0.08% | R$ 0.16
2026-02-11 11:34:51,465 | WARNING | 🟢 TAKE PROFIT | Lucro: R$ 0.16 | Capital: R$ 1000.48
2026-02-11 11:34:56,469 | INFO | Cooldown ativo: 2 ciclos restantes
2026-02-11 11:34:56,469 | INFO | Buscando preço de ZROUSDT
2026-02-11 11:34:56,739 | INFO | Variação: 0.080% | 2.504 → 2.506
2026-02-11 11:35:01,740 | INFO | Cooldown ativo: 1 ciclos restantes
2026-02-11 11:35:01,740 | INFO | Buscando preço de ZROUSDT
2026-02-11 11:35:01,998 | INFO | Variação: 0.080% | 2.506 → 2.508
2026-02-11 11:35:07,010 | INFO | Cooldown ativo: 0 ciclos restantes
2026-02-11 11:35:07,010 | INFO | Buscando preço de ZROUSDT
2026-02-11 11:35:07,272 | INFO | Variação: 0.399% | 2.508 → 2.518
2026-02-11 11:35:07,272 | WARNING | 🟢 COMPRA SIMULADA | ZROUSDT a 2.518 | Qtd: 79.466036 | Capital: R$ 1000.48
2026-02-11 11:35:12,274 | INFO | Buscando preço de ZROUSDT
2026-02-11 11:35:12,539 | INFO | Variação: 0.079% | 2.518 → 2.52
2026-02-11 11:35:12,540 | INFO | Resultado da posição: 0.08% | R$ 0.16
2026-02-11 11:35:12,540 | WARNING | 🟢 TAKE PROFIT | Lucro: R$ 0.16 | Capital: R$ 1000.64
2026-02-11 11:35:17,541 | INFO | Cooldown ativo: 2 ciclos restantes
2026-02-11 11:35:17,541 | INFO | Buscando preço de ZROUSDT
2026-02-11 11:35:17,809 | INFO | Variação: -0.040% | 2.52 → 2.519
2026-02-11 11:35:22,810 | INFO | Cooldown ativo: 1 ciclos restantes
2026-02-11 11:35:22,810 | INFO | Buscando preço de ZROUSDT
2026-02-11 11:35:23,079 | INFO | Variação: -0.079% | 2.519 → 2.517
2026-02-11 11:35:28,080 | INFO | Cooldown ativo: 0 ciclos restantes
2026-02-11 11:35:28,080 | INFO | Buscando preço de ZROUSDT
2026-02-11 11:35:28,348 | INFO | Variação: 0.000% | 2.517 → 2.517
2026-02-11 11:35:33,349 | INFO | Buscando preço de ZROUSDT
2026-02-11 11:35:33,615 | INFO | Variação: -0.079% | 2.517 → 2.515
2026-02-11 11:35:38,617 | INFO | Buscando preço de ZROUSDT
2026-02-11 11:35:38,882 | INFO | Variação: 0.119% | 2.515 → 2.518
2026-02-11 11:35:38,882 | WARNING | 🟢 COMPRA SIMULADA | ZROUSDT a 2.518 | Qtd: 79.478660 | Capital: R$ 1000.64
2026-02-11 11:35:43,884 | INFO | Buscando preço de ZROUSDT
2026-02-11 11:35:44,150 | INFO | Variação: -0.119% | 2.518 → 2.515
2026-02-11 11:35:44,150 | INFO | Resultado da posição: -0.12% | R$ -0.24
2026-02-11 11:35:49,152 | INFO | Buscando preço de ZROUSDT
2026-02-11 11:35:49,422 | INFO | Variação: 0.199% | 2.515 → 2.52
2026-02-11 11:35:49,423 | INFO | Resultado da posição: 0.08% | R$ 0.16
2026-02-11 11:35:49,423 | WARNING | 🟢 TAKE PROFIT | Lucro: R$ 0.16 | Capital: R$ 1000.80
2026-02-11 11:35:54,423 | INFO | Cooldown ativo: 2 ciclos restantes
2026-02-11 11:35:54,423 | INFO | Buscando preço de ZROUSDT
2026-02-11 11:35:54,676 | INFO | Variação: -0.079% | 2.52 → 2.518
2026-02-11 11:35:59,690 | INFO | Cooldown ativo: 1 ciclos restantes
2026-02-11 11:35:59,690 | INFO | Buscando preço de ZROUSDT
2026-02-11 11:35:59,957 | INFO | Variação: 0.079% | 2.518 → 2.52
2026-02-11 11:36:04,958 | INFO | Cooldown ativo: 0 ciclos restantes
2026-02-11 11:36:04,958 | INFO | Buscando preço de ZROUSDT
2026-02-11 11:36:05,228 | INFO | Variação: -0.040% | 2.52 → 2.519
2026-02-11 11:36:10,229 | INFO | Buscando preço de ZROUSDT
2026-02-11 11:36:10,491 | INFO | Variação: 0.278% | 2.519 → 2.526
2026-02-11 11:36:10,491 | WARNING | 🟢 COMPRA SIMULADA | ZROUSDT a 2.526 | Qtd: 79.239532 | Capital: R$ 1000.80
2026-02-11 11:36:15,500 | INFO | Buscando preço de ZROUSDT
2026-02-11 11:36:15,767 | INFO | Variação: -0.317% | 2.526 → 2.518
2026-02-11 11:36:15,768 | INFO | Resultado da posição: -0.32% | R$ -0.63
2026-02-11 11:36:15,768 | WARNING | 🔴 STOP LOSS | Prejuízo: R$ -0.63 | Capital: R$ 1000.16
2026-02-11 11:36:20,769 | INFO | Cooldown ativo: 2 ciclos restantes
2026-02-11 11:36:20,769 | INFO | Buscando preço de ZROUSDT
2026-02-11 11:36:21,036 | INFO | Variação: 0.159% | 2.518 → 2.522
2026-02-11 11:36:26,037 | INFO | Cooldown ativo: 1 ciclos restantes
2026-02-11 11:36:26,037 | INFO | Buscando preço de ZROUSDT
2026-02-11 11:36:26,300 | INFO | Variação: -0.159% | 2.522 → 2.518
2026-02-11 11:36:31,302 | INFO | Cooldown ativo: 0 ciclos restantes
2026-02-11 11:36:31,302 | INFO | Buscando preço de ZROUSDT
2026-02-11 11:36:31,556 | INFO | Variação: -0.040% | 2.518 → 2.517
2026-02-11 11:36:36,565 | INFO | Buscando preço de ZROUSDT
2026-02-11 11:36:36,822 | INFO | Variação: 0.318% | 2.517 → 2.525
2026-02-11 11:36:36,822 | WARNING | 🟢 COMPRA SIMULADA | ZROUSDT a 2.525 | Qtd: 79.220703 | Capital: R$ 1000.16
2026-02-11 11:36:41,834 | INFO | Buscando preço de ZROUSDT
2026-02-11 11:36:42,097 | INFO | Variação: 0.119% | 2.525 → 2.528
2026-02-11 11:36:42,098 | INFO | Resultado da posição: 0.12% | R$ 0.24
2026-02-11 11:36:42,098 | WARNING | 🟢 TAKE PROFIT | Lucro: R$ 0.24 | Capital: R$ 1000.40
2026-02-11 11:36:47,099 | INFO | Cooldown ativo: 2 ciclos restantes
2026-02-11 11:36:47,099 | INFO | Buscando preço de ZROUSDT
2026-02-11 11:36:47,365 | INFO | Variação: 0.000% | 2.528 → 2.528
2026-02-11 11:36:52,367 | INFO | Cooldown ativo: 1 ciclos restantes
2026-02-11 11:36:52,367 | INFO | Buscando preço de ZROUSDT
2026-02-11 11:36:52,621 | INFO | Variação: -0.237% | 2.528 → 2.522
2026-02-11 11:36:57,635 | INFO | Cooldown ativo: 0 ciclos restantes
2026-02-11 11:36:57,635 | INFO | Buscando preço de ZROUSDT
2026-02-11 11:36:57,891 | INFO | Variação: -0.317% | 2.522 → 2.514
2026-02-11 11:36:59,270 | INFO | ========== RELATÓRIO FINAL ==========
2026-02-11 11:36:59,270 | INFO | Capital final: R$ 1000.40
2026-02-11 11:36:59,270 | INFO | Total de trades: 10
2026-02-11 11:36:59,270 | INFO | Vitórias: 8
2026-02-11 11:36:59,270 | INFO | Derrotas: 2
2026-02-11 11:36:59,270 | INFO | Win Rate: 80.00%
2026-02-11 11:36:59,270 | INFO | Lucro total: R$ 0.40
2026-02-11 11:37:14,719 | INFO | Bot iniciado (MÉDIA MÓVEL)
2026-02-11 11:37:14,719 | INFO | Criando cliente da Binance
2026-02-11 11:37:16,019 | INFO | Buscando preço de ZROUSDT
2026-02-11 11:37:16,285 | INFO | Aguardando dados para média móvel...
2026-02-11 11:37:21,299 | INFO | Buscando preço de ZROUSDT
2026-02-11 11:37:21,551 | INFO | Aguardando dados para média móvel...
2026-02-11 11:37:26,567 | INFO | Buscando preço de ZROUSDT
2026-02-11 11:37:26,834 | INFO | Aguardando dados para média móvel...
2026-02-11 11:37:31,836 | INFO | Buscando preço de ZROUSDT
2026-02-11 11:37:32,101 | INFO | Aguardando dados para média móvel...
2026-02-11 11:37:37,101 | INFO | Buscando preço de ZROUSDT
2026-02-11 11:37:37,366 | INFO | Preço: 2.54 | Média (5): 2.53
2026-02-11 11:37:37,366 | WARNING | COMPRA | Preço: 2.54 | Capital: R$ 1000.00
2026-02-11 11:37:42,370 | INFO | Buscando preço de ZROUSDT
2026-02-11 11:37:42,633 | INFO | Preço: 2.54 | Média (5): 2.53
2026-02-11 11:37:42,633 | INFO | Resultado: 0.00% | R$ 0.00
2026-02-11 11:37:47,638 | INFO | Buscando preço de ZROUSDT
2026-02-11 11:37:47,899 | INFO | Preço: 2.53 | Média (5): 2.53
2026-02-11 11:37:47,899 | INFO | Resultado: -0.12% | R$ -0.24
2026-02-11 11:37:52,905 | INFO | Buscando preço de ZROUSDT
2026-02-11 11:37:53,165 | INFO | Preço: 2.53 | Média (5): 2.53
2026-02-11 11:37:53,165 | INFO | Resultado: -0.20% | R$ -0.39
2026-02-11 11:37:53,165 | WARNING | SAÍDA POR CRUZAMENTO ABAIXO DA MÉDIA
2026-02-11 11:37:58,172 | INFO | Cooldown: 2
2026-02-11 11:37:58,172 | INFO | Buscando preço de ZROUSDT
2026-02-11 11:37:58,431 | INFO | Preço: 2.53 | Média (5): 2.53
2026-02-11 11:38:03,439 | INFO | Cooldown: 1
2026-02-11 11:38:03,439 | INFO | Buscando preço de ZROUSDT
2026-02-11 11:38:03,697 | INFO | Preço: 2.53 | Média (5): 2.53
2026-02-11 11:38:08,710 | INFO | Cooldown: 0
2026-02-11 11:38:08,710 | INFO | Buscando preço de ZROUSDT
2026-02-11 11:38:08,964 | INFO | Preço: 2.53 | Média (5): 2.53
2026-02-11 11:38:13,979 | INFO | Buscando preço de ZROUSDT
2026-02-11 11:38:14,246 | INFO | Preço: 2.53 | Média (5): 2.53
2026-02-11 11:38:19,246 | INFO | Buscando preço de ZROUSDT
2026-02-11 11:38:19,513 | INFO | Preço: 2.52 | Média (5): 2.53
2026-02-11 11:38:24,514 | INFO | Buscando preço de ZROUSDT
2026-02-11 11:38:24,778 | INFO | Preço: 2.53 | Média (5): 2.53
2026-02-11 11:38:24,778 | WARNING | COMPRA | Preço: 2.53 | Capital: R$ 999.61
2026-02-11 11:38:29,779 | INFO | Buscando preço de ZROUSDT
2026-02-11 11:38:30,045 | INFO | Preço: 2.53 | Média (5): 2.53
2026-02-11 11:38:30,045 | INFO | Resultado: 0.00% | R$ 0.00
2026-02-11 11:38:35,046 | INFO | Buscando preço de ZROUSDT
2026-02-11 11:38:35,311 | INFO | Preço: 2.53 | Média (5): 2.53
2026-02-11 11:38:35,311 | INFO | Resultado: -0.08% | R$ -0.16
2026-02-11 11:38:40,313 | INFO | Buscando preço de ZROUSDT
2026-02-11 11:38:40,577 | INFO | Preço: 2.53 | Média (5): 2.53
2026-02-11 11:38:40,577 | INFO | Resultado: -0.16% | R$ -0.32
2026-02-11 11:38:40,577 | WARNING | SAÍDA POR CRUZAMENTO ABAIXO DA MÉDIA
2026-02-11 11:38:45,580 | INFO | Cooldown: 2
2026-02-11 11:38:45,580 | INFO | Buscando preço de ZROUSDT
2026-02-11 11:38:45,843 | INFO | Preço: 2.52 | Média (5): 2.53
2026-02-11 11:38:50,848 | INFO | Cooldown: 1
2026-02-11 11:38:50,848 | INFO | Buscando preço de ZROUSDT
2026-02-11 11:38:51,110 | INFO | Preço: 2.53 | Média (5): 2.53
2026-02-11 11:38:56,111 | INFO | Cooldown: 0
2026-02-11 11:38:56,111 | INFO | Buscando preço de ZROUSDT
2026-02-11 11:38:56,376 | INFO | Preço: 2.53 | Média (5): 2.53
2026-02-11 11:38:56,376 | WARNING | COMPRA | Preço: 2.53 | Capital: R$ 999.29
2026-02-11 11:39:01,381 | INFO | Buscando preço de ZROUSDT
2026-02-11 11:39:01,642 | INFO | Preço: 2.52 | Média (5): 2.52
2026-02-11 11:39:01,642 | INFO | Resultado: -0.24% | R$ -0.47
2026-02-11 11:39:01,642 | WARNING | SAÍDA POR CRUZAMENTO ABAIXO DA MÉDIA
2026-02-11 11:39:06,647 | INFO | Cooldown: 2
2026-02-11 11:39:06,647 | INFO | Buscando preço de ZROUSDT
2026-02-11 11:39:06,909 | INFO | Preço: 2.52 | Média (5): 2.52
2026-02-11 11:39:11,913 | INFO | Cooldown: 1
2026-02-11 11:39:11,913 | INFO | Buscando preço de ZROUSDT
2026-02-11 11:39:12,175 | INFO | Preço: 2.52 | Média (5): 2.52
2026-02-11 11:39:17,175 | INFO | Cooldown: 0
2026-02-11 11:39:17,175 | INFO | Buscando preço de ZROUSDT
2026-02-11 11:39:17,440 | INFO | Preço: 2.52 | Média (5): 2.52
2026-02-11 11:39:22,442 | INFO | Buscando preço de ZROUSDT
2026-02-11 11:39:22,707 | INFO | Preço: 2.52 | Média (5): 2.52
2026-02-11 11:39:22,707 | WARNING | COMPRA | Preço: 2.52 | Capital: R$ 998.82
2026-02-11 11:39:27,708 | INFO | Buscando preço de ZROUSDT
2026-02-11 11:39:27,973 | INFO | Preço: 2.52 | Média (5): 2.52
2026-02-11 11:39:27,973 | INFO | Resultado: 0.00% | R$ 0.00
2026-02-11 11:39:32,979 | INFO | Buscando preço de ZROUSDT
2026-02-11 11:39:33,239 | INFO | Preço: 2.52 | Média (5): 2.52
2026-02-11 11:39:33,239 | INFO | Resultado: -0.16% | R$ -0.32
2026-02-11 11:39:33,239 | WARNING | SAÍDA POR CRUZAMENTO ABAIXO DA MÉDIA
2026-02-11 11:39:38,251 | INFO | Cooldown: 2
2026-02-11 11:39:38,251 | INFO | Buscando preço de ZROUSDT
2026-02-11 11:39:38,521 | INFO | Preço: 2.52 | Média (5): 2.52
2026-02-11 11:39:43,523 | INFO | Cooldown: 1
2026-02-11 11:39:43,523 | INFO | Buscando preço de ZROUSDT
2026-02-11 11:39:43,788 | INFO | Preço: 2.53 | Média (5): 2.52
2026-02-11 11:39:48,790 | INFO | Cooldown: 0
2026-02-11 11:39:48,790 | INFO | Buscando preço de ZROUSDT
2026-02-11 11:39:49,055 | INFO | Preço: 2.53 | Média (5): 2.52
2026-02-11 11:39:49,056 | WARNING | COMPRA | Preço: 2.53 | Capital: R$ 998.50
2026-02-11 11:39:54,057 | INFO | Buscando preço de ZROUSDT
2026-02-11 11:39:54,320 | INFO | Preço: 2.52 | Média (5): 2.52
2026-02-11 11:39:54,320 | INFO | Resultado: -0.04% | R$ -0.08
2026-02-11 11:39:59,323 | INFO | Buscando preço de ZROUSDT
2026-02-11 11:39:59,586 | INFO | Preço: 2.53 | Média (5): 2.53
2026-02-11 11:39:59,586 | INFO | Resultado: 0.00% | R$ 0.00
2026-02-11 11:40:04,592 | INFO | Buscando preço de ZROUSDT
2026-02-11 11:40:05,369 | INFO | Preço: 2.53 | Média (5): 2.53
2026-02-11 11:40:05,369 | INFO | Resultado: 0.08% | R$ 0.16
2026-02-11 11:40:05,369 | WARNING | TAKE PROFIT | Capital: R$ 998.66
2026-02-11 11:40:10,382 | INFO | Cooldown: 2
2026-02-11 11:40:10,382 | INFO | Buscando preço de ZROUSDT
2026-02-11 11:40:10,652 | INFO | Preço: 2.54 | Média (5): 2.53
2026-02-11 11:40:15,653 | INFO | Cooldown: 1
2026-02-11 11:40:15,653 | INFO | Buscando preço de ZROUSDT
2026-02-11 11:40:15,902 | INFO | Preço: 2.54 | Média (5): 2.53
2026-02-11 11:40:20,917 | INFO | Cooldown: 0
2026-02-11 11:40:20,917 | INFO | Buscando preço de ZROUSDT
2026-02-11 11:40:21,184 | INFO | Preço: 2.54 | Média (5): 2.53
2026-02-11 11:40:21,184 | WARNING | COMPRA | Preço: 2.54 | Capital: R$ 998.66
2026-02-11 11:40:26,185 | INFO | Buscando preço de ZROUSDT
2026-02-11 11:40:26,434 | INFO | Preço: 2.54 | Média (5): 2.54
2026-02-11 11:40:26,434 | INFO | Resultado: 0.00% | R$ 0.00
2026-02-11 11:40:31,449 | INFO | Buscando preço de ZROUSDT
2026-02-11 11:40:31,701 | INFO | Preço: 2.54 | Média (5): 2.54
2026-02-11 11:40:31,701 | INFO | Resultado: 0.00% | R$ 0.00
2026-02-11 11:40:36,714 | INFO | Buscando preço de ZROUSDT
2026-02-11 11:40:36,982 | INFO | Preço: 2.55 | Média (5): 2.54
2026-02-11 11:40:36,982 | INFO | Resultado: 0.20% | R$ 0.39
2026-02-11 11:40:36,982 | WARNING | TAKE PROFIT | Capital: R$ 999.05
2026-02-11 11:40:41,984 | INFO | Cooldown: 2
2026-02-11 11:40:41,984 | INFO | Buscando preço de ZROUSDT
2026-02-11 11:40:42,249 | INFO | Preço: 2.54 | Média (5): 2.54
2026-02-11 11:40:47,252 | INFO | Cooldown: 1
2026-02-11 11:40:47,252 | INFO | Buscando preço de ZROUSDT
2026-02-11 11:40:47,515 | INFO | Preço: 2.54 | Média (5): 2.54
2026-02-11 11:40:52,518 | INFO | Cooldown: 0
2026-02-11 11:40:52,518 | INFO | Buscando preço de ZROUSDT
2026-02-11 11:40:52,781 | INFO | Preço: 2.54 | Média (5): 2.54
2026-02-11 11:40:57,785 | INFO | Buscando preço de ZROUSDT
2026-02-11 11:40:58,048 | INFO | Preço: 2.54 | Média (5): 2.54
2026-02-11 11:41:03,049 | INFO | Buscando preço de ZROUSDT
2026-02-11 11:41:03,314 | INFO | Preço: 2.54 | Média (5): 2.54
2026-02-11 11:41:08,317 | INFO | Buscando preço de ZROUSDT
2026-02-11 11:41:08,580 | INFO | Preço: 2.53 | Média (5): 2.54
2026-02-11 11:41:13,587 | INFO | Buscando preço de ZROUSDT
2026-02-11 11:41:13,846 | INFO | Preço: 2.53 | Média (5): 2.54
2026-02-11 11:41:18,850 | INFO | Buscando preço de ZROUSDT
2026-02-11 11:41:19,112 | INFO | Preço: 2.53 | Média (5): 2.53
2026-02-11 11:41:24,118 | INFO | Buscando preço de ZROUSDT
2026-02-11 11:41:24,386 | INFO | Preço: 2.54 | Média (5): 2.53
2026-02-11 11:41:24,386 | WARNING | COMPRA | Preço: 2.54 | Capital: R$ 999.05
2026-02-11 11:41:29,387 | INFO | Buscando preço de ZROUSDT
2026-02-11 11:41:29,655 | INFO | Preço: 2.54 | Média (5): 2.53
2026-02-11 11:41:29,656 | INFO | Resultado: 0.00% | R$ 0.00
2026-02-11 11:41:34,657 | INFO | Buscando preço de ZROUSDT
2026-02-11 11:41:34,916 | INFO | Preço: 2.54 | Média (5): 2.53
2026-02-11 11:41:34,916 | INFO | Resultado: -0.08% | R$ -0.16
2026-02-11 11:41:39,923 | INFO | Buscando preço de ZROUSDT
2026-02-11 11:41:40,177 | INFO | Preço: 2.54 | Média (5): 2.54
2026-02-11 11:41:40,177 | INFO | Resultado: 0.00% | R$ 0.00
2026-02-11 11:41:45,191 | INFO | Buscando preço de ZROUSDT
2026-02-11 11:41:45,453 | INFO | Preço: 2.53 | Média (5): 2.54
2026-02-11 11:41:45,454 | INFO | Resultado: -0.16% | R$ -0.32
2026-02-11 11:41:45,454 | WARNING | SAÍDA POR CRUZAMENTO ABAIXO DA MÉDIA
2026-02-11 11:41:50,455 | INFO | Cooldown: 2
2026-02-11 11:41:50,455 | INFO | Buscando preço de ZROUSDT
2026-02-11 11:41:50,718 | INFO | Preço: 2.52 | Média (5): 2.53
2026-02-11 11:41:55,719 | INFO | Cooldown: 1
2026-02-11 11:41:55,719 | INFO | Buscando preço de ZROUSDT
2026-02-11 11:41:55,976 | INFO | Preço: 2.53 | Média (5): 2.53
2026-02-11 11:42:00,987 | INFO | Cooldown: 0
2026-02-11 11:42:00,987 | INFO | Buscando preço de ZROUSDT
2026-02-11 11:42:01,243 | INFO | Preço: 2.53 | Média (5): 2.53
2026-02-11 11:42:06,255 | INFO | Buscando preço de ZROUSDT
2026-02-11 11:42:06,508 | INFO | Preço: 2.53 | Média (5): 2.53
2026-02-11 11:42:06,508 | WARNING | COMPRA | Preço: 2.53 | Capital: R$ 998.73
2026-02-11 11:42:11,523 | INFO | Buscando preço de ZROUSDT
2026-02-11 11:42:11,787 | INFO | Preço: 2.53 | Média (5): 2.53
2026-02-11 11:42:11,787 | INFO | Resultado: -0.04% | R$ -0.08
2026-02-11 11:42:16,788 | INFO | Buscando preço de ZROUSDT
2026-02-11 11:42:17,054 | INFO | Preço: 2.53 | Média (5): 2.53
2026-02-11 11:42:17,055 | INFO | Resultado: -0.04% | R$ -0.08
2026-02-11 11:42:22,055 | INFO | Buscando preço de ZROUSDT
2026-02-11 11:42:22,322 | INFO | Preço: 2.54 | Média (5): 2.53
2026-02-11 11:42:22,322 | INFO | Resultado: 0.08% | R$ 0.16
2026-02-11 11:42:22,322 | WARNING | TAKE PROFIT | Capital: R$ 998.89
2026-02-11 11:42:27,323 | INFO | Cooldown: 2
2026-02-11 11:42:27,323 | INFO | Buscando preço de ZROUSDT
2026-02-11 11:42:27,585 | INFO | Preço: 2.53 | Média (5): 2.53
2026-02-11 11:42:32,587 | INFO | Cooldown: 1
2026-02-11 11:42:32,587 | INFO | Buscando preço de ZROUSDT
2026-02-11 11:42:32,853 | INFO | Preço: 2.53 | Média (5): 2.53
2026-02-11 11:42:37,854 | INFO | Cooldown: 0
2026-02-11 11:42:37,854 | INFO | Buscando preço de ZROUSDT
2026-02-11 11:42:38,120 | INFO | Preço: 2.53 | Média (5): 2.53
2026-02-11 11:42:43,122 | INFO | Buscando preço de ZROUSDT
2026-02-11 11:42:43,388 | INFO | Preço: 2.52 | Média (5): 2.53
2026-02-11 11:42:48,390 | INFO | Buscando preço de ZROUSDT
2026-02-11 11:42:48,654 | INFO | Preço: 2.52 | Média (5): 2.53
2026-02-11 11:42:53,655 | INFO | Buscando preço de ZROUSDT
2026-02-11 11:42:53,917 | INFO | Preço: 2.52 | Média (5): 2.52
2026-02-11 11:42:58,918 | INFO | Buscando preço de ZROUSDT
2026-02-11 11:42:59,170 | INFO | Preço: 2.52 | Média (5): 2.52
2026-02-11 11:43:04,181 | INFO | Buscando preço de ZROUSDT
2026-02-11 11:43:04,455 | INFO | Preço: 2.52 | Média (5): 2.52
2026-02-11 11:43:09,456 | INFO | Buscando preço de ZROUSDT
2026-02-11 11:43:09,719 | INFO | Preço: 2.52 | Média (5): 2.52
2026-02-11 11:43:09,719 | WARNING | COMPRA | Preço: 2.52 | Capital: R$ 998.89
2026-02-11 11:43:14,720 | INFO | Buscando preço de ZROUSDT
2026-02-11 11:43:14,988 | INFO | Preço: 2.52 | Média (5): 2.52
2026-02-11 11:43:14,989 | INFO | Resultado: -0.12% | R$ -0.24
2026-02-11 11:43:14,989 | WARNING | SAÍDA POR CRUZAMENTO ABAIXO DA MÉDIA
2026-02-11 11:43:19,990 | INFO | Cooldown: 2
2026-02-11 11:43:19,990 | INFO | Buscando preço de ZROUSDT
2026-02-11 11:43:20,251 | INFO | Preço: 2.52 | Média (5): 2.52
2026-02-11 11:43:25,255 | INFO | Cooldown: 1
2026-02-11 11:43:25,255 | INFO | Buscando preço de ZROUSDT
2026-02-11 11:43:25,524 | INFO | Preço: 2.52 | Média (5): 2.52
2026-02-11 11:43:30,526 | INFO | Cooldown: 0
2026-02-11 11:43:30,526 | INFO | Buscando preço de ZROUSDT
2026-02-11 11:43:30,798 | INFO | Preço: 2.53 | Média (5): 2.52
2026-02-11 11:43:30,798 | WARNING | COMPRA | Preço: 2.53 | Capital: R$ 998.65
2026-02-11 11:43:35,799 | INFO | Buscando preço de ZROUSDT
2026-02-11 11:43:36,071 | INFO | Preço: 2.53 | Média (5): 2.52
2026-02-11 11:43:36,072 | INFO | Resultado: 0.04% | R$ 0.08
2026-02-11 11:43:41,072 | INFO | Buscando preço de ZROUSDT
2026-02-11 11:43:41,343 | INFO | Preço: 2.53 | Média (5): 2.53
2026-02-11 11:43:41,344 | INFO | Resultado: 0.00% | R$ 0.00
2026-02-11 11:43:46,345 | INFO | Buscando preço de ZROUSDT
2026-02-11 11:43:46,599 | INFO | Preço: 2.53 | Média (5): 2.53
2026-02-11 11:43:46,599 | INFO | Resultado: 0.16% | R$ 0.32
2026-02-11 11:43:46,599 | WARNING | TAKE PROFIT | Capital: R$ 998.97
2026-02-11 11:43:51,611 | INFO | Cooldown: 2
2026-02-11 11:43:51,611 | INFO | Buscando preço de ZROUSDT
2026-02-11 11:43:51,881 | INFO | Preço: 2.53 | Média (5): 2.53
2026-02-11 11:43:56,881 | INFO | Cooldown: 1
2026-02-11 11:43:56,881 | INFO | Buscando preço de ZROUSDT
2026-02-11 11:43:57,148 | INFO | Preço: 2.53 | Média (5): 2.53
2026-02-11 11:44:02,151 | INFO | Cooldown: 0
2026-02-11 11:44:02,151 | INFO | Buscando preço de ZROUSDT
2026-02-11 11:44:02,418 | INFO | Preço: 2.53 | Média (5): 2.53
2026-02-11 11:44:02,419 | WARNING | COMPRA | Preço: 2.53 | Capital: R$ 998.97
2026-02-11 11:44:07,420 | INFO | Buscando preço de ZROUSDT
2026-02-11 11:44:07,680 | INFO | Preço: 2.53 | Média (5): 2.53
2026-02-11 11:44:07,680 | INFO | Resultado: 0.00% | R$ 0.00
2026-02-11 11:44:12,683 | INFO | Buscando preço de ZROUSDT
2026-02-11 11:44:12,946 | INFO | Preço: 2.53 | Média (5): 2.53
2026-02-11 11:44:12,946 | INFO | Resultado: 0.08% | R$ 0.16
2026-02-11 11:44:12,946 | WARNING | TAKE PROFIT | Capital: R$ 999.13
2026-02-11 11:44:17,948 | INFO | Cooldown: 2
2026-02-11 11:44:17,948 | INFO | Buscando preço de ZROUSDT
2026-02-11 11:44:18,196 | INFO | Preço: 2.54 | Média (5): 2.53
2026-02-11 11:44:23,212 | INFO | Cooldown: 1
2026-02-11 11:44:23,212 | INFO | Buscando preço de ZROUSDT
2026-02-11 11:44:23,478 | INFO | Preço: 2.54 | Média (5): 2.54
2026-02-11 11:44:28,479 | INFO | Cooldown: 0
2026-02-11 11:44:28,479 | INFO | Buscando preço de ZROUSDT
2026-02-11 11:44:28,728 | INFO | Preço: 2.54 | Média (5): 2.54
2026-02-11 11:44:28,744 | WARNING | COMPRA | Preço: 2.54 | Capital: R$ 999.13
2026-02-11 11:44:33,744 | INFO | Buscando preço de ZROUSDT
2026-02-11 11:44:34,013 | INFO | Preço: 2.54 | Média (5): 2.54
2026-02-11 11:44:34,014 | INFO | Resultado: -0.08% | R$ -0.16
2026-02-11 11:44:39,015 | INFO | Buscando preço de ZROUSDT
2026-02-11 11:44:39,278 | INFO | Preço: 2.54 | Média (5): 2.54
2026-02-11 11:44:39,278 | INFO | Resultado: -0.12% | R$ -0.24
2026-02-11 11:44:39,278 | WARNING | SAÍDA POR CRUZAMENTO ABAIXO DA MÉDIA
2026-02-11 11:44:44,279 | INFO | Cooldown: 2
2026-02-11 11:44:44,279 | INFO | Buscando preço de ZROUSDT
2026-02-11 11:44:44,543 | INFO | Preço: 2.54 | Média (5): 2.54
2026-02-11 11:44:49,545 | INFO | Cooldown: 1
2026-02-11 11:44:49,545 | INFO | Buscando preço de ZROUSDT
2026-02-11 11:44:49,815 | INFO | Preço: 2.54 | Média (5): 2.54
2026-02-11 11:44:54,816 | INFO | Cooldown: 0
2026-02-11 11:44:54,816 | INFO | Buscando preço de ZROUSDT
2026-02-11 11:44:55,075 | INFO | Preço: 2.53 | Média (5): 2.54
2026-02-11 11:45:00,078 | INFO | Buscando preço de ZROUSDT
2026-02-11 11:45:00,342 | INFO | Preço: 2.52 | Média (5): 2.53
2026-02-11 11:45:05,345 | INFO | Buscando preço de ZROUSDT
2026-02-11 11:45:05,611 | INFO | Preço: 2.52 | Média (5): 2.53
2026-02-11 11:45:10,612 | INFO | Buscando preço de ZROUSDT
2026-02-11 11:45:10,874 | INFO | Preço: 2.52 | Média (5): 2.52
2026-02-11 11:45:15,876 | INFO | Buscando preço de ZROUSDT
2026-02-11 11:45:16,144 | INFO | Preço: 2.52 | Média (5): 2.52
2026-02-11 11:45:21,147 | INFO | Buscando preço de ZROUSDT
2026-02-11 11:45:21,406 | INFO | Preço: 2.51 | Média (5): 2.52
2026-02-11 11:45:26,409 | INFO | Buscando preço de ZROUSDT
2026-02-11 11:45:26,672 | INFO | Preço: 2.51 | Média (5): 2.52
2026-02-11 11:45:31,676 | INFO | Buscando preço de ZROUSDT
2026-02-11 11:45:31,939 | INFO | Preço: 2.51 | Média (5): 2.51
2026-02-11 11:45:36,939 | INFO | Buscando preço de ZROUSDT
2026-02-11 11:45:37,205 | INFO | Preço: 2.50 | Média (5): 2.51
2026-02-11 11:45:42,206 | INFO | Buscando preço de ZROUSDT
2026-02-11 11:45:42,454 | INFO | Preço: 2.51 | Média (5): 2.51
2026-02-11 11:45:47,469 | INFO | Buscando preço de ZROUSDT
2026-02-11 11:45:47,735 | INFO | Preço: 2.51 | Média (5): 2.51
2026-02-11 11:45:52,735 | INFO | Buscando preço de ZROUSDT
2026-02-11 11:45:53,001 | INFO | Preço: 2.51 | Média (5): 2.51
2026-02-11 11:45:58,002 | INFO | Buscando preço de ZROUSDT
2026-02-11 11:45:58,270 | INFO | Preço: 2.50 | Média (5): 2.51
2026-02-11 11:46:03,271 | INFO | Buscando preço de ZROUSDT
2026-02-11 11:46:03,537 | INFO | Preço: 2.50 | Média (5): 2.51
2026-02-11 11:46:08,539 | INFO | Buscando preço de ZROUSDT
2026-02-11 11:46:08,804 | INFO | Preço: 2.50 | Média (5): 2.50
2026-02-11 11:46:13,805 | INFO | Buscando preço de ZROUSDT
2026-02-11 11:46:14,069 | INFO | Preço: 2.50 | Média (5): 2.50
2026-02-11 11:46:14,069 | WARNING | COMPRA | Preço: 2.50 | Capital: R$ 998.89
2026-02-11 11:46:19,070 | INFO | Buscando preço de ZROUSDT
2026-02-11 11:46:19,343 | INFO | Preço: 2.50 | Média (5): 2.50
2026-02-11 11:46:19,343 | INFO | Resultado: -0.24% | R$ -0.48
2026-02-11 11:46:19,344 | WARNING | SAÍDA POR CRUZAMENTO ABAIXO DA MÉDIA
2026-02-11 11:46:24,344 | INFO | Cooldown: 2
2026-02-11 11:46:24,344 | INFO | Buscando preço de ZROUSDT
2026-02-11 11:46:24,608 | INFO | Preço: 2.49 | Média (5): 2.50
2026-02-11 11:46:29,609 | INFO | Cooldown: 1
2026-02-11 11:46:29,609 | INFO | Buscando preço de ZROUSDT
2026-02-11 11:46:29,867 | INFO | Preço: 2.49 | Média (5): 2.50
2026-02-11 11:46:34,874 | INFO | Cooldown: 0
2026-02-11 11:46:34,874 | INFO | Buscando preço de ZROUSDT
2026-02-11 11:46:35,144 | INFO | Preço: 2.50 | Média (5): 2.50
2026-02-11 11:46:35,145 | WARNING | COMPRA | Preço: 2.50 | Capital: R$ 998.41
2026-02-11 11:46:40,145 | INFO | Buscando preço de ZROUSDT
2026-02-11 11:46:40,399 | INFO | Preço: 2.50 | Média (5): 2.50
2026-02-11 11:46:40,399 | INFO | Resultado: 0.00% | R$ 0.00
2026-02-11 11:46:45,413 | INFO | Buscando preço de ZROUSDT
2026-02-11 11:46:45,675 | INFO | Preço: 2.50 | Média (5): 2.49
2026-02-11 11:46:45,676 | INFO | Resultado: -0.04% | R$ -0.08
2026-02-11 11:46:50,677 | INFO | Buscando preço de ZROUSDT
2026-02-11 11:46:50,931 | INFO | Preço: 2.50 | Média (5): 2.50
2026-02-11 11:46:50,931 | INFO | Resultado: -0.04% | R$ -0.08
2026-02-11 11:46:55,941 | INFO | Buscando preço de ZROUSDT
2026-02-11 11:46:56,197 | INFO | Preço: 2.50 | Média (5): 2.50
2026-02-11 11:46:56,197 | INFO | Resultado: -0.04% | R$ -0.08
2026-02-11 11:46:56,197 | WARNING | SAÍDA POR CRUZAMENTO ABAIXO DA MÉDIA
2026-02-11 11:47:01,209 | INFO | Cooldown: 2
2026-02-11 11:47:01,209 | INFO | Buscando preço de ZROUSDT
2026-02-11 11:47:01,464 | INFO | Preço: 2.50 | Média (5): 2.50
2026-02-11 11:47:06,476 | INFO | Cooldown: 1
2026-02-11 11:47:06,476 | INFO | Buscando preço de ZROUSDT
2026-02-11 11:47:06,730 | INFO | Preço: 2.50 | Média (5): 2.50
2026-02-11 11:47:11,744 | INFO | Cooldown: 0
2026-02-11 11:47:11,744 | INFO | Buscando preço de ZROUSDT
2026-02-11 11:47:11,996 | INFO | Preço: 2.50 | Média (5): 2.50
2026-02-11 11:47:11,996 | WARNING | COMPRA | Preço: 2.50 | Capital: R$ 998.33
2026-02-11 11:47:17,012 | INFO | Buscando preço de ZROUSDT
2026-02-11 11:47:17,262 | INFO | Preço: 2.50 | Média (5): 2.50
2026-02-11 11:47:17,262 | INFO | Resultado: -0.04% | R$ -0.08
2026-02-11 11:47:22,276 | INFO | Buscando preço de ZROUSDT
2026-02-11 11:47:22,529 | INFO | Preço: 2.50 | Média (5): 2.50
2026-02-11 11:47:22,544 | INFO | Resultado: -0.04% | R$ -0.08
2026-02-11 11:47:27,545 | INFO | Buscando preço de ZROUSDT
2026-02-11 11:47:27,810 | INFO | Preço: 2.50 | Média (5): 2.50
2026-02-11 11:47:27,811 | INFO | Resultado: -0.08% | R$ -0.16
2026-02-11 11:47:27,811 | WARNING | SAÍDA POR CRUZAMENTO ABAIXO DA MÉDIA
2026-02-11 11:47:32,812 | INFO | Cooldown: 2
2026-02-11 11:47:32,812 | INFO | Buscando preço de ZROUSDT
2026-02-11 11:47:33,077 | INFO | Preço: 2.50 | Média (5): 2.50
2026-02-11 11:47:38,083 | INFO | Cooldown: 1
2026-02-11 11:47:38,083 | INFO | Buscando preço de ZROUSDT
2026-02-11 11:47:38,344 | INFO | Preço: 2.50 | Média (5): 2.50
2026-02-11 11:47:43,354 | INFO | Cooldown: 0
2026-02-11 11:47:43,354 | INFO | Buscando preço de ZROUSDT
2026-02-11 11:47:43,610 | INFO | Preço: 2.50 | Média (5): 2.50
2026-02-11 11:47:43,610 | WARNING | COMPRA | Preço: 2.50 | Capital: R$ 998.17
2026-02-11 11:47:48,621 | INFO | Buscando preço de ZROUSDT
2026-02-11 11:47:48,876 | INFO | Preço: 2.49 | Média (5): 2.50
2026-02-11 11:47:48,876 | INFO | Resultado: -0.40% | R$ -0.80
2026-02-11 11:47:48,876 | WARNING | STOP LOSS | Capital: R$ 997.38
2026-02-11 11:47:53,885 | INFO | Cooldown: 2
2026-02-11 11:47:53,885 | INFO | Buscando preço de ZROUSDT
2026-02-11 11:47:54,142 | INFO | Preço: 2.50 | Média (5): 2.50
2026-02-11 11:47:59,148 | INFO | Cooldown: 1
2026-02-11 11:47:59,148 | INFO | Buscando preço de ZROUSDT
2026-02-11 11:47:59,417 | INFO | Preço: 2.50 | Média (5): 2.50
2026-02-11 11:48:04,419 | INFO | Cooldown: 0
2026-02-11 11:48:04,419 | INFO | Buscando preço de ZROUSDT
2026-02-11 11:48:04,688 | INFO | Preço: 2.50 | Média (5): 2.50
2026-02-11 11:48:04,689 | WARNING | COMPRA | Preço: 2.50 | Capital: R$ 997.38
2026-02-11 11:48:09,690 | INFO | Buscando preço de ZROUSDT
2026-02-11 11:48:09,957 | INFO | Preço: 2.50 | Média (5): 2.50
2026-02-11 11:48:09,957 | INFO | Resultado: 0.04% | R$ 0.08
2026-02-11 11:48:14,958 | INFO | Buscando preço de ZROUSDT
2026-02-11 11:48:15,207 | INFO | Preço: 2.50 | Média (5): 2.50
2026-02-11 11:48:15,207 | INFO | Resultado: 0.00% | R$ 0.00
2026-02-11 11:48:20,222 | INFO | Buscando preço de ZROUSDT
2026-02-11 11:48:20,473 | INFO | Preço: 2.50 | Média (5): 2.50
2026-02-11 11:48:20,473 | INFO | Resultado: 0.12% | R$ 0.24
2026-02-11 11:48:20,473 | WARNING | TAKE PROFIT | Capital: R$ 997.62
2026-02-11 11:48:25,488 | INFO | Cooldown: 2
2026-02-11 11:48:25,488 | INFO | Buscando preço de ZROUSDT
2026-02-11 11:48:25,750 | INFO | Preço: 2.51 | Média (5): 2.50
2026-02-11 11:48:30,751 | INFO | Cooldown: 1
2026-02-11 11:48:30,751 | INFO | Buscando preço de ZROUSDT
2026-02-11 11:48:31,021 | INFO | Preço: 2.50 | Média (5): 2.50
2026-02-11 11:48:36,022 | INFO | Cooldown: 0
2026-02-11 11:48:36,022 | INFO | Buscando preço de ZROUSDT
2026-02-11 11:48:36,288 | INFO | Preço: 2.50 | Média (5): 2.50
2026-02-11 11:48:41,289 | INFO | Buscando preço de ZROUSDT
2026-02-11 11:48:42,062 | INFO | Preço: 2.50 | Média (5): 2.50
2026-02-11 11:48:47,063 | INFO | Buscando preço de ZROUSDT
2026-02-11 11:48:47,324 | INFO | Preço: 2.50 | Média (5): 2.50
2026-02-11 11:48:52,325 | INFO | Buscando preço de ZROUSDT
2026-02-11 11:48:52,587 | INFO | Preço: 2.50 | Média (5): 2.50
2026-02-11 11:48:57,592 | INFO | Buscando preço de ZROUSDT
2026-02-11 11:48:57,853 | INFO | Preço: 2.50 | Média (5): 2.50
2026-02-11 11:48:57,853 | WARNING | COMPRA | Preço: 2.50 | Capital: R$ 997.62
2026-02-11 11:49:02,862 | INFO | Buscando preço de ZROUSDT
2026-02-11 11:49:03,119 | INFO | Preço: 2.50 | Média (5): 2.50
2026-02-11 11:49:03,119 | INFO | Resultado: -0.08% | R$ -0.16
2026-02-11 11:49:03,119 | WARNING | SAÍDA POR CRUZAMENTO ABAIXO DA MÉDIA
2026-02-11 11:49:08,125 | INFO | Cooldown: 2
2026-02-11 11:49:08,125 | INFO | Buscando preço de ZROUSDT
2026-02-11 11:49:08,385 | INFO | Preço: 2.50 | Média (5): 2.50
2026-02-11 11:49:13,388 | INFO | Cooldown: 1
2026-02-11 11:49:13,388 | INFO | Buscando preço de ZROUSDT
2026-02-11 11:49:13,651 | INFO | Preço: 2.50 | Média (5): 2.50
2026-02-11 11:49:18,652 | INFO | Cooldown: 0
2026-02-11 11:49:18,652 | INFO | Buscando preço de ZROUSDT
2026-02-11 11:49:18,915 | INFO | Preço: 2.50 | Média (5): 2.50
2026-02-11 11:49:18,916 | WARNING | COMPRA | Preço: 2.50 | Capital: R$ 997.46
2026-02-11 11:49:23,916 | INFO | Buscando preço de ZROUSDT
2026-02-11 11:49:24,184 | INFO | Preço: 2.50 | Média (5): 2.50
2026-02-11 11:49:24,184 | INFO | Resultado: -0.08% | R$ -0.16
2026-02-11 11:49:24,184 | WARNING | SAÍDA POR CRUZAMENTO ABAIXO DA MÉDIA
2026-02-11 11:49:29,187 | INFO | Cooldown: 2
2026-02-11 11:49:29,187 | INFO | Buscando preço de ZROUSDT
2026-02-11 11:49:29,450 | INFO | Preço: 2.50 | Média (5): 2.50
2026-02-11 11:49:34,453 | INFO | Cooldown: 1
2026-02-11 11:49:34,453 | INFO | Buscando preço de ZROUSDT
2026-02-11 11:49:34,717 | INFO | Preço: 2.50 | Média (5): 2.50
2026-02-11 11:49:39,722 | INFO | Cooldown: 0
2026-02-11 11:49:39,722 | INFO | Buscando preço de ZROUSDT
2026-02-11 11:49:39,983 | INFO | Preço: 2.50 | Média (5): 2.50
2026-02-11 11:49:39,983 | WARNING | COMPRA | Preço: 2.50 | Capital: R$ 997.30
2026-02-11 11:49:44,985 | INFO | Buscando preço de ZROUSDT
2026-02-11 11:49:45,239 | INFO | Preço: 2.50 | Média (5): 2.50
2026-02-11 11:49:45,239 | INFO | Resultado: -0.04% | R$ -0.08
2026-02-11 11:49:45,248 | WARNING | SAÍDA POR CRUZAMENTO ABAIXO DA MÉDIA
2026-02-11 11:49:50,249 | INFO | Cooldown: 2
2026-02-11 11:49:50,249 | INFO | Buscando preço de ZROUSDT
2026-02-11 11:49:50,503 | INFO | Preço: 2.51 | Média (5): 2.50
2026-02-11 11:49:55,514 | INFO | Cooldown: 1
2026-02-11 11:49:55,514 | INFO | Buscando preço de ZROUSDT
2026-02-11 11:49:55,783 | INFO | Preço: 2.51 | Média (5): 2.50
2026-02-11 11:50:00,784 | INFO | Cooldown: 0
2026-02-11 11:50:00,784 | INFO | Buscando preço de ZROUSDT
2026-02-11 11:50:01,052 | INFO | Preço: 2.50 | Média (5): 2.50
2026-02-11 11:50:01,053 | WARNING | COMPRA | Preço: 2.50 | Capital: R$ 997.22
2026-02-11 11:50:06,054 | INFO | Buscando preço de ZROUSDT
2026-02-11 11:50:06,320 | INFO | Preço: 2.51 | Média (5): 2.51
2026-02-11 11:50:06,321 | INFO | Resultado: 0.40% | R$ 0.80
2026-02-11 11:50:06,321 | WARNING | TAKE PROFIT | Capital: R$ 998.01
2026-02-11 11:50:11,322 | INFO | Cooldown: 2
2026-02-11 11:50:11,322 | INFO | Buscando preço de ZROUSDT
2026-02-11 11:50:11,587 | INFO | Preço: 2.52 | Média (5): 2.51
2026-02-11 11:50:16,589 | INFO | Cooldown: 1
2026-02-11 11:50:16,589 | INFO | Buscando preço de ZROUSDT
2026-02-11 11:50:16,847 | INFO | Preço: 2.52 | Média (5): 2.51
2026-02-11 11:50:21,858 | INFO | Cooldown: 0
2026-02-11 11:50:21,858 | INFO | Buscando preço de ZROUSDT
2026-02-11 11:50:22,121 | INFO | Preço: 2.52 | Média (5): 2.52
2026-02-11 11:50:22,122 | WARNING | COMPRA | Preço: 2.52 | Capital: R$ 998.01
2026-02-11 11:50:27,122 | INFO | Buscando preço de ZROUSDT
2026-02-11 11:50:27,378 | INFO | Preço: 2.53 | Média (5): 2.52
2026-02-11 11:50:27,378 | INFO | Resultado: 0.24% | R$ 0.47
2026-02-11 11:50:27,378 | WARNING | TAKE PROFIT | Capital: R$ 998.49
2026-02-11 11:50:32,391 | INFO | Cooldown: 2
2026-02-11 11:50:32,391 | INFO | Buscando preço de ZROUSDT
2026-02-11 11:50:32,653 | INFO | Preço: 2.54 | Média (5): 2.53
2026-02-11 11:50:37,654 | INFO | Cooldown: 1
2026-02-11 11:50:37,654 | INFO | Buscando preço de ZROUSDT
2026-02-11 11:50:37,921 | INFO | Preço: 2.53 | Média (5): 2.53
2026-02-11 11:50:42,923 | INFO | Cooldown: 0
2026-02-11 11:50:42,923 | INFO | Buscando preço de ZROUSDT
2026-02-11 11:50:43,702 | INFO | Preço: 2.53 | Média (5): 2.53
2026-02-11 11:50:48,705 | INFO | Buscando preço de ZROUSDT
2026-02-11 11:50:48,972 | INFO | Preço: 2.53 | Média (5): 2.53
2026-02-11 11:50:53,975 | INFO | Buscando preço de ZROUSDT
2026-02-11 11:50:54,242 | INFO | Preço: 2.53 | Média (5): 2.53
2026-02-11 11:50:59,243 | INFO | Buscando preço de ZROUSDT
2026-02-11 11:50:59,505 | INFO | Preço: 2.52 | Média (5): 2.53
2026-02-11 11:51:04,507 | INFO | Buscando preço de ZROUSDT
2026-02-11 11:51:04,774 | INFO | Preço: 2.52 | Média (5): 2.53
2026-02-11 11:51:09,774 | INFO | Buscando preço de ZROUSDT
2026-02-11 11:51:10,041 | INFO | Preço: 2.51 | Média (5): 2.52
2026-02-11 11:51:15,042 | INFO | Buscando preço de ZROUSDT
2026-02-11 11:51:15,291 | INFO | Preço: 2.50 | Média (5): 2.52
2026-02-11 11:51:20,306 | INFO | Buscando preço de ZROUSDT
2026-02-11 11:51:20,573 | INFO | Preço: 2.50 | Média (5): 2.51
2026-02-11 11:51:25,574 | INFO | Buscando preço de ZROUSDT
2026-02-11 11:51:25,840 | INFO | Preço: 2.49 | Média (5): 2.50
2026-02-11 11:51:30,843 | INFO | Buscando preço de ZROUSDT
2026-02-11 11:51:31,107 | INFO | Preço: 2.50 | Média (5): 2.50
2026-02-11 11:51:31,108 | WARNING | COMPRA | Preço: 2.50 | Capital: R$ 998.49
2026-02-11 11:51:36,108 | INFO | Buscando preço de ZROUSDT
2026-02-11 11:51:36,372 | INFO | Preço: 2.50 | Média (5): 2.50
2026-02-11 11:51:36,372 | INFO | Resultado: -0.16% | R$ -0.32
2026-02-11 11:51:41,377 | INFO | Buscando preço de ZROUSDT
2026-02-11 11:51:41,639 | INFO | Preço: 2.50 | Média (5): 2.50
2026-02-11 11:51:41,639 | INFO | Resultado: -0.32% | R$ -0.64
2026-02-11 11:51:41,640 | WARNING | STOP LOSS | Capital: R$ 997.85
2026-02-11 11:51:46,641 | INFO | Cooldown: 2
2026-02-11 11:51:46,641 | INFO | Buscando preço de ZROUSDT
2026-02-11 11:51:46,905 | INFO | Preço: 2.50 | Média (5): 2.50
2026-02-11 11:51:51,906 | INFO | Cooldown: 1
2026-02-11 11:51:51,906 | INFO | Buscando preço de ZROUSDT
2026-02-11 11:51:52,169 | INFO | Preço: 2.50 | Média (5): 2.50
2026-02-11 11:51:57,170 | INFO | Cooldown: 0
2026-02-11 11:51:57,170 | INFO | Buscando preço de ZROUSDT
2026-02-11 11:51:57,432 | INFO | Preço: 2.49 | Média (5): 2.50
2026-02-11 11:52:02,432 | INFO | Buscando preço de ZROUSDT
2026-02-11 11:52:02,702 | INFO | Preço: 2.49 | Média (5): 2.50
2026-02-11 11:52:07,703 | INFO | Buscando preço de ZROUSDT
2026-02-11 11:52:07,969 | INFO | Preço: 2.49 | Média (5): 2.49
2026-02-11 11:52:12,970 | INFO | Buscando preço de ZROUSDT
2026-02-11 11:52:13,240 | INFO | Preço: 2.49 | Média (5): 2.49
2026-02-11 11:52:18,240 | INFO | Buscando preço de ZROUSDT
2026-02-11 11:52:18,504 | INFO | Preço: 2.49 | Média (5): 2.49
2026-02-11 11:52:23,505 | INFO | Buscando preço de ZROUSDT
2026-02-11 11:52:23,767 | INFO | Preço: 2.49 | Média (5): 2.49
2026-02-11 11:52:28,769 | INFO | Buscando preço de ZROUSDT
2026-02-11 11:52:29,036 | INFO | Preço: 2.49 | Média (5): 2.49
2026-02-11 11:52:34,037 | INFO | Buscando preço de ZROUSDT
2026-02-11 11:52:34,306 | INFO | Preço: 2.49 | Média (5): 2.49
2026-02-11 11:52:39,306 | INFO | Buscando preço de ZROUSDT
2026-02-11 11:52:39,575 | INFO | Preço: 2.49 | Média (5): 2.49
2026-02-11 11:52:39,575 | WARNING | COMPRA | Preço: 2.49 | Capital: R$ 997.85
2026-02-11 11:52:44,577 | INFO | Buscando preço de ZROUSDT
2026-02-11 11:52:44,833 | INFO | Preço: 2.49 | Média (5): 2.49
2026-02-11 11:52:44,848 | INFO | Resultado: -0.04% | R$ -0.08
2026-02-11 11:52:44,849 | WARNING | SAÍDA POR CRUZAMENTO ABAIXO DA MÉDIA
2026-02-11 11:52:49,849 | INFO | Cooldown: 2
2026-02-11 11:52:49,849 | INFO | Buscando preço de ZROUSDT
2026-02-11 11:52:50,099 | INFO | Preço: 2.49 | Média (5): 2.49
2026-02-11 11:52:55,114 | INFO | Cooldown: 1
2026-02-11 11:52:55,114 | INFO | Buscando preço de ZROUSDT
2026-02-11 11:52:55,380 | INFO | Preço: 2.49 | Média (5): 2.49
2026-02-11 11:53:00,381 | INFO | Cooldown: 0
2026-02-11 11:53:00,381 | INFO | Buscando preço de ZROUSDT
2026-02-11 11:53:00,648 | INFO | Preço: 2.49 | Média (5): 2.49
2026-02-11 11:53:00,648 | WARNING | COMPRA | Preço: 2.49 | Capital: R$ 997.77
2026-02-11 11:53:05,653 | INFO | Buscando preço de ZROUSDT
2026-02-11 11:53:05,915 | INFO | Preço: 2.49 | Média (5): 2.49
2026-02-11 11:53:05,915 | INFO | Resultado: 0.00% | R$ 0.00
2026-02-11 11:53:10,916 | INFO | Buscando preço de ZROUSDT
2026-02-11 11:53:11,186 | INFO | Preço: 2.50 | Média (5): 2.49
2026-02-11 11:53:11,186 | INFO | Resultado: 0.12% | R$ 0.24
2026-02-11 11:53:11,187 | WARNING | TAKE PROFIT | Capital: R$ 998.01
2026-02-11 11:53:16,187 | INFO | Cooldown: 2
2026-02-11 11:53:16,187 | INFO | Buscando preço de ZROUSDT
2026-02-11 11:53:16,457 | INFO | Preço: 2.50 | Média (5): 2.50
2026-02-11 11:53:21,459 | INFO | Cooldown: 1
2026-02-11 11:53:21,459 | INFO | Buscando preço de ZROUSDT
2026-02-11 11:53:21,724 | INFO | Preço: 2.50 | Média (5): 2.50
2026-02-11 11:53:26,725 | INFO | Cooldown: 0
2026-02-11 11:53:26,725 | INFO | Buscando preço de ZROUSDT
2026-02-11 11:53:26,989 | INFO | Preço: 2.49 | Média (5): 2.50
2026-02-11 11:53:31,990 | INFO | Buscando preço de ZROUSDT
2026-02-11 11:53:32,259 | INFO | Preço: 2.50 | Média (5): 2.50
2026-02-11 11:53:32,259 | WARNING | COMPRA | Preço: 2.50 | Capital: R$ 998.01
2026-02-11 11:53:37,261 | INFO | Buscando preço de ZROUSDT
2026-02-11 11:53:37,527 | INFO | Preço: 2.49 | Média (5): 2.50
2026-02-11 11:53:37,527 | INFO | Resultado: -0.08% | R$ -0.16
2026-02-11 11:53:37,528 | WARNING | SAÍDA POR CRUZAMENTO ABAIXO DA MÉDIA
2026-02-11 11:53:42,529 | INFO | Cooldown: 2
2026-02-11 11:53:42,529 | INFO | Buscando preço de ZROUSDT
2026-02-11 11:53:42,791 | INFO | Preço: 2.50 | Média (5): 2.49
2026-02-11 11:53:47,793 | INFO | Cooldown: 1
2026-02-11 11:53:47,793 | INFO | Buscando preço de ZROUSDT
2026-02-11 11:53:48,056 | INFO | Preço: 2.49 | Média (5): 2.49
2026-02-11 11:53:53,057 | INFO | Cooldown: 0
2026-02-11 11:53:53,057 | INFO | Buscando preço de ZROUSDT
2026-02-11 11:53:53,330 | INFO | Preço: 2.49 | Média (5): 2.49
2026-02-11 11:53:58,335 | INFO | Buscando preço de ZROUSDT
2026-02-11 11:53:58,601 | INFO | Preço: 2.49 | Média (5): 2.49
2026-02-11 11:54:03,602 | INFO | Buscando preço de ZROUSDT
2026-02-11 11:54:03,869 | INFO | Preço: 2.49 | Média (5): 2.49
2026-02-11 11:54:03,870 | WARNING | COMPRA | Preço: 2.49 | Capital: R$ 997.85
2026-02-11 11:54:08,871 | INFO | Buscando preço de ZROUSDT
2026-02-11 11:54:09,132 | INFO | Preço: 2.49 | Média (5): 2.49
2026-02-11 11:54:09,132 | INFO | Resultado: 0.04% | R$ 0.08
2026-02-11 11:54:14,137 | INFO | Buscando preço de ZROUSDT
2026-02-11 11:54:14,405 | INFO | Preço: 2.49 | Média (5): 2.49
2026-02-11 11:54:14,406 | INFO | Resultado: -0.12% | R$ -0.24
2026-02-11 11:54:14,406 | WARNING | SAÍDA POR CRUZAMENTO ABAIXO DA MÉDIA
2026-02-11 11:54:19,407 | INFO | Cooldown: 2
2026-02-11 11:54:19,407 | INFO | Buscando preço de ZROUSDT
2026-02-11 11:54:19,674 | INFO | Preço: 2.48 | Média (5): 2.49
2026-02-11 11:54:24,675 | INFO | Cooldown: 1
2026-02-11 11:54:24,675 | INFO | Buscando preço de ZROUSDT
2026-02-11 11:54:24,924 | INFO | Preço: 2.48 | Média (5): 2.49
2026-02-11 11:54:29,938 | INFO | Cooldown: 0
2026-02-11 11:54:29,938 | INFO | Buscando preço de ZROUSDT
2026-02-11 11:54:30,205 | INFO | Preço: 2.48 | Média (5): 2.48
2026-02-11 11:54:35,206 | INFO | Buscando preço de ZROUSDT
2026-02-11 11:54:35,477 | INFO | Preço: 2.48 | Média (5): 2.48
2026-02-11 11:54:35,906 | INFO | ========== RELATÓRIO ==========
2026-02-11 11:54:35,906 | INFO | Capital final: R$ 997.61
2026-02-11 11:54:35,906 | INFO | Trades: 27
2026-02-11 11:54:35,906 | INFO | Win rate: 33.33%
2026-02-11 11:54:35,906 | INFO | Lucro total: R$ -2.39
2026-02-11 11:54:39,769 | INFO | Bot iniciado (MÉDIA MÓVEL + CONFIRMAÇÃO)
2026-02-11 11:54:39,769 | INFO | Criando cliente da Binance
2026-02-11 11:54:41,055 | INFO | Buscando preço de ZROUSDT
2026-02-11 11:54:41,322 | INFO | Aguardando dados da média...
2026-02-11 11:54:46,336 | INFO | Buscando preço de ZROUSDT
2026-02-11 11:54:46,588 | INFO | Aguardando dados da média...
2026-02-11 11:54:51,604 | INFO | Buscando preço de ZROUSDT
2026-02-11 11:54:51,874 | INFO | Aguardando dados da média...
2026-02-11 11:54:56,875 | INFO | Buscando preço de ZROUSDT
2026-02-11 11:54:57,137 | INFO | Aguardando dados da média...
2026-02-11 11:55:02,146 | INFO | Buscando preço de ZROUSDT
2026-02-11 11:55:02,924 | INFO | Preço: 2.46 | Média (5): 2.47
2026-02-11 11:55:07,927 | INFO | Buscando preço de ZROUSDT
2026-02-11 11:55:08,186 | INFO | Preço: 2.47 | Média (5): 2.47
2026-02-11 11:55:13,196 | INFO | Buscando preço de ZROUSDT
2026-02-11 11:55:13,452 | INFO | Preço: 2.46 | Média (5): 2.47
2026-02-11 11:55:18,460 | INFO | Buscando preço de ZROUSDT
2026-02-11 11:55:18,726 | INFO | Preço: 2.47 | Média (5): 2.47
2026-02-11 11:55:18,727 | WARNING | 🟢 ENTRADA | Preço: 2.47 | Capital: R$ 1000.00
2026-02-11 11:55:23,728 | INFO | Buscando preço de ZROUSDT
2026-02-11 11:55:23,985 | INFO | Preço: 2.47 | Média (5): 2.47
2026-02-11 11:55:23,985 | INFO | Resultado: 0.00% | R$ 0.00
2026-02-11 11:55:28,994 | INFO | Buscando preço de ZROUSDT
2026-02-11 11:55:29,251 | INFO | Preço: 2.47 | Média (5): 2.47
2026-02-11 11:55:29,251 | INFO | Resultado: -0.24% | R$ -0.49
2026-02-11 11:55:29,251 | INFO | Abaixo da média (1/3)
2026-02-11 11:55:34,259 | INFO | Buscando preço de ZROUSDT
2026-02-11 11:55:34,517 | INFO | Preço: 2.46 | Média (5): 2.47
2026-02-11 11:55:34,517 | INFO | Resultado: -0.49% | R$ -0.97
2026-02-11 11:55:34,517 | WARNING | 🔴 STOP LOSS | Capital: R$ 999.03
2026-02-11 11:55:39,526 | INFO | Cooldown: 2
2026-02-11 11:55:39,526 | INFO | Buscando preço de ZROUSDT
2026-02-11 11:55:39,792 | INFO | Preço: 2.47 | Média (5): 2.47
2026-02-11 11:55:44,793 | INFO | Cooldown: 1
2026-02-11 11:55:44,793 | INFO | Buscando preço de ZROUSDT
2026-02-11 11:55:45,063 | INFO | Preço: 2.47 | Média (5): 2.47
2026-02-11 11:55:50,063 | INFO | Cooldown: 0
2026-02-11 11:55:50,063 | INFO | Buscando preço de ZROUSDT
2026-02-11 11:55:50,330 | INFO | Preço: 2.46 | Média (5): 2.46
2026-02-11 11:55:55,331 | INFO | Buscando preço de ZROUSDT
2026-02-11 11:55:55,599 | INFO | Preço: 2.46 | Média (5): 2.46
2026-02-11 11:55:55,599 | WARNING | 🟢 ENTRADA | Preço: 2.46 | Capital: R$ 999.03
2026-02-11 11:56:00,600 | INFO | Buscando preço de ZROUSDT
2026-02-11 11:56:00,863 | INFO | Preço: 2.47 | Média (5): 2.47
2026-02-11 11:56:00,864 | INFO | Resultado: 0.04% | R$ 0.08
2026-02-11 11:56:05,865 | INFO | Buscando preço de ZROUSDT
2026-02-11 11:56:06,125 | INFO | Preço: 2.47 | Média (5): 2.47
2026-02-11 11:56:06,126 | INFO | Resultado: 0.12% | R$ 0.24
2026-02-11 11:56:06,126 | WARNING | 🟢  TAKE PROFIT | Capital: R$ 999.27
2026-02-11 11:56:11,127 | INFO | Cooldown: 2
2026-02-11 11:56:11,127 | INFO | Buscando preço de ZROUSDT
2026-02-11 11:56:11,393 | INFO | Preço: 2.48 | Média (5): 2.47
2026-02-11 11:56:16,395 | INFO | Cooldown: 1
2026-02-11 11:56:16,395 | INFO | Buscando preço de ZROUSDT
2026-02-11 11:56:16,663 | INFO | Preço: 2.48 | Média (5): 2.47
2026-02-11 11:56:21,664 | INFO | Cooldown: 0
2026-02-11 11:56:21,664 | INFO | Buscando preço de ZROUSDT
2026-02-11 11:56:21,931 | INFO | Preço: 2.48 | Média (5): 2.47
2026-02-11 11:56:21,931 | WARNING | 🟢 ENTRADA | Preço: 2.48 | Capital: R$ 999.27
2026-02-11 11:56:26,932 | INFO | Buscando preço de ZROUSDT
2026-02-11 11:56:27,196 | INFO | Preço: 2.48 | Média (5): 2.48
2026-02-11 11:56:27,196 | INFO | Resultado: -0.04% | R$ -0.08
2026-02-11 11:56:32,206 | INFO | Buscando preço de ZROUSDT
2026-02-11 11:56:32,476 | INFO | Preço: 2.48 | Média (5): 2.48
2026-02-11 11:56:32,477 | INFO | Resultado: 0.12% | R$ 0.24
2026-02-11 11:56:32,477 | WARNING | 🟢  TAKE PROFIT | Capital: R$ 999.51
2026-02-11 11:56:37,477 | INFO | Cooldown: 2
2026-02-11 11:56:37,477 | INFO | Buscando preço de ZROUSDT
2026-02-11 11:56:37,744 | INFO | Preço: 2.48 | Média (5): 2.48
2026-02-11 11:56:42,744 | INFO | Cooldown: 1
2026-02-11 11:56:42,744 | INFO | Buscando preço de ZROUSDT
2026-02-11 11:56:42,994 | INFO | Preço: 2.48 | Média (5): 2.48
2026-02-11 11:56:48,008 | INFO | Cooldown: 0
2026-02-11 11:56:48,008 | INFO | Buscando preço de ZROUSDT
2026-02-11 11:56:48,277 | INFO | Preço: 2.48 | Média (5): 2.48
2026-02-11 11:56:48,277 | WARNING | 🟢 ENTRADA | Preço: 2.48 | Capital: R$ 999.51
2026-02-11 11:56:53,279 | INFO | Buscando preço de ZROUSDT
2026-02-11 11:56:53,543 | INFO | Preço: 2.48 | Média (5): 2.48
2026-02-11 11:56:53,543 | INFO | Resultado: -0.08% | R$ -0.16
2026-02-11 11:56:53,543 | INFO | Abaixo da média (1/3)
2026-02-11 11:56:58,547 | INFO | Buscando preço de ZROUSDT
2026-02-11 11:56:58,809 | INFO | Preço: 2.48 | Média (5): 2.48
2026-02-11 11:56:58,809 | INFO | Resultado: -0.08% | R$ -0.16
2026-02-11 11:56:58,809 | INFO | Abaixo da média (2/3)
2026-02-11 11:57:03,815 | INFO | Buscando preço de ZROUSDT
2026-02-11 11:57:04,076 | INFO | Preço: 2.48 | Média (5): 2.48
2026-02-11 11:57:04,076 | INFO | Resultado: -0.04% | R$ -0.08
2026-02-11 11:57:09,079 | INFO | Buscando preço de ZROUSDT
2026-02-11 11:57:09,342 | INFO | Preço: 2.48 | Média (5): 2.48
2026-02-11 11:57:09,342 | INFO | Resultado: -0.04% | R$ -0.08
2026-02-11 11:57:14,348 | INFO | Buscando preço de ZROUSDT
2026-02-11 11:57:14,608 | INFO | Preço: 2.48 | Média (5): 2.48
2026-02-11 11:57:14,608 | INFO | Resultado: 0.00% | R$ 0.00
2026-02-11 11:57:19,616 | INFO | Buscando preço de ZROUSDT
2026-02-11 11:57:19,878 | INFO | Preço: 2.48 | Média (5): 2.48
2026-02-11 11:57:19,879 | INFO | Resultado: -0.16% | R$ -0.32
2026-02-11 11:57:19,879 | INFO | Abaixo da média (1/3)
2026-02-11 11:57:24,880 | INFO | Buscando preço de ZROUSDT
2026-02-11 11:57:25,141 | INFO | Preço: 2.48 | Média (5): 2.48
2026-02-11 11:57:25,141 | INFO | Resultado: -0.08% | R$ -0.16
2026-02-11 11:57:25,141 | INFO | Abaixo da média (2/3)
2026-02-11 11:57:30,148 | INFO | Buscando preço de ZROUSDT
2026-02-11 11:57:30,407 | INFO | Preço: 2.48 | Média (5): 2.48
2026-02-11 11:57:30,407 | INFO | Resultado: -0.24% | R$ -0.48
2026-02-11 11:57:30,407 | INFO | Abaixo da média (3/3)
2026-02-11 11:57:30,407 | WARNING | 🔴 SAÍDA CONFIRMADA POR MÉDIA | Capital: R$ 999.03
2026-02-11 11:57:35,416 | INFO | Cooldown: 2
2026-02-11 11:57:35,416 | INFO | Buscando preço de ZROUSDT
2026-02-11 11:57:35,673 | INFO | Preço: 2.48 | Média (5): 2.48
2026-02-11 11:57:40,682 | INFO | Cooldown: 1
2026-02-11 11:57:40,682 | INFO | Buscando preço de ZROUSDT
2026-02-11 11:57:40,945 | INFO | Preço: 2.48 | Média (5): 2.48
2026-02-11 11:57:45,946 | INFO | Cooldown: 0
2026-02-11 11:57:45,946 | INFO | Buscando preço de ZROUSDT
2026-02-11 11:57:46,205 | INFO | Preço: 2.48 | Média (5): 2.48
2026-02-11 11:57:46,205 | WARNING | 🟢 ENTRADA | Preço: 2.48 | Capital: R$ 999.03
2026-02-11 11:57:51,213 | INFO | Buscando preço de ZROUSDT
2026-02-11 11:57:51,471 | INFO | Preço: 2.48 | Média (5): 2.48
2026-02-11 11:57:51,471 | INFO | Resultado: -0.08% | R$ -0.16
2026-02-11 11:57:56,485 | INFO | Buscando preço de ZROUSDT
2026-02-11 11:57:56,753 | INFO | Preço: 2.48 | Média (5): 2.48
2026-02-11 11:57:56,754 | INFO | Resultado: 0.00% | R$ 0.00
2026-02-11 11:58:01,754 | INFO | Buscando preço de ZROUSDT
2026-02-11 11:58:02,020 | INFO | Preço: 2.48 | Média (5): 2.48
2026-02-11 11:58:02,021 | INFO | Resultado: -0.08% | R$ -0.16
2026-02-11 11:58:02,021 | INFO | Abaixo da média (1/3)
2026-02-11 11:58:07,022 | INFO | Buscando preço de ZROUSDT
2026-02-11 11:58:07,287 | INFO | Preço: 2.48 | Média (5): 2.48
2026-02-11 11:58:07,287 | INFO | Resultado: -0.12% | R$ -0.24
2026-02-11 11:58:07,287 | INFO | Abaixo da média (2/3)
2026-02-11 11:58:12,292 | INFO | Buscando preço de ZROUSDT
2026-02-11 11:58:12,553 | INFO | Preço: 2.48 | Média (5): 2.48
2026-02-11 11:58:12,553 | INFO | Resultado: -0.12% | R$ -0.24
2026-02-11 11:58:12,553 | INFO | Abaixo da média (3/3)
2026-02-11 11:58:12,553 | WARNING | 🔴 SAÍDA CONFIRMADA POR MÉDIA | Capital: R$ 998.79
2026-02-11 11:58:17,559 | INFO | Cooldown: 2
2026-02-11 11:58:17,559 | INFO | Buscando preço de ZROUSDT
2026-02-11 11:58:17,819 | INFO | Preço: 2.48 | Média (5): 2.48
2026-02-11 11:58:22,823 | INFO | Cooldown: 1
2026-02-11 11:58:22,823 | INFO | Buscando preço de ZROUSDT
2026-02-11 11:58:23,085 | INFO | Preço: 2.48 | Média (5): 2.48
2026-02-11 11:58:28,091 | INFO | Cooldown: 0
2026-02-11 11:58:28,091 | INFO | Buscando preço de ZROUSDT
2026-02-11 11:58:28,352 | INFO | Preço: 2.48 | Média (5): 2.48
2026-02-11 11:58:28,352 | WARNING | 🟢 ENTRADA | Preço: 2.48 | Capital: R$ 998.79
2026-02-11 11:58:33,354 | INFO | Buscando preço de ZROUSDT
2026-02-11 11:58:33,610 | INFO | Preço: 2.48 | Média (5): 2.48
2026-02-11 11:58:33,610 | INFO | Resultado: -0.08% | R$ -0.16
2026-02-11 11:58:38,618 | INFO | Buscando preço de ZROUSDT
2026-02-11 11:58:38,867 | INFO | Preço: 2.48 | Média (5): 2.48
2026-02-11 11:58:38,867 | INFO | Resultado: 0.00% | R$ 0.00
2026-02-11 11:58:43,882 | INFO | Buscando preço de ZROUSDT
2026-02-11 11:58:44,149 | INFO | Preço: 2.49 | Média (5): 2.48
2026-02-11 11:58:44,149 | INFO | Resultado: 0.20% | R$ 0.40
2026-02-11 11:58:44,149 | WARNING | 🟢  TAKE PROFIT | Capital: R$ 999.19
2026-02-11 11:58:49,151 | INFO | Cooldown: 2
2026-02-11 11:58:49,151 | INFO | Buscando preço de ZROUSDT
2026-02-11 11:58:49,416 | INFO | Preço: 2.49 | Média (5): 2.49
2026-02-11 11:58:54,419 | INFO | Cooldown: 1
2026-02-11 11:58:54,419 | INFO | Buscando preço de ZROUSDT
2026-02-11 11:58:54,666 | INFO | Preço: 2.49 | Média (5): 2.49
2026-02-11 11:58:59,681 | INFO | Cooldown: 0
2026-02-11 11:58:59,681 | INFO | Buscando preço de ZROUSDT
2026-02-11 11:58:59,948 | INFO | Preço: 2.49 | Média (5): 2.49
2026-02-11 11:58:59,948 | WARNING | 🟢 ENTRADA | Preço: 2.49 | Capital: R$ 999.19
2026-02-11 11:59:04,949 | INFO | Buscando preço de ZROUSDT
2026-02-11 11:59:05,215 | INFO | Preço: 2.49 | Média (5): 2.49
2026-02-11 11:59:05,215 | INFO | Resultado: 0.00% | R$ 0.00
2026-02-11 11:59:05,215 | INFO | Abaixo da média (1/3)
2026-02-11 11:59:10,221 | INFO | Buscando preço de ZROUSDT
2026-02-11 11:59:10,481 | INFO | Preço: 2.49 | Média (5): 2.49
2026-02-11 11:59:10,481 | INFO | Resultado: 0.08% | R$ 0.16
2026-02-11 11:59:10,481 | WARNING | 🟢  TAKE PROFIT | Capital: R$ 999.35
2026-02-11 11:59:15,493 | INFO | Cooldown: 2
2026-02-11 11:59:15,493 | INFO | Buscando preço de ZROUSDT
2026-02-11 11:59:15,764 | INFO | Preço: 2.49 | Média (5): 2.49
2026-02-11 11:59:20,768 | INFO | Cooldown: 1
2026-02-11 11:59:20,768 | INFO | Buscando preço de ZROUSDT
2026-02-11 11:59:21,030 | INFO | Preço: 2.50 | Média (5): 2.49
2026-02-11 11:59:26,038 | INFO | Cooldown: 0
2026-02-11 11:59:26,038 | INFO | Buscando preço de ZROUSDT
2026-02-11 11:59:26,296 | INFO | Preço: 2.49 | Média (5): 2.49
2026-02-11 11:59:26,296 | WARNING | 🟢 ENTRADA | Preço: 2.49 | Capital: R$ 999.35
2026-02-11 11:59:31,310 | INFO | Buscando preço de ZROUSDT
2026-02-11 11:59:31,576 | INFO | Preço: 2.48 | Média (5): 2.49
2026-02-11 11:59:31,576 | INFO | Resultado: -0.40% | R$ -0.80
2026-02-11 11:59:31,577 | WARNING | 🔴 STOP LOSS | Capital: R$ 998.55
2026-02-11 11:59:36,577 | INFO | Cooldown: 2
2026-02-11 11:59:36,577 | INFO | Buscando preço de ZROUSDT
2026-02-11 11:59:36,828 | INFO | Preço: 2.48 | Média (5): 2.49
2026-02-11 11:59:41,840 | INFO | Cooldown: 1
2026-02-11 11:59:41,840 | INFO | Buscando preço de ZROUSDT
2026-02-11 11:59:42,108 | INFO | Preço: 2.48 | Média (5): 2.49
2026-02-11 11:59:47,110 | INFO | Cooldown: 0
2026-02-11 11:59:47,110 | INFO | Buscando preço de ZROUSDT
2026-02-11 11:59:47,888 | INFO | Preço: 2.48 | Média (5): 2.48
2026-02-11 11:59:52,889 | INFO | Buscando preço de ZROUSDT
2026-02-11 11:59:53,156 | INFO | Preço: 2.49 | Média (5): 2.48
2026-02-11 11:59:53,156 | WARNING | 🟢 ENTRADA | Preço: 2.49 | Capital: R$ 998.55
2026-02-11 11:59:58,157 | INFO | Buscando preço de ZROUSDT
2026-02-11 11:59:58,420 | INFO | Preço: 2.49 | Média (5): 2.48
2026-02-11 11:59:58,421 | INFO | Resultado: -0.04% | R$ -0.08
2026-02-11 12:00:03,422 | INFO | Buscando preço de ZROUSDT
2026-02-11 12:00:03,692 | INFO | Preço: 2.49 | Média (5): 2.49
2026-02-11 12:00:03,693 | INFO | Resultado: 0.04% | R$ 0.08
2026-02-11 12:00:08,694 | INFO | Buscando preço de ZROUSDT
2026-02-11 12:00:08,964 | INFO | Preço: 2.49 | Média (5): 2.49
2026-02-11 12:00:08,965 | INFO | Resultado: 0.12% | R$ 0.24
2026-02-11 12:00:08,965 | WARNING | 🟢  TAKE PROFIT | Capital: R$ 998.79
2026-02-11 12:00:13,967 | INFO | Cooldown: 2
2026-02-11 12:00:13,967 | INFO | Buscando preço de ZROUSDT
2026-02-11 12:00:14,233 | INFO | Preço: 2.50 | Média (5): 2.49
2026-02-11 12:00:19,235 | INFO | Cooldown: 1
2026-02-11 12:00:19,235 | INFO | Buscando preço de ZROUSDT
2026-02-11 12:00:19,501 | INFO | Preço: 2.50 | Média (5): 2.49
2026-02-11 12:00:24,502 | INFO | Cooldown: 0
2026-02-11 12:00:24,502 | INFO | Buscando preço de ZROUSDT
2026-02-11 12:00:24,771 | INFO | Preço: 2.50 | Média (5): 2.49
2026-02-11 12:00:24,771 | WARNING | 🟢 ENTRADA | Preço: 2.50 | Capital: R$ 998.79
2026-02-11 12:00:29,772 | INFO | Buscando preço de ZROUSDT
2026-02-11 12:00:30,034 | INFO | Preço: 2.50 | Média (5): 2.50
2026-02-11 12:00:30,035 | INFO | Resultado: 0.12% | R$ 0.24
2026-02-11 12:00:30,035 | WARNING | 🟢  TAKE PROFIT | Capital: R$ 999.03
2026-02-11 12:00:35,036 | INFO | Cooldown: 2
2026-02-11 12:00:35,036 | INFO | Buscando preço de ZROUSDT
2026-02-11 12:00:35,304 | INFO | Preço: 2.50 | Média (5): 2.50
2026-02-11 12:00:40,306 | INFO | Cooldown: 1
2026-02-11 12:00:40,306 | INFO | Buscando preço de ZROUSDT
2026-02-11 12:00:40,573 | INFO | Preço: 2.50 | Média (5): 2.50
2026-02-11 12:00:45,576 | INFO | Cooldown: 0
2026-02-11 12:00:45,576 | INFO | Buscando preço de ZROUSDT
2026-02-11 12:00:45,842 | INFO | Preço: 2.50 | Média (5): 2.50
2026-02-11 12:00:50,842 | INFO | Buscando preço de ZROUSDT
2026-02-11 12:00:51,108 | INFO | Preço: 2.49 | Média (5): 2.50
2026-02-11 12:00:56,109 | INFO | Buscando preço de ZROUSDT
2026-02-11 12:00:56,372 | INFO | Preço: 2.49 | Média (5): 2.50
2026-02-11 12:01:01,374 | INFO | Buscando preço de ZROUSDT
2026-02-11 12:01:01,637 | INFO | Preço: 2.49 | Média (5): 2.50
2026-02-11 12:01:06,642 | INFO | Buscando preço de ZROUSDT
2026-02-11 12:01:06,910 | INFO | Preço: 2.49 | Média (5): 2.49
2026-02-11 12:01:11,911 | INFO | Buscando preço de ZROUSDT
2026-02-11 12:01:12,176 | INFO | Preço: 2.49 | Média (5): 2.49
2026-02-11 12:01:17,178 | INFO | Buscando preço de ZROUSDT
2026-02-11 12:01:17,436 | INFO | Preço: 2.48 | Média (5): 2.49
2026-02-11 12:01:22,444 | INFO | Buscando preço de ZROUSDT
2026-02-11 12:01:22,702 | INFO | Preço: 2.48 | Média (5): 2.49
2026-02-11 12:01:27,714 | INFO | Buscando preço de ZROUSDT
2026-02-11 12:01:27,980 | INFO | Preço: 2.48 | Média (5): 2.49
2026-02-11 12:01:32,982 | INFO | Buscando preço de ZROUSDT
2026-02-11 12:01:33,248 | INFO | Preço: 2.48 | Média (5): 2.48
2026-02-11 12:01:38,249 | INFO | Buscando preço de ZROUSDT
2026-02-11 12:01:38,515 | INFO | Preço: 2.48 | Média (5): 2.48
2026-02-11 12:01:43,517 | INFO | Buscando preço de ZROUSDT
2026-02-11 12:01:43,784 | INFO | Preço: 2.48 | Média (5): 2.48
2026-02-11 12:01:48,785 | INFO | Buscando preço de ZROUSDT
2026-02-11 12:01:49,050 | INFO | Preço: 2.48 | Média (5): 2.48
2026-02-11 12:01:49,051 | WARNING | 🟢 ENTRADA | Preço: 2.48 | Capital: R$ 999.03
2026-02-11 12:01:54,052 | INFO | Buscando preço de ZROUSDT
2026-02-11 12:01:54,316 | INFO | Preço: 2.48 | Média (5): 2.48
2026-02-11 12:01:54,316 | INFO | Resultado: -0.04% | R$ -0.08
2026-02-11 12:01:54,316 | INFO | Abaixo da média (1/3)
2026-02-11 12:01:59,323 | INFO | Buscando preço de ZROUSDT
2026-02-11 12:01:59,582 | INFO | Preço: 2.48 | Média (5): 2.48
2026-02-11 12:01:59,582 | INFO | Resultado: -0.12% | R$ -0.24
2026-02-11 12:01:59,582 | INFO | Abaixo da média (2/3)
2026-02-11 12:02:04,594 | INFO | Buscando preço de ZROUSDT
2026-02-11 12:02:04,848 | INFO | Preço: 2.47 | Média (5): 2.48
2026-02-11 12:02:04,848 | INFO | Resultado: -0.28% | R$ -0.56
2026-02-11 12:02:04,848 | INFO | Abaixo da média (3/3)
2026-02-11 12:02:04,848 | WARNING | 🔴 SAÍDA CONFIRMADA POR MÉDIA | Capital: R$ 998.47
2026-02-11 12:02:09,858 | INFO | Cooldown: 2
2026-02-11 12:02:09,858 | INFO | Buscando preço de ZROUSDT
2026-02-11 12:02:10,121 | INFO | Preço: 2.47 | Média (5): 2.48
2026-02-11 12:02:15,122 | INFO | Cooldown: 1
2026-02-11 12:02:15,122 | INFO | Buscando preço de ZROUSDT
2026-02-11 12:02:15,388 | INFO | Preço: 2.48 | Média (5): 2.48
2026-02-11 12:02:20,389 | INFO | Cooldown: 0
2026-02-11 12:02:20,389 | INFO | Buscando preço de ZROUSDT
2026-02-11 12:02:20,656 | INFO | Preço: 2.48 | Média (5): 2.48
2026-02-11 12:02:20,656 | WARNING | 🟢 ENTRADA | Preço: 2.48 | Capital: R$ 998.47
2026-02-11 12:02:25,657 | INFO | Buscando preço de ZROUSDT
2026-02-11 12:02:25,924 | INFO | Preço: 2.48 | Média (5): 2.48
2026-02-11 12:02:25,925 | INFO | Resultado: -0.04% | R$ -0.08
2026-02-11 12:02:30,926 | INFO | Buscando preço de ZROUSDT
2026-02-11 12:02:31,191 | INFO | Preço: 2.48 | Média (5): 2.48
2026-02-11 12:02:31,191 | INFO | Resultado: -0.04% | R$ -0.08
2026-02-11 12:02:36,192 | INFO | Buscando preço de ZROUSDT
2026-02-11 12:02:36,461 | INFO | Preço: 2.48 | Média (5): 2.48
2026-02-11 12:02:36,462 | INFO | Resultado: -0.08% | R$ -0.16
2026-02-11 12:02:36,462 | INFO | Abaixo da média (1/3)
2026-02-11 12:02:41,463 | INFO | Buscando preço de ZROUSDT
2026-02-11 12:02:41,730 | INFO | Preço: 2.49 | Média (5): 2.48
2026-02-11 12:02:41,731 | INFO | Resultado: 0.32% | R$ 0.64
2026-02-11 12:02:41,731 | WARNING | 🟢  TAKE PROFIT | Capital: R$ 999.11
2026-02-11 12:02:46,732 | INFO | Cooldown: 2
2026-02-11 12:02:46,732 | INFO | Buscando preço de ZROUSDT
2026-02-11 12:02:46,995 | INFO | Preço: 2.49 | Média (5): 2.48
2026-02-11 12:02:51,996 | INFO | Cooldown: 1
2026-02-11 12:02:51,996 | INFO | Buscando preço de ZROUSDT
2026-02-11 12:02:52,262 | INFO | Preço: 2.49 | Média (5): 2.49
2026-02-11 12:02:57,264 | INFO | Cooldown: 0
2026-02-11 12:02:57,264 | INFO | Buscando preço de ZROUSDT
2026-02-11 12:02:57,533 | INFO | Preço: 2.48 | Média (5): 2.49
2026-02-11 12:03:02,535 | INFO | Buscando preço de ZROUSDT
2026-02-11 12:03:02,798 | INFO | Preço: 2.48 | Média (5): 2.49
2026-02-11 12:03:07,798 | INFO | Buscando preço de ZROUSDT
2026-02-11 12:03:08,064 | INFO | Preço: 2.48 | Média (5): 2.49
2026-02-11 12:03:13,064 | INFO | Buscando preço de ZROUSDT
2026-02-11 12:03:13,326 | INFO | Preço: 2.48 | Média (5): 2.49
2026-02-11 12:03:18,328 | INFO | Buscando preço de ZROUSDT
2026-02-11 12:03:18,592 | INFO | Preço: 2.48 | Média (5): 2.48
2026-02-11 12:03:23,593 | INFO | Buscando preço de ZROUSDT
2026-02-11 12:03:23,858 | INFO | Preço: 2.48 | Média (5): 2.48
2026-02-11 12:03:28,859 | INFO | Buscando preço de ZROUSDT
2026-02-11 12:03:29,124 | INFO | Preço: 2.48 | Média (5): 2.48
2026-02-11 12:03:34,125 | INFO | Buscando preço de ZROUSDT
2026-02-11 12:03:34,395 | INFO | Preço: 2.48 | Média (5): 2.48
2026-02-11 12:03:39,397 | INFO | Buscando preço de ZROUSDT
2026-02-11 12:03:39,666 | INFO | Preço: 2.48 | Média (5): 2.48
2026-02-11 12:03:44,667 | INFO | Buscando preço de ZROUSDT
2026-02-11 12:03:44,934 | INFO | Preço: 2.48 | Média (5): 2.48
2026-02-11 12:03:44,935 | WARNING | 🟢 ENTRADA | Preço: 2.48 | Capital: R$ 999.11
2026-02-11 12:03:49,936 | INFO | Buscando preço de ZROUSDT
2026-02-11 12:03:50,189 | INFO | Preço: 2.48 | Média (5): 2.48
2026-02-11 12:03:50,189 | INFO | Resultado: -0.04% | R$ -0.08
2026-02-11 12:03:50,189 | INFO | Abaixo da média (1/3)
2026-02-11 12:03:55,203 | INFO | Buscando preço de ZROUSDT
2026-02-11 12:03:55,467 | INFO | Preço: 2.48 | Média (5): 2.48
2026-02-11 12:03:55,467 | INFO | Resultado: 0.04% | R$ 0.08
2026-02-11 12:04:00,471 | INFO | Buscando preço de ZROUSDT
2026-02-11 12:04:00,721 | INFO | Preço: 2.47 | Média (5): 2.48
2026-02-11 12:04:00,721 | INFO | Resultado: -0.12% | R$ -0.24
2026-02-11 12:04:00,721 | INFO | Abaixo da média (1/3)
2026-02-11 12:04:05,734 | INFO | Buscando preço de ZROUSDT
2026-02-11 12:04:05,987 | INFO | Preço: 2.46 | Média (5): 2.47
2026-02-11 12:04:05,987 | INFO | Resultado: -0.57% | R$ -1.13
2026-02-11 12:04:05,987 | WARNING | 🔴 STOP LOSS | Capital: R$ 997.98
2026-02-11 12:04:11,002 | INFO | Cooldown: 2
2026-02-11 12:04:11,002 | INFO | Buscando preço de ZROUSDT
2026-02-11 12:04:11,254 | INFO | Preço: 2.46 | Média (5): 2.47
2026-02-11 12:04:16,269 | INFO | Cooldown: 1
2026-02-11 12:04:16,269 | INFO | Buscando preço de ZROUSDT
2026-02-11 12:04:16,541 | INFO | Preço: 2.47 | Média (5): 2.47
2026-02-11 12:04:21,542 | INFO | Cooldown: 0
2026-02-11 12:04:21,542 | INFO | Buscando preço de ZROUSDT
2026-02-11 12:04:21,803 | INFO | Preço: 2.46 | Média (5): 2.47
2026-02-11 12:04:26,805 | INFO | Buscando preço de ZROUSDT
2026-02-11 12:04:27,069 | INFO | Preço: 2.46 | Média (5): 2.46
2026-02-11 12:04:32,070 | INFO | Buscando preço de ZROUSDT
2026-02-11 12:04:32,335 | INFO | Preço: 2.46 | Média (5): 2.46
2026-02-11 12:04:37,339 | INFO | Buscando preço de ZROUSDT
2026-02-11 12:04:37,601 | INFO | Preço: 2.46 | Média (5): 2.46
2026-02-11 12:04:42,604 | INFO | Buscando preço de ZROUSDT
2026-02-11 12:04:42,867 | INFO | Preço: 2.46 | Média (5): 2.46
2026-02-11 12:04:42,867 | WARNING | 🟢 ENTRADA | Preço: 2.46 | Capital: R$ 997.98
2026-02-11 12:04:47,871 | INFO | Buscando preço de ZROUSDT
2026-02-11 12:04:48,134 | INFO | Preço: 2.46 | Média (5): 2.46
2026-02-11 12:04:48,134 | INFO | Resultado: 0.00% | R$ 0.00
2026-02-11 12:04:53,141 | INFO | Buscando preço de ZROUSDT
2026-02-11 12:04:53,406 | INFO | Preço: 2.47 | Média (5): 2.46
2026-02-11 12:04:53,407 | INFO | Resultado: 0.20% | R$ 0.41
2026-02-11 12:04:53,407 | WARNING | 🟢  TAKE PROFIT | Capital: R$ 998.39
2026-02-11 12:04:58,408 | INFO | Cooldown: 2
2026-02-11 12:04:58,408 | INFO | Buscando preço de ZROUSDT
2026-02-11 12:04:58,666 | INFO | Preço: 2.47 | Média (5): 2.47
2026-02-11 12:05:03,673 | INFO | Cooldown: 1
2026-02-11 12:05:03,673 | INFO | Buscando preço de ZROUSDT
2026-02-11 12:05:03,932 | INFO | Preço: 2.47 | Média (5): 2.47
2026-02-11 12:05:08,944 | INFO | Cooldown: 0
2026-02-11 12:05:08,944 | INFO | Buscando preço de ZROUSDT
2026-02-11 12:05:09,198 | INFO | Preço: 2.47 | Média (5): 2.47
2026-02-11 12:05:09,198 | WARNING | 🟢 ENTRADA | Preço: 2.47 | Capital: R$ 998.39
2026-02-11 12:05:14,209 | INFO | Buscando preço de ZROUSDT
2026-02-11 12:05:14,476 | INFO | Preço: 2.47 | Média (5): 2.47
2026-02-11 12:05:14,477 | INFO | Resultado: 0.00% | R$ 0.00
2026-02-11 12:05:19,478 | INFO | Buscando preço de ZROUSDT
2026-02-11 12:05:19,731 | INFO | Preço: 2.47 | Média (5): 2.47
2026-02-11 12:05:19,731 | INFO | Resultado: 0.04% | R$ 0.08
2026-02-11 12:05:24,744 | INFO | Buscando preço de ZROUSDT
2026-02-11 12:05:24,997 | INFO | Preço: 2.48 | Média (5): 2.47
2026-02-11 12:05:24,997 | INFO | Resultado: 0.12% | R$ 0.24
2026-02-11 12:05:24,997 | WARNING | 🟢  TAKE PROFIT | Capital: R$ 998.63
2026-02-11 12:05:30,012 | INFO | Cooldown: 2
2026-02-11 12:05:30,012 | INFO | Buscando preço de ZROUSDT
2026-02-11 12:05:30,280 | INFO | Preço: 2.48 | Média (5): 2.47
2026-02-11 12:05:35,284 | INFO | Cooldown: 1
2026-02-11 12:05:35,284 | INFO | Buscando preço de ZROUSDT
2026-02-11 12:05:35,549 | INFO | Preço: 2.48 | Média (5): 2.48
2026-02-11 12:05:40,550 | INFO | Cooldown: 0
2026-02-11 12:05:40,550 | INFO | Buscando preço de ZROUSDT
2026-02-11 12:05:40,811 | INFO | Preço: 2.48 | Média (5): 2.48
2026-02-11 12:05:40,812 | WARNING | 🟢 ENTRADA | Preço: 2.48 | Capital: R$ 998.63
2026-02-11 12:05:45,813 | INFO | Buscando preço de ZROUSDT
2026-02-11 12:05:46,078 | INFO | Preço: 2.48 | Média (5): 2.48
2026-02-11 12:05:46,078 | INFO | Resultado: 0.00% | R$ 0.00
2026-02-11 12:05:51,080 | INFO | Buscando preço de ZROUSDT
2026-02-11 12:05:51,345 | INFO | Preço: 2.48 | Média (5): 2.48
2026-02-11 12:05:51,345 | INFO | Resultado: 0.08% | R$ 0.16
2026-02-11 12:05:51,345 | WARNING | 🟢  TAKE PROFIT | Capital: R$ 998.79
2026-02-11 12:05:56,347 | INFO | Cooldown: 2
2026-02-11 12:05:56,347 | INFO | Buscando preço de ZROUSDT
2026-02-11 12:05:56,611 | INFO | Preço: 2.48 | Média (5): 2.48
2026-02-11 12:06:01,615 | INFO | Cooldown: 1
2026-02-11 12:06:01,615 | INFO | Buscando preço de ZROUSDT
2026-02-11 12:06:01,877 | INFO | Preço: 2.48 | Média (5): 2.48
2026-02-11 12:06:06,881 | INFO | Cooldown: 0
2026-02-11 12:06:06,881 | INFO | Buscando preço de ZROUSDT
2026-02-11 12:06:07,147 | INFO | Preço: 2.48 | Média (5): 2.48
2026-02-11 12:06:07,148 | WARNING | 🟢 ENTRADA | Preço: 2.48 | Capital: R$ 998.79
2026-02-11 12:06:12,149 | INFO | Buscando preço de ZROUSDT
2026-02-11 12:06:12,411 | INFO | Preço: 2.48 | Média (5): 2.48
2026-02-11 12:06:12,412 | INFO | Resultado: 0.16% | R$ 0.32
2026-02-11 12:06:12,412 | WARNING | 🟢  TAKE PROFIT | Capital: R$ 999.11
2026-02-11 12:06:17,413 | INFO | Cooldown: 2
2026-02-11 12:06:17,413 | INFO | Buscando preço de ZROUSDT
2026-02-11 12:06:17,676 | INFO | Preço: 2.48 | Média (5): 2.48
2026-02-11 12:06:22,679 | INFO | Cooldown: 1
2026-02-11 12:06:22,679 | INFO | Buscando preço de ZROUSDT
2026-02-11 12:06:22,942 | INFO | Preço: 2.48 | Média (5): 2.48
2026-02-11 12:06:27,945 | INFO | Cooldown: 0
2026-02-11 12:06:27,945 | INFO | Buscando preço de ZROUSDT
2026-02-11 12:06:28,207 | INFO | Preço: 2.47 | Média (5): 2.48
2026-02-11 12:06:33,208 | INFO | Buscando preço de ZROUSDT
2026-02-11 12:06:33,474 | INFO | Preço: 2.48 | Média (5): 2.48
2026-02-11 12:06:38,475 | INFO | Buscando preço de ZROUSDT
2026-02-11 12:06:38,736 | INFO | Preço: 2.47 | Média (5): 2.48
2026-02-11 12:06:43,737 | INFO | Buscando preço de ZROUSDT
2026-02-11 12:06:44,008 | INFO | Preço: 2.48 | Média (5): 2.47
2026-02-11 12:06:44,009 | WARNING | 🟢 ENTRADA | Preço: 2.48 | Capital: R$ 999.11
2026-02-11 12:06:49,010 | INFO | Buscando preço de ZROUSDT
2026-02-11 12:06:49,279 | INFO | Preço: 2.47 | Média (5): 2.47
2026-02-11 12:06:49,279 | INFO | Resultado: -0.36% | R$ -0.73
2026-02-11 12:06:49,280 | WARNING | 🔴 STOP LOSS | Capital: R$ 998.39
2026-02-11 12:06:54,282 | INFO | Cooldown: 2
2026-02-11 12:06:54,282 | INFO | Buscando preço de ZROUSDT
2026-02-11 12:06:54,546 | INFO | Preço: 2.47 | Média (5): 2.47
2026-02-11 12:06:59,547 | INFO | Cooldown: 1
2026-02-11 12:06:59,547 | INFO | Buscando preço de ZROUSDT
2026-02-11 12:06:59,805 | INFO | Preço: 2.46 | Média (5): 2.47
2026-02-11 12:07:04,815 | INFO | Cooldown: 0
2026-02-11 12:07:04,815 | INFO | Buscando preço de ZROUSDT
2026-02-11 12:07:05,084 | INFO | Preço: 2.47 | Média (5): 2.47
2026-02-11 12:07:05,084 | WARNING | 🟢 ENTRADA | Preço: 2.47 | Capital: R$ 998.39
2026-02-11 12:07:10,086 | INFO | Buscando preço de ZROUSDT
2026-02-11 12:07:10,357 | INFO | Preço: 2.47 | Média (5): 2.47
2026-02-11 12:07:10,357 | INFO | Resultado: -0.12% | R$ -0.24
2026-02-11 12:07:15,358 | INFO | Buscando preço de ZROUSDT
2026-02-11 12:07:15,624 | INFO | Preço: 2.47 | Média (5): 2.47
2026-02-11 12:07:15,625 | INFO | Resultado: 0.00% | R$ 0.00
2026-02-11 12:07:20,626 | INFO | Buscando preço de ZROUSDT
2026-02-11 12:07:20,887 | INFO | Preço: 2.47 | Média (5): 2.47
2026-02-11 12:07:20,887 | INFO | Resultado: -0.04% | R$ -0.08
2026-02-11 12:07:25,894 | INFO | Buscando preço de ZROUSDT
2026-02-11 12:07:26,153 | INFO | Preço: 2.47 | Média (5): 2.47
2026-02-11 12:07:26,153 | INFO | Resultado: 0.00% | R$ 0.00
2026-02-11 12:07:31,161 | INFO | Buscando preço de ZROUSDT
2026-02-11 12:07:31,425 | INFO | Preço: 2.47 | Média (5): 2.47
2026-02-11 12:07:31,425 | INFO | Resultado: 0.04% | R$ 0.08
2026-02-11 12:07:36,426 | INFO | Buscando preço de ZROUSDT
2026-02-11 12:07:36,689 | INFO | Preço: 2.47 | Média (5): 2.47
2026-02-11 12:07:36,689 | INFO | Resultado: -0.04% | R$ -0.08
2026-02-11 12:07:36,689 | INFO | Abaixo da média (1/3)
2026-02-11 12:07:41,690 | INFO | Buscando preço de ZROUSDT
2026-02-11 12:07:41,952 | INFO | Preço: 2.46 | Média (5): 2.47
2026-02-11 12:07:41,952 | INFO | Resultado: -0.28% | R$ -0.57
2026-02-11 12:07:41,952 | INFO | Abaixo da média (2/3)
2026-02-11 12:07:46,958 | INFO | Buscando preço de ZROUSDT
2026-02-11 12:07:47,224 | INFO | Preço: 2.46 | Média (5): 2.47
2026-02-11 12:07:47,224 | INFO | Resultado: -0.28% | R$ -0.57
2026-02-11 12:07:47,224 | INFO | Abaixo da média (3/3)
2026-02-11 12:07:47,224 | WARNING | 🔴 SAÍDA CONFIRMADA POR MÉDIA | Capital: R$ 997.82
2026-02-11 12:07:52,227 | INFO | Cooldown: 2
2026-02-11 12:07:52,227 | INFO | Buscando preço de ZROUSDT
2026-02-11 12:07:52,493 | INFO | ========== RELATÓRIO ==========
2026-02-11 12:07:52,493 | INFO | Capital final: R$ 997.82
2026-02-11 12:07:52,494 | INFO | Trades: 19
2026-02-11 12:07:52,494 | INFO | Win rate: 57.89%
2026-02-11 12:07:52,494 | INFO | Lucro total: R$ -2.18
2026-02-11 12:08:53,262 | INFO | Bot iniciado (MÉDIA MÓVEL + TAXA REAL)
2026-02-11 12:08:53,278 | INFO | Criando cliente da Binance
2026-02-11 12:08:54,571 | INFO | Buscando preço de ZROUSDT
2026-02-11 12:08:55,345 | INFO | Aguardando dados da média...
2026-02-11 12:09:00,350 | INFO | Buscando preço de ZROUSDT
2026-02-11 12:09:00,617 | INFO | Aguardando dados da média...
2026-02-11 12:09:05,618 | INFO | Buscando preço de ZROUSDT
2026-02-11 12:09:05,877 | INFO | Aguardando dados da média...
2026-02-11 12:09:10,883 | INFO | Buscando preço de ZROUSDT
2026-02-11 12:09:11,144 | INFO | Aguardando dados da média...
2026-02-11 12:09:16,147 | INFO | Buscando preço de ZROUSDT
2026-02-11 12:09:16,410 | INFO | Preço: 2.46 | Média (5): 2.46
2026-02-11 12:09:21,413 | INFO | Buscando preço de ZROUSDT
2026-02-11 12:09:21,676 | INFO | Preço: 2.46 | Média (5): 2.46
2026-02-11 12:09:26,683 | INFO | Buscando preço de ZROUSDT
2026-02-11 12:09:26,942 | INFO | Preço: 2.45 | Média (5): 2.46
2026-02-11 12:09:31,951 | INFO | Buscando preço de ZROUSDT
2026-02-11 12:09:32,208 | INFO | Preço: 2.45 | Média (5): 2.46
2026-02-11 12:09:37,217 | INFO | Buscando preço de ZROUSDT
2026-02-11 12:09:37,480 | INFO | Preço: 2.45 | Média (5): 2.45
2026-02-11 12:09:42,481 | INFO | Buscando preço de ZROUSDT
2026-02-11 12:09:42,741 | INFO | Preço: 2.45 | Média (5): 2.45
2026-02-11 12:09:47,751 | INFO | Buscando preço de ZROUSDT
2026-02-11 12:09:48,007 | INFO | Preço: 2.45 | Média (5): 2.45
2026-02-11 12:09:53,014 | INFO | Buscando preço de ZROUSDT
2026-02-11 12:09:53,273 | INFO | Preço: 2.45 | Média (5): 2.45
2026-02-11 12:09:58,281 | INFO | Buscando preço de ZROUSDT
2026-02-11 12:09:58,539 | INFO | Preço: 2.45 | Média (5): 2.45
2026-02-11 12:09:58,539 | WARNING | 🟢 ENTRADA | Preço: 2.45 | Investido: R$ 199.80
2026-02-11 12:10:03,548 | INFO | Buscando preço de ZROUSDT
2026-02-11 12:10:03,806 | INFO | Preço: 2.46 | Média (5): 2.45
2026-02-11 12:10:03,806 | INFO | Resultado real: -0.02% | R$ -0.04
2026-02-11 12:10:08,812 | INFO | Buscando preço de ZROUSDT
2026-02-11 12:10:09,075 | INFO | Preço: 2.46 | Média (5): 2.45
2026-02-11 12:10:09,075 | INFO | Resultado real: 0.18% | R$ 0.37
2026-02-11 12:10:09,075 | WARNING | 🟢 TAKE PROFIT | Capital: R$ 1000.37
2026-02-11 12:10:14,082 | INFO | Cooldown: 2
2026-02-11 12:10:14,082 | INFO | Buscando preço de ZROUSDT
2026-02-11 12:10:14,340 | INFO | Preço: 2.46 | Média (5): 2.46
2026-02-11 12:10:19,348 | INFO | Cooldown: 1
2026-02-11 12:10:19,348 | INFO | Buscando preço de ZROUSDT
2026-02-11 12:10:19,604 | INFO | Preço: 2.46 | Média (5): 2.46
2026-02-11 12:10:24,618 | INFO | Cooldown: 0
2026-02-11 12:10:24,618 | INFO | Buscando preço de ZROUSDT
2026-02-11 12:10:24,881 | INFO | Preço: 2.46 | Média (5): 2.46
2026-02-11 12:10:24,882 | WARNING | 🟢 ENTRADA | Preço: 2.46 | Investido: R$ 199.87
2026-02-11 12:10:29,883 | INFO | Buscando preço de ZROUSDT
2026-02-11 12:10:30,149 | INFO | Preço: 2.46 | Média (5): 2.46
2026-02-11 12:10:30,150 | INFO | Resultado real: -0.14% | R$ -0.28
2026-02-11 12:10:30,150 | INFO | Abaixo da média (1/3)
2026-02-11 12:10:35,151 | INFO | Buscando preço de ZROUSDT
2026-02-11 12:10:35,418 | INFO | Preço: 2.46 | Média (5): 2.46
2026-02-11 12:10:35,418 | INFO | Resultado real: -0.02% | R$ -0.04
2026-02-11 12:10:40,420 | INFO | Buscando preço de ZROUSDT
2026-02-11 12:10:40,669 | INFO | Preço: 2.46 | Média (5): 2.46
2026-02-11 12:10:40,685 | INFO | Resultado real: -0.02% | R$ -0.04
2026-02-11 12:10:45,685 | INFO | Buscando preço de ZROUSDT
2026-02-11 12:10:45,952 | INFO | Preço: 2.46 | Média (5): 2.46
2026-02-11 12:10:45,952 | INFO | Resultado real: -0.18% | R$ -0.36
2026-02-11 12:10:45,952 | INFO | Abaixo da média (1/3)
2026-02-11 12:10:50,958 | INFO | Buscando preço de ZROUSDT
2026-02-11 12:10:51,218 | INFO | Preço: 2.46 | Média (5): 2.46
2026-02-11 12:10:51,218 | INFO | Resultado real: -0.18% | R$ -0.36
2026-02-11 12:10:51,218 | INFO | Abaixo da média (2/3)
2026-02-11 12:10:56,227 | INFO | Buscando preço de ZROUSDT
2026-02-11 12:10:56,984 | INFO | Preço: 2.46 | Média (5): 2.46
2026-02-11 12:10:56,984 | INFO | Resultado real: -0.26% | R$ -0.52
2026-02-11 12:10:56,984 | INFO | Abaixo da média (3/3)
2026-02-11 12:10:56,984 | WARNING | 🔴 SAÍDA CONFIRMADA POR MÉDIA | Capital: R$ 999.85
2026-02-11 12:11:01,998 | INFO | Cooldown: 2
2026-02-11 12:11:01,998 | INFO | Buscando preço de ZROUSDT
2026-02-11 12:11:02,267 | INFO | Preço: 2.45 | Média (5): 2.46
2026-02-11 12:11:07,269 | INFO | Cooldown: 1
2026-02-11 12:11:07,269 | INFO | Buscando preço de ZROUSDT
2026-02-11 12:11:07,534 | INFO | Preço: 2.45 | Média (5): 2.46
2026-02-11 12:11:12,536 | INFO | Cooldown: 0
2026-02-11 12:11:12,536 | INFO | Buscando preço de ZROUSDT
2026-02-11 12:11:12,800 | INFO | Preço: 2.45 | Média (5): 2.45
2026-02-11 12:11:17,801 | INFO | Buscando preço de ZROUSDT
2026-02-11 12:11:18,066 | INFO | Preço: 2.45 | Média (5): 2.45
2026-02-11 12:11:23,068 | INFO | Buscando preço de ZROUSDT
2026-02-11 12:11:23,334 | INFO | Preço: 2.45 | Média (5): 2.45
2026-02-11 12:11:28,335 | INFO | Buscando preço de ZROUSDT
2026-02-11 12:11:28,599 | INFO | Preço: 2.44 | Média (5): 2.45
2026-02-11 12:11:33,604 | INFO | Buscando preço de ZROUSDT
2026-02-11 12:11:33,864 | INFO | Preço: 2.44 | Média (5): 2.45
2026-02-11 12:11:38,874 | INFO | Buscando preço de ZROUSDT
2026-02-11 12:11:39,130 | INFO | Preço: 2.44 | Média (5): 2.44
2026-02-11 12:11:44,146 | INFO | Buscando preço de ZROUSDT
2026-02-11 12:11:44,413 | INFO | Preço: 2.44 | Média (5): 2.44
2026-02-11 12:11:49,415 | INFO | Buscando preço de ZROUSDT
2026-02-11 12:11:49,680 | INFO | Preço: 2.44 | Média (5): 2.44
2026-02-11 12:11:54,683 | INFO | Buscando preço de ZROUSDT
2026-02-11 12:11:54,946 | INFO | Preço: 2.43 | Média (5): 2.44
2026-02-11 12:11:59,953 | INFO | Buscando preço de ZROUSDT
2026-02-11 12:12:00,729 | INFO | Preço: 2.43 | Média (5): 2.43
2026-02-11 12:12:05,733 | INFO | Buscando preço de ZROUSDT
2026-02-11 12:12:05,996 | INFO | Preço: 2.43 | Média (5): 2.43
2026-02-11 12:12:10,997 | INFO | Buscando preço de ZROUSDT
2026-02-11 12:12:11,778 | INFO | Preço: 2.44 | Média (5): 2.43
2026-02-11 12:12:11,778 | WARNING | 🟢 ENTRADA | Preço: 2.44 | Investido: R$ 199.77
2026-02-11 12:12:16,791 | INFO | Buscando preço de ZROUSDT
2026-02-11 12:12:17,044 | INFO | Preço: 2.44 | Média (5): 2.43
2026-02-11 12:12:17,044 | INFO | Resultado real: -0.18% | R$ -0.36
2026-02-11 12:12:22,055 | INFO | Buscando preço de ZROUSDT
2026-02-11 12:12:22,321 | INFO | Preço: 2.44 | Média (5): 2.43
2026-02-11 12:12:22,322 | INFO | Resultado real: -0.14% | R$ -0.28
2026-02-11 12:12:27,322 | INFO | Buscando preço de ZROUSDT
2026-02-11 12:12:27,577 | INFO | Preço: 2.44 | Média (5): 2.44
2026-02-11 12:12:27,577 | INFO | Resultado real: 0.06% | R$ 0.13
2026-02-11 12:12:27,577 | WARNING | 🟢 TAKE PROFIT | Capital: R$ 999.97
2026-02-11 12:12:32,590 | INFO | Cooldown: 2
2026-02-11 12:12:32,590 | INFO | Buscando preço de ZROUSDT
2026-02-11 12:12:32,860 | INFO | Preço: 2.44 | Média (5): 2.44
2026-02-11 12:12:37,861 | INFO | Cooldown: 1
2026-02-11 12:12:37,861 | INFO | Buscando preço de ZROUSDT
2026-02-11 12:12:38,125 | INFO | Preço: 2.45 | Média (5): 2.44
2026-02-11 12:12:43,128 | INFO | Cooldown: 0
2026-02-11 12:12:43,128 | INFO | Buscando preço de ZROUSDT
2026-02-11 12:12:43,392 | INFO | Preço: 2.44 | Média (5): 2.44
2026-02-11 12:12:43,392 | WARNING | 🟢 ENTRADA | Preço: 2.44 | Investido: R$ 199.79
2026-02-11 12:12:48,401 | INFO | Buscando preço de ZROUSDT
2026-02-11 12:12:48,658 | INFO | Preço: 2.45 | Média (5): 2.44
2026-02-11 12:12:48,658 | INFO | Resultado real: 0.15% | R$ 0.29
2026-02-11 12:12:48,658 | WARNING | 🟢 TAKE PROFIT | Capital: R$ 1000.26
2026-02-11 12:12:53,669 | INFO | Cooldown: 2
2026-02-11 12:12:53,669 | INFO | Buscando preço de ZROUSDT
2026-02-11 12:12:53,924 | INFO | Preço: 2.44 | Média (5): 2.45
2026-02-11 12:12:58,936 | INFO | Cooldown: 1
2026-02-11 12:12:58,936 | INFO | Buscando preço de ZROUSDT
2026-02-11 12:12:59,723 | INFO | Preço: 2.45 | Média (5): 2.45
2026-02-11 12:13:04,726 | INFO | Cooldown: 0
2026-02-11 12:13:04,726 | INFO | Buscando preço de ZROUSDT
2026-02-11 12:13:04,992 | INFO | Preço: 2.45 | Média (5): 2.45
2026-02-11 12:13:04,992 | WARNING | 🟢 ENTRADA | Preço: 2.45 | Investido: R$ 199.85
2026-02-11 12:13:09,993 | INFO | Buscando preço de ZROUSDT
2026-02-11 12:13:10,256 | INFO | Preço: 2.44 | Média (5): 2.45
2026-02-11 12:13:10,256 | INFO | Resultado real: -0.26% | R$ -0.53
2026-02-11 12:13:10,256 | INFO | Abaixo da média (1/3)
2026-02-11 12:13:15,262 | INFO | Buscando preço de ZROUSDT
2026-02-11 12:13:15,522 | INFO | Preço: 2.44 | Média (5): 2.45
2026-02-11 12:13:15,522 | INFO | Resultado real: -0.34% | R$ -0.69
2026-02-11 12:13:15,522 | WARNING | 🔴 STOP LOSS | Capital: R$ 999.57
2026-02-11 12:13:20,530 | INFO | Cooldown: 2
2026-02-11 12:13:20,530 | INFO | Buscando preço de ZROUSDT
2026-02-11 12:13:20,788 | INFO | Preço: 2.43 | Média (5): 2.44
2026-02-11 12:13:25,795 | INFO | Cooldown: 1
2026-02-11 12:13:25,795 | INFO | Buscando preço de ZROUSDT
2026-02-11 12:13:26,054 | INFO | Preço: 2.44 | Média (5): 2.44
2026-02-11 12:13:31,064 | INFO | Cooldown: 0
2026-02-11 12:13:31,064 | INFO | Buscando preço de ZROUSDT
2026-02-11 12:13:31,321 | INFO | Preço: 2.43 | Média (5): 2.44
2026-02-11 12:13:36,333 | INFO | Buscando preço de ZROUSDT
2026-02-11 12:13:36,587 | INFO | Preço: 2.43 | Média (5): 2.44
2026-02-11 12:13:41,599 | INFO | Buscando preço de ZROUSDT
2026-02-11 12:13:41,853 | INFO | Preço: 2.43 | Média (5): 2.43
2026-02-11 12:13:46,863 | INFO | Buscando preço de ZROUSDT
2026-02-11 12:13:47,119 | INFO | Preço: 2.43 | Média (5): 2.43
2026-02-11 12:13:52,129 | INFO | Buscando preço de ZROUSDT
2026-02-11 12:13:52,392 | INFO | Preço: 2.44 | Média (5): 2.43
2026-02-11 12:13:52,393 | WARNING | 🟢 ENTRADA | Preço: 2.44 | Investido: R$ 199.71
2026-02-11 12:13:57,394 | INFO | Buscando preço de ZROUSDT
2026-02-11 12:13:57,652 | INFO | Preço: 2.44 | Média (5): 2.43
2026-02-11 12:13:57,652 | INFO | Resultado real: 0.11% | R$ 0.21
2026-02-11 12:13:57,652 | WARNING | 🟢 TAKE PROFIT | Capital: R$ 999.78
2026-02-11 12:14:02,663 | INFO | Cooldown: 2
2026-02-11 12:14:02,663 | INFO | Buscando preço de ZROUSDT
2026-02-11 12:14:02,930 | INFO | Preço: 2.44 | Média (5): 2.44
2026-02-11 12:14:07,931 | INFO | Cooldown: 1
2026-02-11 12:14:07,931 | INFO | Buscando preço de ZROUSDT
2026-02-11 12:14:08,196 | INFO | Preço: 2.44 | Média (5): 2.44
2026-02-11 12:14:13,198 | INFO | Cooldown: 0
2026-02-11 12:14:13,198 | INFO | Buscando preço de ZROUSDT
2026-02-11 12:14:13,464 | INFO | Preço: 2.44 | Média (5): 2.44
2026-02-11 12:14:13,464 | WARNING | 🟢 ENTRADA | Preço: 2.44 | Investido: R$ 199.76
2026-02-11 12:14:18,465 | INFO | Buscando preço de ZROUSDT
2026-02-11 12:14:18,716 | INFO | Preço: 2.44 | Média (5): 2.44
2026-02-11 12:14:18,716 | INFO | Resultado real: -0.22% | R$ -0.44
2026-02-11 12:14:18,732 | INFO | Abaixo da média (1/3)
2026-02-11 12:14:23,732 | INFO | Buscando preço de ZROUSDT
2026-02-11 12:14:24,003 | INFO | Preço: 2.44 | Média (5): 2.44
2026-02-11 12:14:24,004 | INFO | Resultado real: -0.35% | R$ -0.69
2026-02-11 12:14:24,004 | WARNING | 🔴 STOP LOSS | Capital: R$ 999.09
2026-02-11 12:14:29,005 | INFO | Cooldown: 2
2026-02-11 12:14:29,005 | INFO | Buscando preço de ZROUSDT
2026-02-11 12:14:29,272 | INFO | Preço: 2.44 | Média (5): 2.44
2026-02-11 12:14:34,273 | INFO | Cooldown: 1
2026-02-11 12:14:34,273 | INFO | Buscando preço de ZROUSDT
2026-02-11 12:14:34,532 | INFO | Preço: 2.44 | Média (5): 2.44
2026-02-11 12:14:39,544 | INFO | Cooldown: 0
2026-02-11 12:14:39,544 | INFO | Buscando preço de ZROUSDT
2026-02-11 12:14:39,798 | INFO | Preço: 2.44 | Média (5): 2.44
2026-02-11 12:14:39,798 | WARNING | 🟢 ENTRADA | Preço: 2.44 | Investido: R$ 199.62
2026-02-11 12:14:44,808 | INFO | Buscando preço de ZROUSDT
2026-02-11 12:14:45,064 | INFO | Preço: 2.45 | Média (5): 2.44
2026-02-11 12:14:45,064 | INFO | Resultado real: 0.02% | R$ 0.05
2026-02-11 12:14:50,075 | INFO | Buscando preço de ZROUSDT
2026-02-11 12:14:50,330 | INFO | Preço: 2.44 | Média (5): 2.44
2026-02-11 12:14:50,330 | INFO | Resultado real: -0.10% | R$ -0.20
2026-02-11 12:14:50,330 | INFO | Abaixo da média (1/3)
2026-02-11 12:14:55,345 | INFO | Buscando preço de ZROUSDT
2026-02-11 12:14:55,596 | INFO | Preço: 2.45 | Média (5): 2.44
2026-02-11 12:14:55,596 | INFO | Resultado real: 0.10% | R$ 0.21
2026-02-11 12:14:55,596 | WARNING | 🟢 TAKE PROFIT | Capital: R$ 999.30
2026-02-11 12:15:00,608 | INFO | Cooldown: 2
2026-02-11 12:15:00,608 | INFO | Buscando preço de ZROUSDT
2026-02-11 12:15:00,863 | INFO | Preço: 2.45 | Média (5): 2.45
2026-02-11 12:15:05,872 | INFO | Cooldown: 1
2026-02-11 12:15:05,872 | INFO | Buscando preço de ZROUSDT
2026-02-11 12:15:06,129 | INFO | Preço: 2.45 | Média (5): 2.45
2026-02-11 12:15:11,139 | INFO | Cooldown: 0
2026-02-11 12:15:11,139 | INFO | Buscando preço de ZROUSDT
2026-02-11 12:15:11,395 | INFO | Preço: 2.46 | Média (5): 2.45
2026-02-11 12:15:11,395 | WARNING | 🟢 ENTRADA | Preço: 2.46 | Investido: R$ 199.66
2026-02-11 12:15:16,408 | INFO | Buscando preço de ZROUSDT
2026-02-11 12:15:16,671 | INFO | Preço: 2.45 | Média (5): 2.45
2026-02-11 12:15:16,672 | INFO | Resultado real: -0.22% | R$ -0.44
2026-02-11 12:15:21,673 | INFO | Buscando preço de ZROUSDT
2026-02-11 12:15:21,927 | INFO | Preço: 2.47 | Média (5): 2.45
2026-02-11 12:15:21,927 | INFO | Resultado real: 0.35% | R$ 0.69
2026-02-11 12:15:21,927 | WARNING | 🟢 TAKE PROFIT | Capital: R$ 1000.00
2026-02-11 12:15:26,939 | INFO | Cooldown: 2
2026-02-11 12:15:26,939 | INFO | Buscando preço de ZROUSDT
2026-02-11 12:15:27,194 | INFO | Preço: 2.47 | Média (5): 2.46
2026-02-11 12:15:32,204 | INFO | Cooldown: 1
2026-02-11 12:15:32,204 | INFO | Buscando preço de ZROUSDT
2026-02-11 12:15:32,460 | INFO | Preço: 2.47 | Média (5): 2.46
2026-02-11 12:15:37,470 | INFO | Cooldown: 0
2026-02-11 12:15:37,470 | INFO | Buscando preço de ZROUSDT
2026-02-11 12:15:37,726 | INFO | Preço: 2.47 | Média (5): 2.46
2026-02-11 12:15:37,726 | WARNING | 🟢 ENTRADA | Preço: 2.47 | Investido: R$ 199.80
2026-02-11 12:15:42,737 | INFO | Buscando preço de ZROUSDT
2026-02-11 12:15:43,008 | INFO | Preço: 2.47 | Média (5): 2.47
2026-02-11 12:15:43,008 | INFO | Resultado real: -0.10% | R$ -0.20
2026-02-11 12:15:48,010 | INFO | Buscando preço de ZROUSDT
2026-02-11 12:15:48,259 | INFO | Preço: 2.47 | Média (5): 2.47
2026-02-11 12:15:48,259 | INFO | Resultado real: 0.14% | R$ 0.29
2026-02-11 12:15:48,259 | WARNING | 🟢 TAKE PROFIT | Capital: R$ 1000.28
2026-02-11 12:15:53,274 | INFO | Cooldown: 2
2026-02-11 12:15:53,275 | INFO | Buscando preço de ZROUSDT
2026-02-11 12:15:53,540 | INFO | Preço: 2.48 | Média (5): 2.47
2026-02-11 12:15:58,541 | INFO | Cooldown: 1
2026-02-11 12:15:58,541 | INFO | Buscando preço de ZROUSDT
2026-02-11 12:15:58,791 | INFO | Preço: 2.47 | Média (5): 2.47
2026-02-11 12:16:03,806 | INFO | Cooldown: 0
2026-02-11 12:16:03,806 | INFO | Buscando preço de ZROUSDT
2026-02-11 12:16:04,074 | INFO | Preço: 2.47 | Média (5): 2.47
2026-02-11 12:16:09,078 | INFO | Buscando preço de ZROUSDT
2026-02-11 12:16:09,340 | INFO | Preço: 2.48 | Média (5): 2.47
2026-02-11 12:16:09,340 | WARNING | 🟢 ENTRADA | Preço: 2.48 | Investido: R$ 199.86
2026-02-11 12:16:14,341 | INFO | Buscando preço de ZROUSDT
2026-02-11 12:16:14,606 | INFO | Preço: 2.48 | Média (5): 2.48
2026-02-11 12:16:14,606 | INFO | Resultado real: 0.02% | R$ 0.04
2026-02-11 12:16:19,608 | INFO | Buscando preço de ZROUSDT
2026-02-11 12:16:19,870 | INFO | Preço: 2.48 | Média (5): 2.48
2026-02-11 12:16:19,870 | INFO | Resultado real: -0.02% | R$ -0.04
2026-02-11 12:16:24,872 | INFO | Buscando preço de ZROUSDT
2026-02-11 12:16:25,122 | INFO | Preço: 2.48 | Média (5): 2.48
2026-02-11 12:16:25,122 | INFO | Resultado real: -0.06% | R$ -0.12
2026-02-11 12:16:30,136 | INFO | Buscando preço de ZROUSDT
2026-02-11 12:16:30,388 | INFO | Preço: 2.47 | Média (5): 2.48
2026-02-11 12:16:30,388 | INFO | Resultado real: -0.30% | R$ -0.60
2026-02-11 12:16:30,388 | WARNING | 🔴 STOP LOSS | Capital: R$ 999.68
2026-02-11 12:16:35,404 | INFO | Cooldown: 2
2026-02-11 12:16:35,404 | INFO | Buscando preço de ZROUSDT
2026-02-11 12:16:35,671 | INFO | Preço: 2.47 | Média (5): 2.48
2026-02-11 12:16:40,672 | INFO | Cooldown: 1
2026-02-11 12:16:40,672 | INFO | Buscando preço de ZROUSDT
2026-02-11 12:16:40,939 | INFO | Preço: 2.47 | Média (5): 2.48
2026-02-11 12:16:45,941 | INFO | Cooldown: 0
2026-02-11 12:16:45,941 | INFO | Buscando preço de ZROUSDT
2026-02-11 12:16:46,203 | INFO | Preço: 2.48 | Média (5): 2.47
2026-02-11 12:16:46,203 | WARNING | 🟢 ENTRADA | Preço: 2.48 | Investido: R$ 199.74
2026-02-11 12:16:51,206 | INFO | Buscando preço de ZROUSDT
2026-02-11 12:16:51,469 | INFO | Preço: 2.48 | Média (5): 2.47
2026-02-11 12:16:51,469 | INFO | Resultado real: -0.06% | R$ -0.12
2026-02-11 12:16:56,478 | INFO | Buscando preço de ZROUSDT
2026-02-11 12:16:56,744 | INFO | Preço: 2.47 | Média (5): 2.47
2026-02-11 12:16:56,744 | INFO | Resultado real: -0.54% | R$ -1.09
2026-02-11 12:16:56,744 | WARNING | 🔴 STOP LOSS | Capital: R$ 998.59
2026-02-11 12:17:01,745 | INFO | Cooldown: 2
2026-02-11 12:17:01,745 | INFO | Buscando preço de ZROUSDT
2026-02-11 12:17:02,518 | INFO | Preço: 2.47 | Média (5): 2.47
2026-02-11 12:17:07,532 | INFO | Cooldown: 1
2026-02-11 12:17:07,532 | INFO | Buscando preço de ZROUSDT
2026-02-11 12:17:07,785 | INFO | Preço: 2.48 | Média (5): 2.47
2026-02-11 12:17:12,799 | INFO | Cooldown: 0
2026-02-11 12:17:12,799 | INFO | Buscando preço de ZROUSDT
2026-02-11 12:17:13,051 | INFO | Preço: 2.47 | Média (5): 2.47
2026-02-11 12:17:18,062 | INFO | Buscando preço de ZROUSDT
2026-02-11 12:17:18,317 | INFO | Preço: 2.47 | Média (5): 2.47
2026-02-11 12:17:23,328 | INFO | Buscando preço de ZROUSDT
2026-02-11 12:17:23,592 | INFO | Preço: 2.47 | Média (5): 2.47
2026-02-11 12:17:28,593 | INFO | Buscando preço de ZROUSDT
2026-02-11 12:17:28,861 | INFO | Preço: 2.47 | Média (5): 2.47
2026-02-11 12:17:33,862 | INFO | Buscando preço de ZROUSDT
2026-02-11 12:17:34,129 | INFO | Preço: 2.47 | Média (5): 2.47
2026-02-11 12:17:34,130 | WARNING | 🟢 ENTRADA | Preço: 2.47 | Investido: R$ 199.52
2026-02-11 12:17:39,131 | INFO | Buscando preço de ZROUSDT
2026-02-11 12:17:39,382 | INFO | Preço: 2.47 | Média (5): 2.47
2026-02-11 12:17:39,382 | INFO | Resultado real: 0.02% | R$ 0.04
2026-02-11 12:17:44,398 | INFO | Buscando preço de ZROUSDT
2026-02-11 12:17:44,665 | INFO | Preço: 2.48 | Média (5): 2.47
2026-02-11 12:17:44,665 | INFO | Resultado real: 0.22% | R$ 0.45
2026-02-11 12:17:44,665 | WARNING | 🟢 TAKE PROFIT | Capital: R$ 999.04
2026-02-11 12:17:49,667 | INFO | Cooldown: 2
2026-02-11 12:17:49,667 | INFO | Buscando preço de ZROUSDT
2026-02-11 12:17:49,931 | INFO | Preço: 2.48 | Média (5): 2.47
2026-02-11 12:17:54,931 | INFO | Cooldown: 1
2026-02-11 12:17:54,931 | INFO | Buscando preço de ZROUSDT
2026-02-11 12:17:55,180 | INFO | Preço: 2.48 | Média (5): 2.48
2026-02-11 12:18:00,195 | INFO | Cooldown: 0
2026-02-11 12:18:00,195 | INFO | Buscando preço de ZROUSDT
2026-02-11 12:18:00,447 | INFO | Preço: 2.48 | Média (5): 2.48
2026-02-11 12:18:00,447 | WARNING | 🟢 ENTRADA | Preço: 2.48 | Investido: R$ 199.61
2026-02-11 12:18:05,462 | INFO | Buscando preço de ZROUSDT
2026-02-11 12:18:05,728 | INFO | Preço: 2.49 | Média (5): 2.48
2026-02-11 12:18:05,728 | INFO | Resultado real: 0.30% | R$ 0.60
2026-02-11 12:18:05,728 | WARNING | 🟢 TAKE PROFIT | Capital: R$ 999.64
2026-02-11 12:18:10,730 | INFO | Cooldown: 2
2026-02-11 12:18:10,730 | INFO | Buscando preço de ZROUSDT
2026-02-11 12:18:10,996 | INFO | Preço: 2.48 | Média (5): 2.48
2026-02-11 12:18:15,997 | INFO | Cooldown: 1
2026-02-11 12:18:15,997 | INFO | Buscando preço de ZROUSDT
2026-02-11 12:18:16,245 | INFO | Preço: 2.48 | Média (5): 2.48
2026-02-11 12:18:21,261 | INFO | Cooldown: 0
2026-02-11 12:18:21,261 | INFO | Buscando preço de ZROUSDT
2026-02-11 12:18:21,528 | INFO | Preço: 2.47 | Média (5): 2.48
2026-02-11 12:18:26,529 | INFO | Buscando preço de ZROUSDT
2026-02-11 12:18:26,794 | INFO | Preço: 2.48 | Média (5): 2.48
2026-02-11 12:18:31,797 | INFO | Buscando preço de ZROUSDT
2026-02-11 12:18:32,044 | INFO | Preço: 2.48 | Média (5): 2.48
2026-02-11 12:18:37,060 | INFO | Buscando preço de ZROUSDT
2026-02-11 12:18:37,310 | INFO | Preço: 2.48 | Média (5): 2.48
2026-02-11 12:18:37,310 | WARNING | 🟢 ENTRADA | Preço: 2.48 | Investido: R$ 199.73
2026-02-11 12:18:42,324 | INFO | Buscando preço de ZROUSDT
2026-02-11 12:18:42,576 | INFO | Preço: 2.48 | Média (5): 2.48
2026-02-11 12:18:42,576 | INFO | Resultado real: -0.14% | R$ -0.28
2026-02-11 12:18:47,590 | INFO | Buscando preço de ZROUSDT
2026-02-11 12:18:47,843 | INFO | Preço: 2.48 | Média (5): 2.48
2026-02-11 12:18:47,843 | INFO | Resultado real: -0.02% | R$ -0.04
2026-02-11 12:18:52,858 | INFO | Buscando preço de ZROUSDT
2026-02-11 12:18:53,125 | INFO | Preço: 2.48 | Média (5): 2.48
2026-02-11 12:18:53,125 | INFO | Resultado real: 0.06% | R$ 0.12
2026-02-11 12:18:53,125 | WARNING | 🟢 TAKE PROFIT | Capital: R$ 999.77
2026-02-11 12:18:58,129 | INFO | Cooldown: 2
2026-02-11 12:18:58,129 | INFO | Buscando preço de ZROUSDT
2026-02-11 12:18:58,392 | INFO | Preço: 2.48 | Média (5): 2.48
2026-02-11 12:19:03,393 | INFO | Cooldown: 1
2026-02-11 12:19:03,393 | INFO | Buscando preço de ZROUSDT
2026-02-11 12:19:04,158 | INFO | Preço: 2.48 | Média (5): 2.48
2026-02-11 12:19:09,171 | INFO | Cooldown: 0
2026-02-11 12:19:09,171 | INFO | Buscando preço de ZROUSDT
2026-02-11 12:19:09,424 | INFO | Preço: 2.48 | Média (5): 2.48
2026-02-11 12:19:14,439 | INFO | Buscando preço de ZROUSDT
2026-02-11 12:19:14,690 | INFO | Preço: 2.48 | Média (5): 2.48
2026-02-11 12:19:14,690 | WARNING | 🟢 ENTRADA | Preço: 2.48 | Investido: R$ 199.75
2026-02-11 12:19:19,706 | INFO | Buscando preço de ZROUSDT
2026-02-11 12:19:19,973 | INFO | Preço: 2.48 | Média (5): 2.48
2026-02-11 12:19:19,973 | INFO | Resultado real: -0.14% | R$ -0.28
2026-02-11 12:19:24,976 | INFO | Buscando preço de ZROUSDT
2026-02-11 12:19:25,240 | INFO | Preço: 2.48 | Média (5): 2.48
2026-02-11 12:19:25,240 | INFO | Resultado real: -0.10% | R$ -0.20
2026-02-11 12:19:30,245 | INFO | Buscando preço de ZROUSDT
2026-02-11 12:19:30,505 | INFO | Preço: 2.48 | Média (5): 2.48
2026-02-11 12:19:30,505 | INFO | Resultado real: -0.26% | R$ -0.52
2026-02-11 12:19:30,505 | INFO | Abaixo da média (1/3)
2026-02-11 12:19:35,515 | INFO | Buscando preço de ZROUSDT
2026-02-11 12:19:35,772 | INFO | Preço: 2.48 | Média (5): 2.48
2026-02-11 12:19:35,772 | INFO | Resultado real: -0.30% | R$ -0.60
2026-02-11 12:19:35,772 | WARNING | 🔴 STOP LOSS | Capital: R$ 999.17
2026-02-11 12:19:40,783 | INFO | Cooldown: 2
2026-02-11 12:19:40,783 | INFO | Buscando preço de ZROUSDT
2026-02-11 12:19:41,050 | INFO | Preço: 2.47 | Média (5): 2.48
2026-02-11 12:19:46,050 | INFO | Cooldown: 1
2026-02-11 12:19:46,050 | INFO | Buscando preço de ZROUSDT
2026-02-11 12:19:46,304 | INFO | Preço: 2.47 | Média (5): 2.48
2026-02-11 12:19:51,317 | INFO | Cooldown: 0
2026-02-11 12:19:51,317 | INFO | Buscando preço de ZROUSDT
2026-02-11 12:19:51,571 | INFO | Preço: 2.47 | Média (5): 2.48
2026-02-11 12:19:56,585 | INFO | Buscando preço de ZROUSDT
2026-02-11 12:19:56,836 | INFO | Preço: 2.48 | Média (5): 2.47
2026-02-11 12:19:56,836 | WARNING | 🟢 ENTRADA | Preço: 2.48 | Investido: R$ 199.63
2026-02-11 12:20:01,849 | INFO | Buscando preço de ZROUSDT
2026-02-11 12:20:02,104 | INFO | Preço: 2.47 | Média (5): 2.47
2026-02-11 12:20:02,104 | INFO | Resultado real: -0.22% | R$ -0.44
2026-02-11 12:20:02,104 | INFO | Abaixo da média (1/3)
2026-02-11 12:20:07,118 | INFO | Buscando preço de ZROUSDT
2026-02-11 12:20:07,385 | INFO | Preço: 2.48 | Média (5): 2.47
2026-02-11 12:20:07,385 | INFO | Resultado real: -0.10% | R$ -0.20
2026-02-11 12:20:12,386 | INFO | Buscando preço de ZROUSDT
2026-02-11 12:20:12,635 | INFO | Preço: 2.48 | Média (5): 2.47
2026-02-11 12:20:12,635 | INFO | Resultado real: -0.02% | R$ -0.04
2026-02-11 12:20:17,650 | INFO | Buscando preço de ZROUSDT
2026-02-11 12:20:17,917 | INFO | Preço: 2.48 | Média (5): 2.48
2026-02-11 12:20:17,918 | INFO | Resultado real: 0.02% | R$ 0.04
2026-02-11 12:20:22,918 | INFO | Buscando preço de ZROUSDT
2026-02-11 12:20:23,167 | INFO | Preço: 2.48 | Média (5): 2.48
2026-02-11 12:20:23,167 | INFO | Resultado real: 0.10% | R$ 0.20
2026-02-11 12:20:23,167 | WARNING | 🟢 TAKE PROFIT | Capital: R$ 999.37
2026-02-11 12:20:28,182 | INFO | Cooldown: 2
2026-02-11 12:20:28,182 | INFO | Buscando preço de ZROUSDT
2026-02-11 12:20:28,434 | INFO | Preço: 2.48 | Média (5): 2.48
2026-02-11 12:20:33,446 | INFO | Cooldown: 1
2026-02-11 12:20:33,446 | INFO | Buscando preço de ZROUSDT
2026-02-11 12:20:33,700 | INFO | Preço: 2.48 | Média (5): 2.48
2026-02-11 12:20:38,713 | INFO | Cooldown: 0
2026-02-11 12:20:38,713 | INFO | Buscando preço de ZROUSDT
2026-02-11 12:20:38,966 | INFO | Preço: 2.48 | Média (5): 2.48
2026-02-11 12:20:38,966 | WARNING | 🟢 ENTRADA | Preço: 2.48 | Investido: R$ 199.67
2026-02-11 12:20:43,977 | INFO | Buscando preço de ZROUSDT
2026-02-11 12:20:44,232 | INFO | Preço: 2.48 | Média (5): 2.48
2026-02-11 12:20:44,232 | INFO | Resultado real: -0.18% | R$ -0.36
2026-02-11 12:20:44,232 | INFO | Abaixo da média (1/3)
2026-02-11 12:20:49,242 | INFO | Buscando preço de ZROUSDT
2026-02-11 12:20:49,498 | INFO | Preço: 2.47 | Média (5): 2.48
2026-02-11 12:20:49,498 | INFO | Resultado real: -0.54% | R$ -1.08
2026-02-11 12:20:49,498 | WARNING | 🔴 STOP LOSS | Capital: R$ 998.28
2026-02-11 12:20:54,514 | INFO | Cooldown: 2
2026-02-11 12:20:54,514 | INFO | Buscando preço de ZROUSDT
2026-02-11 12:20:54,765 | INFO | Preço: 2.47 | Média (5): 2.48
2026-02-11 12:20:59,778 | INFO | Cooldown: 1
2026-02-11 12:20:59,778 | INFO | Buscando preço de ZROUSDT
2026-02-11 12:21:00,040 | INFO | Preço: 2.47 | Média (5): 2.47
2026-02-11 12:21:05,042 | INFO | Cooldown: 0
2026-02-11 12:21:05,042 | INFO | Buscando preço de ZROUSDT
2026-02-11 12:21:05,814 | INFO | Preço: 2.46 | Média (5): 2.47
2026-02-11 12:21:10,821 | INFO | Buscando preço de ZROUSDT
2026-02-11 12:21:11,080 | INFO | Preço: 2.46 | Média (5): 2.47
2026-02-11 12:21:16,089 | INFO | Buscando preço de ZROUSDT
2026-02-11 12:21:16,346 | INFO | Preço: 2.46 | Média (5): 2.46
2026-02-11 12:21:21,357 | INFO | Buscando preço de ZROUSDT
2026-02-11 12:21:21,612 | INFO | Preço: 2.46 | Média (5): 2.46
2026-02-11 12:21:26,624 | INFO | Buscando preço de ZROUSDT
2026-02-11 12:21:26,878 | INFO | Preço: 2.46 | Média (5): 2.46
2026-02-11 12:21:31,888 | INFO | Buscando preço de ZROUSDT
2026-02-11 12:21:32,145 | INFO | Preço: 2.46 | Média (5): 2.46
2026-02-11 12:21:37,155 | INFO | Buscando preço de ZROUSDT
2026-02-11 12:21:37,411 | INFO | Preço: 2.45 | Média (5): 2.46
2026-02-11 12:21:42,421 | INFO | Buscando preço de ZROUSDT
2026-02-11 12:21:42,677 | INFO | Preço: 2.45 | Média (5): 2.46
2026-02-11 12:21:47,688 | INFO | Buscando preço de ZROUSDT
2026-02-11 12:21:47,944 | INFO | Preço: 2.46 | Média (5): 2.46
2026-02-11 12:21:47,944 | WARNING | 🟢 ENTRADA | Preço: 2.46 | Investido: R$ 199.46
2026-02-11 12:21:52,952 | INFO | Buscando preço de ZROUSDT
2026-02-11 12:21:53,212 | INFO | Preço: 2.45 | Média (5): 2.45
2026-02-11 12:21:53,212 | INFO | Resultado real: -0.18% | R$ -0.36
2026-02-11 12:21:53,212 | INFO | Abaixo da média (1/3)
2026-02-11 12:21:58,216 | INFO | Buscando preço de ZROUSDT
2026-02-11 12:21:58,476 | INFO | Preço: 2.46 | Média (5): 2.45
2026-02-11 12:21:58,476 | INFO | Resultado real: -0.10% | R$ -0.20
2026-02-11 12:22:03,486 | INFO | Buscando preço de ZROUSDT
2026-02-11 12:22:03,742 | INFO | Preço: 2.45 | Média (5): 2.45
2026-02-11 12:22:03,742 | INFO | Resultado real: -0.22% | R$ -0.44
2026-02-11 12:22:03,742 | INFO | Abaixo da média (1/3)
2026-02-11 12:22:08,753 | INFO | Buscando preço de ZROUSDT
2026-02-11 12:22:09,008 | INFO | Preço: 2.46 | Média (5): 2.45
2026-02-11 12:22:09,008 | INFO | Resultado real: -0.14% | R$ -0.28
2026-02-11 12:22:14,017 | INFO | Buscando preço de ZROUSDT
2026-02-11 12:22:14,274 | INFO | Preço: 2.46 | Média (5): 2.45
2026-02-11 12:22:14,274 | INFO | Resultado real: -0.14% | R$ -0.28
2026-02-11 12:22:19,284 | INFO | Buscando preço de ZROUSDT
2026-02-11 12:22:19,540 | INFO | Preço: 2.46 | Média (5): 2.46
2026-02-11 12:22:19,540 | INFO | Resultado real: 0.06% | R$ 0.13
2026-02-11 12:22:19,540 | WARNING | 🟢 TAKE PROFIT | Capital: R$ 998.41
2026-02-11 12:22:24,551 | INFO | Cooldown: 2
2026-02-11 12:22:24,551 | INFO | Buscando preço de ZROUSDT
2026-02-11 12:22:24,807 | INFO | Preço: 2.46 | Média (5): 2.46
2026-02-11 12:22:29,814 | INFO | Cooldown: 1
2026-02-11 12:22:29,814 | INFO | Buscando preço de ZROUSDT
2026-02-11 12:22:30,080 | INFO | Preço: 2.45 | Média (5): 2.46
2026-02-11 12:22:35,082 | INFO | Cooldown: 0
2026-02-11 12:22:35,082 | INFO | Buscando preço de ZROUSDT
2026-02-11 12:22:35,339 | INFO | Preço: 2.45 | Média (5): 2.45
2026-02-11 12:22:40,353 | INFO | Buscando preço de ZROUSDT
2026-02-11 12:22:40,622 | INFO | Preço: 2.45 | Média (5): 2.45
2026-02-11 12:22:45,626 | INFO | Buscando preço de ZROUSDT
2026-02-11 12:22:45,888 | INFO | Preço: 2.46 | Média (5): 2.45
2026-02-11 12:22:45,888 | WARNING | 🟢 ENTRADA | Preço: 2.46 | Investido: R$ 199.48
2026-02-11 12:22:50,897 | INFO | Buscando preço de ZROUSDT
2026-02-11 12:22:51,154 | INFO | Preço: 2.46 | Média (5): 2.45
2026-02-11 12:22:51,154 | INFO | Resultado real: 0.02% | R$ 0.04
2026-02-11 12:22:56,167 | INFO | Buscando preço de ZROUSDT
2026-02-11 12:22:56,421 | INFO | Preço: 2.46 | Média (5): 2.46
2026-02-11 12:22:56,421 | INFO | Resultado real: 0.27% | R$ 0.53
2026-02-11 12:22:56,421 | WARNING | 🟢 TAKE PROFIT | Capital: R$ 998.94
2026-02-11 12:23:01,430 | INFO | Cooldown: 2
2026-02-11 12:23:01,430 | INFO | Buscando preço de ZROUSDT
2026-02-11 12:23:01,692 | INFO | Preço: 2.46 | Média (5): 2.46
2026-02-11 12:23:06,694 | INFO | Cooldown: 1
2026-02-11 12:23:06,694 | INFO | Buscando preço de ZROUSDT
2026-02-11 12:23:07,485 | INFO | Preço: 2.46 | Média (5): 2.46
2026-02-11 12:23:12,486 | INFO | Cooldown: 0
2026-02-11 12:23:12,486 | INFO | Buscando preço de ZROUSDT
2026-02-11 12:23:12,736 | INFO | Preço: 2.46 | Média (5): 2.46
2026-02-11 12:23:17,749 | INFO | Buscando preço de ZROUSDT
2026-02-11 12:23:18,009 | INFO | Preço: 2.46 | Média (5): 2.46
2026-02-11 12:23:23,013 | INFO | Buscando preço de ZROUSDT
2026-02-11 12:23:23,285 | INFO | Preço: 2.46 | Média (5): 2.46
2026-02-11 12:23:23,285 | WARNING | 🟢 ENTRADA | Preço: 2.46 | Investido: R$ 199.59
2026-02-11 12:23:28,286 | INFO | Buscando preço de ZROUSDT
2026-02-11 12:23:28,551 | INFO | Preço: 2.46 | Média (5): 2.46
2026-02-11 12:23:28,551 | INFO | Resultado real: -0.02% | R$ -0.04
2026-02-11 12:23:33,553 | INFO | Buscando preço de ZROUSDT
2026-02-11 12:23:33,818 | INFO | Preço: 2.46 | Média (5): 2.46
2026-02-11 12:23:33,818 | INFO | Resultado real: -0.06% | R$ -0.12
2026-02-11 12:23:38,819 | INFO | Buscando preço de ZROUSDT
2026-02-11 12:23:39,085 | INFO | Preço: 2.46 | Média (5): 2.46
2026-02-11 12:23:39,085 | INFO | Resultado real: -0.02% | R$ -0.04
2026-02-11 12:23:44,086 | INFO | Buscando preço de ZROUSDT
2026-02-11 12:23:44,349 | INFO | Preço: 2.46 | Média (5): 2.46
2026-02-11 12:23:44,349 | INFO | Resultado real: 0.06% | R$ 0.12
2026-02-11 12:23:44,349 | WARNING | 🟢 TAKE PROFIT | Capital: R$ 999.07
2026-02-11 12:23:49,350 | INFO | Cooldown: 2
2026-02-11 12:23:49,350 | INFO | Buscando preço de ZROUSDT
2026-02-11 12:23:49,616 | INFO | Preço: 2.46 | Média (5): 2.46
2026-02-11 12:23:54,618 | INFO | Cooldown: 1
2026-02-11 12:23:54,618 | INFO | Buscando preço de ZROUSDT
2026-02-11 12:23:54,882 | INFO | Preço: 2.46 | Média (5): 2.46
2026-02-11 12:23:59,885 | INFO | Cooldown: 0
2026-02-11 12:23:59,885 | INFO | Buscando preço de ZROUSDT
2026-02-11 12:24:00,151 | INFO | Preço: 2.47 | Média (5): 2.46
2026-02-11 12:24:00,152 | WARNING | 🟢 ENTRADA | Preço: 2.47 | Investido: R$ 199.61
2026-02-11 12:24:05,153 | INFO | Buscando preço de ZROUSDT
2026-02-11 12:24:05,420 | INFO | Preço: 2.47 | Média (5): 2.47
2026-02-11 12:24:05,421 | INFO | Resultado real: -0.06% | R$ -0.12
2026-02-11 12:24:10,422 | INFO | Buscando preço de ZROUSDT
2026-02-11 12:24:11,202 | INFO | Preço: 2.47 | Média (5): 2.47
2026-02-11 12:24:11,203 | INFO | Resultado real: -0.26% | R$ -0.52
2026-02-11 12:24:16,204 | INFO | Buscando preço de ZROUSDT
2026-02-11 12:24:16,470 | INFO | Preço: 2.47 | Média (5): 2.47
2026-02-11 12:24:16,470 | INFO | Resultado real: -0.26% | R$ -0.52
2026-02-11 12:24:16,470 | INFO | Abaixo da média (1/3)
2026-02-11 12:24:21,471 | INFO | Buscando preço de ZROUSDT
2026-02-11 12:24:21,733 | INFO | Preço: 2.47 | Média (5): 2.47
2026-02-11 12:24:21,734 | INFO | Resultado real: -0.06% | R$ -0.12
2026-02-11 12:24:26,734 | INFO | Buscando preço de ZROUSDT
2026-02-11 12:24:26,996 | INFO | Preço: 2.48 | Média (5): 2.47
2026-02-11 12:24:26,996 | INFO | Resultado real: 0.02% | R$ 0.04
2026-02-11 12:24:32,005 | INFO | Buscando preço de ZROUSDT
2026-02-11 12:24:32,276 | INFO | Preço: 2.47 | Média (5): 2.47
2026-02-11 12:24:32,277 | INFO | Resultado real: -0.14% | R$ -0.28
2026-02-11 12:24:37,278 | INFO | Buscando preço de ZROUSDT
2026-02-11 12:24:37,547 | INFO | Preço: 2.47 | Média (5): 2.47
2026-02-11 12:24:37,547 | INFO | Resultado real: -0.14% | R$ -0.28
2026-02-11 12:24:37,547 | INFO | Abaixo da média (1/3)
2026-02-11 12:24:42,549 | INFO | Buscando preço de ZROUSDT
2026-02-11 12:24:42,811 | INFO | Preço: 2.47 | Média (5): 2.47
2026-02-11 12:24:42,811 | INFO | Resultado real: -0.22% | R$ -0.44
2026-02-11 12:24:42,811 | INFO | Abaixo da média (2/3)
2026-02-11 12:24:47,818 | INFO | Buscando preço de ZROUSDT
2026-02-11 12:24:48,078 | INFO | Preço: 2.47 | Média (5): 2.47
2026-02-11 12:24:48,078 | INFO | Resultado real: -0.14% | R$ -0.28
2026-02-11 12:24:48,078 | INFO | Abaixo da média (3/3)
2026-02-11 12:24:48,078 | WARNING | 🔴 SAÍDA CONFIRMADA POR MÉDIA | Capital: R$ 998.79
2026-02-11 12:24:53,086 | INFO | Cooldown: 2
2026-02-11 12:24:53,086 | INFO | Buscando preço de ZROUSDT
2026-02-11 12:24:53,351 | INFO | Preço: 2.47 | Média (5): 2.47
2026-02-11 12:24:58,353 | INFO | Cooldown: 1
2026-02-11 12:24:58,353 | INFO | Buscando preço de ZROUSDT
2026-02-11 12:24:58,619 | INFO | Preço: 2.47 | Média (5): 2.47
2026-02-11 12:25:03,620 | INFO | Cooldown: 0
2026-02-11 12:25:03,620 | INFO | Buscando preço de ZROUSDT
2026-02-11 12:25:03,894 | INFO | Preço: 2.47 | Média (5): 2.47
2026-02-11 12:25:08,895 | INFO | Buscando preço de ZROUSDT
2026-02-11 12:25:09,159 | INFO | Preço: 2.47 | Média (5): 2.47
2026-02-11 12:25:09,160 | WARNING | 🟢 ENTRADA | Preço: 2.47 | Investido: R$ 199.56
2026-02-11 12:25:14,161 | INFO | Buscando preço de ZROUSDT
2026-02-11 12:25:14,424 | INFO | Preço: 2.47 | Média (5): 2.47
2026-02-11 12:25:14,424 | INFO | Resultado real: -0.14% | R$ -0.28
2026-02-11 12:25:19,425 | INFO | Buscando preço de ZROUSDT
2026-02-11 12:25:19,688 | INFO | Preço: 2.47 | Média (5): 2.47
2026-02-11 12:25:19,689 | INFO | Resultado real: -0.18% | R$ -0.36
2026-02-11 12:25:24,690 | INFO | Buscando preço de ZROUSDT
2026-02-11 12:25:24,955 | INFO | Preço: 2.47 | Média (5): 2.47
2026-02-11 12:25:24,955 | INFO | Resultado real: -0.38% | R$ -0.76
2026-02-11 12:25:24,956 | WARNING | 🔴 STOP LOSS | Capital: R$ 998.02
2026-02-11 12:25:29,957 | INFO | Cooldown: 2
2026-02-11 12:25:29,957 | INFO | Buscando preço de ZROUSDT
2026-02-11 12:25:30,219 | INFO | Preço: 2.47 | Média (5): 2.47
2026-02-11 12:25:35,220 | INFO | Cooldown: 1
2026-02-11 12:25:35,220 | INFO | Buscando preço de ZROUSDT
2026-02-11 12:25:35,484 | INFO | Preço: 2.47 | Média (5): 2.47
2026-02-11 12:25:40,485 | INFO | Cooldown: 0
2026-02-11 12:25:40,485 | INFO | Buscando preço de ZROUSDT
2026-02-11 12:25:40,748 | INFO | Preço: 2.47 | Média (5): 2.47
2026-02-11 12:25:45,750 | INFO | Buscando preço de ZROUSDT
2026-02-11 12:25:46,006 | INFO | Preço: 2.47 | Média (5): 2.47
2026-02-11 12:25:46,006 | WARNING | 🟢 ENTRADA | Preço: 2.47 | Investido: R$ 199.40
2026-02-11 12:25:51,012 | INFO | Buscando preço de ZROUSDT
2026-02-11 12:25:51,272 | INFO | Preço: 2.47 | Média (5): 2.47
2026-02-11 12:25:51,272 | INFO | Resultado real: -0.22% | R$ -0.44
2026-02-11 12:25:51,272 | INFO | Abaixo da média (1/3)
2026-02-11 12:25:56,280 | INFO | Buscando preço de ZROUSDT
2026-02-11 12:25:56,538 | INFO | Preço: 2.47 | Média (5): 2.47
2026-02-11 12:25:56,538 | INFO | Resultado real: -0.10% | R$ -0.20
2026-02-11 12:26:01,548 | INFO | Buscando preço de ZROUSDT
2026-02-11 12:26:01,812 | INFO | Preço: 2.47 | Média (5): 2.47
2026-02-11 12:26:01,812 | INFO | Resultado real: -0.10% | R$ -0.20
2026-02-11 12:26:06,813 | INFO | Buscando preço de ZROUSDT
2026-02-11 12:26:07,075 | INFO | Preço: 2.46 | Média (5): 2.47
2026-02-11 12:26:07,075 | INFO | Resultado real: -0.42% | R$ -0.84
2026-02-11 12:26:07,075 | WARNING | 🔴 STOP LOSS | Capital: R$ 997.18
2026-02-11 12:26:12,076 | INFO | Cooldown: 2
2026-02-11 12:26:12,076 | INFO | Buscando preço de ZROUSDT
2026-02-11 12:26:12,343 | INFO | Preço: 2.46 | Média (5): 2.47
2026-02-11 12:26:17,345 | INFO | Cooldown: 1
2026-02-11 12:26:17,345 | INFO | Buscando preço de ZROUSDT
2026-02-11 12:26:17,608 | INFO | Preço: 2.47 | Média (5): 2.47
2026-02-11 12:26:22,609 | INFO | Cooldown: 0
2026-02-11 12:26:22,609 | INFO | Buscando preço de ZROUSDT
2026-02-11 12:26:22,877 | INFO | Preço: 2.48 | Média (5): 2.47
2026-02-11 12:26:22,877 | WARNING | 🟢 ENTRADA | Preço: 2.48 | Investido: R$ 199.24
2026-02-11 12:26:27,878 | INFO | Buscando preço de ZROUSDT
2026-02-11 12:26:28,136 | INFO | Preço: 2.48 | Média (5): 2.47
2026-02-11 12:26:28,136 | INFO | Resultado real: -0.02% | R$ -0.04
2026-02-11 12:26:33,145 | INFO | Buscando preço de ZROUSDT
2026-02-11 12:26:33,413 | INFO | Preço: 2.48 | Média (5): 2.47
2026-02-11 12:26:33,414 | INFO | Resultado real: -0.06% | R$ -0.12
2026-02-11 12:26:38,415 | INFO | Buscando preço de ZROUSDT
2026-02-11 12:26:38,680 | INFO | Preço: 2.48 | Média (5): 2.48
2026-02-11 12:26:38,681 | INFO | Resultado real: -0.02% | R$ -0.04
2026-02-11 12:26:43,682 | INFO | Buscando preço de ZROUSDT
2026-02-11 12:26:43,945 | INFO | Preço: 2.48 | Média (5): 2.48
2026-02-11 12:26:43,945 | INFO | Resultado real: -0.06% | R$ -0.12
2026-02-11 12:26:43,945 | INFO | Abaixo da média (1/3)
2026-02-11 12:26:45,534 | INFO | ========== RELATÓRIO ==========
2026-02-11 12:26:45,534 | INFO | Capital final: R$ 997.18
2026-02-11 12:26:45,534 | INFO | Trades: 24
2026-02-11 12:26:45,534 | INFO | Win rate: 58.33%
2026-02-11 12:26:45,534 | INFO | Lucro total: R$ -2.82
2026-02-11 12:26:49,184 | INFO | Bot iniciado (VERSÃO COMPLETA PROFISSIONAL)
2026-02-11 12:26:49,184 | INFO | Criando cliente da Binance
2026-02-11 12:26:50,500 | INFO | Buscando preço de ZROUSDT
2026-02-11 12:26:50,767 | INFO | Aguardando dados da média...
2026-02-11 12:26:55,773 | INFO | Buscando preço de ZROUSDT
2026-02-11 12:26:56,039 | INFO | Aguardando dados da média...
2026-02-11 12:27:01,040 | INFO | Buscando preço de ZROUSDT
2026-02-11 12:27:01,299 | INFO | Aguardando dados da média...
2026-02-11 12:27:06,306 | INFO | Buscando preço de ZROUSDT
2026-02-11 12:27:06,565 | INFO | Aguardando dados da média...
2026-02-11 12:27:11,574 | INFO | Buscando preço de ZROUSDT
2026-02-11 12:27:11,839 | INFO | Preço: 2.4730 | Média (5): 2.4730
2026-02-11 12:27:16,841 | INFO | Buscando preço de ZROUSDT
2026-02-11 12:27:17,104 | INFO | Preço: 2.4730 | Média (5): 2.4720
2026-02-11 12:27:17,104 | WARNING | 🟢 ENTRADA | Preço: 2.4730 | Investido: R$ 199.80
2026-02-11 12:27:22,105 | INFO | Buscando preço de ZROUSDT
2026-02-11 12:27:22,365 | INFO | Preço: 2.4770 | Média (5): 2.4720
2026-02-11 12:27:22,365 | INFO | Resultado real: 0.06% | R$ 0.12
2026-02-11 12:27:22,365 | WARNING | 🟢 TAKE PROFIT | Capital: R$ 1000.12
2026-02-11 12:27:27,376 | INFO | Cooldown: 2
2026-02-11 12:27:27,376 | INFO | Buscando preço de ZROUSDT
2026-02-11 12:27:27,646 | INFO | Preço: 2.4820 | Média (5): 2.4746
2026-02-11 12:27:32,647 | INFO | Cooldown: 1
2026-02-11 12:27:32,647 | INFO | Buscando preço de ZROUSDT
2026-02-11 12:27:32,898 | INFO | Preço: 2.4810 | Média (5): 2.4772
2026-02-11 12:27:37,911 | INFO | Cooldown: 0
2026-02-11 12:27:37,911 | INFO | Buscando preço de ZROUSDT
2026-02-11 12:27:38,179 | INFO | Preço: 2.4820 | Média (5): 2.4790
2026-02-11 12:27:38,179 | WARNING | 🟢 ENTRADA | Preço: 2.4820 | Investido: R$ 199.82
2026-02-11 12:27:43,182 | INFO | Buscando preço de ZROUSDT
2026-02-11 12:27:43,445 | INFO | Preço: 2.4800 | Média (5): 2.4804
2026-02-11 12:27:43,446 | INFO | Resultado real: -0.18% | R$ -0.36
2026-02-11 12:27:43,446 | INFO | Abaixo da média (1/3)
2026-02-11 12:27:48,447 | INFO | Buscando preço de ZROUSDT
2026-02-11 12:27:48,712 | INFO | Preço: 2.4800 | Média (5): 2.4810
2026-02-11 12:27:48,712 | INFO | Resultado real: -0.18% | R$ -0.36
2026-02-11 12:27:48,712 | INFO | Abaixo da média (2/3)
2026-02-11 12:27:53,713 | INFO | Buscando preço de ZROUSDT
2026-02-11 12:27:53,977 | INFO | Preço: 2.4780 | Média (5): 2.4802
2026-02-11 12:27:53,977 | INFO | Resultado real: -0.26% | R$ -0.52
2026-02-11 12:27:53,978 | INFO | Abaixo da média (3/3)
2026-02-11 12:27:53,978 | WARNING | 🔴 SAÍDA CONFIRMADA POR MÉDIA | Capital: R$ 999.60
2026-02-11 12:27:58,979 | INFO | Cooldown: 2
2026-02-11 12:27:58,979 | INFO | Buscando preço de ZROUSDT
2026-02-11 12:27:59,244 | INFO | Preço: 2.4820 | Média (5): 2.4804
2026-02-11 12:28:04,249 | INFO | Cooldown: 1
2026-02-11 12:28:04,249 | INFO | Buscando preço de ZROUSDT
2026-02-11 12:28:04,511 | INFO | Preço: 2.4760 | Média (5): 2.4792
2026-02-11 12:28:09,514 | INFO | Cooldown: 0
2026-02-11 12:28:09,514 | INFO | Buscando preço de ZROUSDT
2026-02-11 12:28:10,282 | INFO | Preço: 2.4770 | Média (5): 2.4786
2026-02-11 12:28:15,283 | INFO | Buscando preço de ZROUSDT
2026-02-11 12:28:15,543 | INFO | Preço: 2.4760 | Média (5): 2.4778
2026-02-11 12:28:20,547 | INFO | Buscando preço de ZROUSDT
2026-02-11 12:28:20,809 | INFO | Preço: 2.4790 | Média (5): 2.4780
2026-02-11 12:28:20,809 | WARNING | 🟢 ENTRADA | Preço: 2.4790 | Investido: R$ 199.72
2026-02-11 12:28:25,812 | INFO | Buscando preço de ZROUSDT
2026-02-11 12:28:26,059 | INFO | Preço: 2.4800 | Média (5): 2.4776
2026-02-11 12:28:26,074 | INFO | Resultado real: -0.06% | R$ -0.12
2026-02-11 12:28:31,075 | INFO | Buscando preço de ZROUSDT
2026-02-11 12:28:31,341 | INFO | Preço: 2.4850 | Média (5): 2.4794
2026-02-11 12:28:31,341 | INFO | Resultado real: 0.14% | R$ 0.28
2026-02-11 12:28:31,341 | WARNING | 🟢 TAKE PROFIT | Capital: R$ 999.88
2026-02-11 12:28:36,345 | INFO | Cooldown: 2
2026-02-11 12:28:36,345 | INFO | Buscando preço de ZROUSDT
2026-02-11 12:28:36,608 | INFO | Preço: 2.4880 | Média (5): 2.4816
2026-02-11 12:28:41,610 | INFO | Cooldown: 1
2026-02-11 12:28:41,610 | INFO | Buscando preço de ZROUSDT
2026-02-11 12:28:41,874 | INFO | Preço: 2.4830 | Média (5): 2.4830
2026-02-11 12:28:46,877 | INFO | Cooldown: 0
2026-02-11 12:28:46,877 | INFO | Buscando preço de ZROUSDT
2026-02-11 12:28:47,140 | INFO | Preço: 2.4820 | Média (5): 2.4836
2026-02-11 12:28:52,144 | INFO | Buscando preço de ZROUSDT
2026-02-11 12:28:52,406 | INFO | Preço: 2.4790 | Média (5): 2.4834
2026-02-11 12:28:57,410 | INFO | Buscando preço de ZROUSDT
2026-02-11 12:28:57,672 | INFO | Preço: 2.4800 | Média (5): 2.4824
2026-02-11 12:29:02,680 | INFO | Buscando preço de ZROUSDT
2026-02-11 12:29:02,939 | INFO | Preço: 2.4810 | Média (5): 2.4810
2026-02-11 12:29:07,946 | INFO | Buscando preço de ZROUSDT
2026-02-11 12:29:08,205 | INFO | Preço: 2.4830 | Média (5): 2.4810
2026-02-11 12:29:08,205 | WARNING | 🟢 ENTRADA | Preço: 2.4830 | Investido: R$ 199.78
2026-02-11 12:29:13,210 | INFO | Buscando preço de ZROUSDT
2026-02-11 12:29:13,471 | INFO | Preço: 2.4830 | Média (5): 2.4812
2026-02-11 12:29:13,471 | INFO | Resultado real: -0.10% | R$ -0.20
2026-02-11 12:29:18,477 | INFO | Buscando preço de ZROUSDT
2026-02-11 12:29:18,737 | INFO | Preço: 2.4810 | Média (5): 2.4816
2026-02-11 12:29:18,737 | INFO | Resultado real: -0.18% | R$ -0.36
2026-02-11 12:29:18,737 | INFO | Abaixo da média (1/3)
2026-02-11 12:29:23,747 | INFO | Buscando preço de ZROUSDT
2026-02-11 12:29:24,003 | INFO | Preço: 2.4820 | Média (5): 2.4820
2026-02-11 12:29:24,003 | INFO | Resultado real: -0.14% | R$ -0.28
2026-02-11 12:29:29,012 | INFO | Buscando preço de ZROUSDT
2026-02-11 12:29:29,270 | INFO | Preço: 2.4820 | Média (5): 2.4822
2026-02-11 12:29:29,270 | INFO | Resultado real: -0.14% | R$ -0.28
2026-02-11 12:29:29,270 | INFO | Abaixo da média (1/3)
2026-02-11 12:29:34,279 | INFO | Buscando preço de ZROUSDT
2026-02-11 12:29:34,541 | INFO | Preço: 2.4740 | Média (5): 2.4804
2026-02-11 12:29:34,541 | INFO | Resultado real: -0.46% | R$ -0.92
2026-02-11 12:29:34,541 | WARNING | 🔴 STOP LOSS | Capital: R$ 998.96
2026-02-11 12:29:39,544 | INFO | Cooldown: 2
2026-02-11 12:29:39,544 | INFO | Buscando preço de ZROUSDT
2026-02-11 12:29:39,802 | INFO | Preço: 2.4730 | Média (5): 2.4784
2026-02-11 12:29:44,816 | INFO | Cooldown: 1
2026-02-11 12:29:44,816 | INFO | Buscando preço de ZROUSDT
2026-02-11 12:29:45,068 | INFO | Preço: 2.4750 | Média (5): 2.4772
2026-02-11 12:29:50,079 | INFO | Cooldown: 0
2026-02-11 12:29:50,080 | INFO | Buscando preço de ZROUSDT
2026-02-11 12:29:50,343 | INFO | Preço: 2.4760 | Média (5): 2.4760
2026-02-11 12:29:55,344 | INFO | Buscando preço de ZROUSDT
2026-02-11 12:29:55,613 | INFO | Preço: 2.4770 | Média (5): 2.4750
2026-02-11 12:29:55,613 | WARNING | 🟢 ENTRADA | Preço: 2.4770 | Investido: R$ 199.59
2026-02-11 12:30:00,615 | INFO | Buscando preço de ZROUSDT
2026-02-11 12:30:00,884 | INFO | Preço: 2.4780 | Média (5): 2.4758
2026-02-11 12:30:00,884 | INFO | Resultado real: -0.06% | R$ -0.12
2026-02-11 12:30:05,885 | INFO | Buscando preço de ZROUSDT
2026-02-11 12:30:06,138 | INFO | Preço: 2.4760 | Média (5): 2.4764
2026-02-11 12:30:06,138 | INFO | Resultado real: -0.14% | R$ -0.28
2026-02-11 12:30:06,138 | INFO | Abaixo da média (1/3)
2026-02-11 12:30:11,149 | INFO | Buscando preço de ZROUSDT
2026-02-11 12:30:11,920 | INFO | Preço: 2.4820 | Média (5): 2.4778
2026-02-11 12:30:11,921 | INFO | Resultado real: 0.10% | R$ 0.20
2026-02-11 12:30:11,922 | WARNING | 🟢 TAKE PROFIT | Capital: R$ 999.16
2026-02-11 12:30:16,922 | INFO | Cooldown: 2
2026-02-11 12:30:16,922 | INFO | Buscando preço de ZROUSDT
2026-02-11 12:30:17,193 | INFO | Preço: 2.4820 | Média (5): 2.4790
2026-02-11 12:30:22,195 | INFO | Cooldown: 1
2026-02-11 12:30:22,195 | INFO | Buscando preço de ZROUSDT
2026-02-11 12:30:22,465 | INFO | Preço: 2.4830 | Média (5): 2.4802
2026-02-11 12:30:27,466 | INFO | Cooldown: 0
2026-02-11 12:30:27,466 | INFO | Buscando preço de ZROUSDT
2026-02-11 12:30:27,731 | INFO | Preço: 2.4850 | Média (5): 2.4816
2026-02-11 12:30:27,731 | WARNING | 🟢 ENTRADA | Preço: 2.4850 | Investido: R$ 199.63
2026-02-11 12:30:32,734 | INFO | Buscando preço de ZROUSDT
2026-02-11 12:30:32,997 | INFO | Preço: 2.4880 | Média (5): 2.4840
2026-02-11 12:30:32,997 | INFO | Resultado real: 0.02% | R$ 0.04
2026-02-11 12:30:38,001 | INFO | Buscando preço de ZROUSDT
2026-02-11 12:30:38,268 | INFO | Preço: 2.4890 | Média (5): 2.4854
2026-02-11 12:30:38,268 | INFO | Resultado real: 0.06% | R$ 0.12
2026-02-11 12:30:38,269 | WARNING | 🟢 TAKE PROFIT | Capital: R$ 999.29
2026-02-11 12:30:43,270 | INFO | Cooldown: 2
2026-02-11 12:30:43,270 | INFO | Buscando preço de ZROUSDT
2026-02-11 12:30:43,530 | INFO | Preço: 2.4810 | Média (5): 2.4852
2026-02-11 12:30:48,537 | INFO | Cooldown: 1
2026-02-11 12:30:48,537 | INFO | Buscando preço de ZROUSDT
2026-02-11 12:30:48,796 | INFO | Preço: 2.4810 | Média (5): 2.4848
2026-02-11 12:30:53,808 | INFO | Cooldown: 0
2026-02-11 12:30:53,808 | INFO | Buscando preço de ZROUSDT
2026-02-11 12:30:54,062 | INFO | Preço: 2.4840 | Média (5): 2.4846
2026-02-11 12:30:59,075 | INFO | Buscando preço de ZROUSDT
2026-02-11 12:30:59,328 | INFO | Preço: 2.4920 | Média (5): 2.4854
2026-02-11 12:30:59,328 | WARNING | 🟢 ENTRADA | Preço: 2.4920 | Investido: R$ 199.66
2026-02-11 12:31:04,344 | INFO | Buscando preço de ZROUSDT
2026-02-11 12:31:04,595 | INFO | Preço: 2.4890 | Média (5): 2.4854
2026-02-11 12:31:04,595 | INFO | Resultado real: -0.22% | R$ -0.44
2026-02-11 12:31:09,609 | INFO | Buscando preço de ZROUSDT
2026-02-11 12:31:09,861 | INFO | Preço: 2.4840 | Média (5): 2.4860
2026-02-11 12:31:09,861 | INFO | Resultado real: -0.42% | R$ -0.84
2026-02-11 12:31:09,876 | WARNING | 🔴 STOP LOSS | Capital: R$ 998.45
2026-02-11 12:31:14,877 | INFO | Cooldown: 2
2026-02-11 12:31:14,877 | INFO | Buscando preço de ZROUSDT
2026-02-11 12:31:15,127 | INFO | Preço: 2.4820 | Média (5): 2.4862
2026-02-11 12:31:20,142 | INFO | Cooldown: 1
2026-02-11 12:31:20,142 | INFO | Buscando preço de ZROUSDT
2026-02-11 12:31:20,393 | INFO | Preço: 2.4800 | Média (5): 2.4854
2026-02-11 12:31:25,407 | INFO | Cooldown: 0
2026-02-11 12:31:25,407 | INFO | Buscando preço de ZROUSDT
2026-02-11 12:31:25,675 | INFO | Preço: 2.4810 | Média (5): 2.4832
2026-02-11 12:31:30,676 | INFO | Buscando preço de ZROUSDT
2026-02-11 12:31:30,943 | INFO | Preço: 2.4800 | Média (5): 2.4814
2026-02-11 12:31:35,945 | INFO | Buscando preço de ZROUSDT
2026-02-11 12:31:36,209 | INFO | Preço: 2.4830 | Média (5): 2.4812
2026-02-11 12:31:36,209 | WARNING | 🟢 ENTRADA | Preço: 2.4830 | Investido: R$ 199.49
2026-02-11 12:31:41,212 | INFO | Buscando preço de ZROUSDT
2026-02-11 12:31:41,475 | INFO | Preço: 2.4840 | Média (5): 2.4816
2026-02-11 12:31:41,475 | INFO | Resultado real: -0.06% | R$ -0.12
2026-02-11 12:31:46,482 | INFO | Buscando preço de ZROUSDT
2026-02-11 12:31:46,741 | INFO | Preço: 2.4830 | Média (5): 2.4822
2026-02-11 12:31:46,741 | INFO | Resultado real: -0.10% | R$ -0.20
2026-02-11 12:31:51,745 | INFO | Buscando preço de ZROUSDT
2026-02-11 12:31:52,007 | INFO | Preço: 2.4810 | Média (5): 2.4822
2026-02-11 12:31:52,007 | INFO | Resultado real: -0.18% | R$ -0.36
2026-02-11 12:31:52,007 | INFO | Abaixo da média (1/3)
2026-02-11 12:31:57,012 | INFO | Buscando preço de ZROUSDT
2026-02-11 12:31:57,273 | INFO | Preço: 2.4830 | Média (5): 2.4828
2026-02-11 12:31:57,273 | INFO | Resultado real: -0.10% | R$ -0.20
2026-02-11 12:32:02,279 | INFO | Buscando preço de ZROUSDT
2026-02-11 12:32:02,540 | INFO | Preço: 2.4720 | Média (5): 2.4806
2026-02-11 12:32:02,540 | INFO | Resultado real: -0.54% | R$ -1.08
2026-02-11 12:32:02,540 | WARNING | 🔴 STOP LOSS | Capital: R$ 997.36
2026-02-11 12:32:07,548 | INFO | Cooldown: 2
2026-02-11 12:32:07,548 | INFO | Buscando preço de ZROUSDT
2026-02-11 12:32:07,806 | INFO | Preço: 2.4750 | Média (5): 2.4788
2026-02-11 12:32:12,814 | INFO | Cooldown: 1
2026-02-11 12:32:12,814 | INFO | Buscando preço de ZROUSDT
2026-02-11 12:32:13,072 | INFO | Preço: 2.4810 | Média (5): 2.4784
2026-02-11 12:32:18,082 | INFO | Cooldown: 0
2026-02-11 12:32:18,082 | INFO | Buscando preço de ZROUSDT
2026-02-11 12:32:18,338 | INFO | Preço: 2.4880 | Média (5): 2.4798
2026-02-11 12:32:18,338 | WARNING | 🟢 ENTRADA | Preço: 2.4880 | Investido: R$ 199.27
2026-02-11 12:32:23,346 | INFO | Buscando preço de ZROUSDT
2026-02-11 12:32:23,613 | INFO | Preço: 2.4890 | Média (5): 2.4810
2026-02-11 12:32:23,614 | INFO | Resultado real: -0.06% | R$ -0.12
2026-02-11 12:32:28,615 | INFO | Buscando preço de ZROUSDT
2026-02-11 12:32:28,871 | INFO | Preço: 2.4910 | Média (5): 2.4848
2026-02-11 12:32:28,871 | INFO | Resultado real: 0.02% | R$ 0.04
2026-02-11 12:32:33,878 | INFO | Buscando preço de ZROUSDT
2026-02-11 12:32:34,137 | INFO | Preço: 2.4940 | Média (5): 2.4886
2026-02-11 12:32:34,137 | INFO | Resultado real: 0.14% | R$ 0.28
2026-02-11 12:32:34,137 | WARNING | 🟢 TAKE PROFIT | Capital: R$ 997.64
2026-02-11 12:32:39,145 | INFO | Cooldown: 2
2026-02-11 12:32:39,145 | INFO | Buscando preço de ZROUSDT
2026-02-11 12:32:39,403 | INFO | Preço: 2.4960 | Média (5): 2.4916
2026-02-11 12:32:44,413 | INFO | Cooldown: 1
2026-02-11 12:32:44,413 | INFO | Buscando preço de ZROUSDT
2026-02-11 12:32:44,669 | INFO | Preço: 2.5090 | Média (5): 2.4958
2026-02-11 12:32:49,679 | INFO | Cooldown: 0
2026-02-11 12:32:49,679 | INFO | Buscando preço de ZROUSDT
2026-02-11 12:32:49,936 | INFO | Preço: 2.5060 | Média (5): 2.4992
2026-02-11 12:32:49,936 | WARNING | 🟢 ENTRADA | Preço: 2.5060 | Investido: R$ 199.33
2026-02-11 12:32:54,945 | INFO | Buscando preço de ZROUSDT
2026-02-11 12:32:55,202 | INFO | Preço: 2.5080 | Média (5): 2.5026
2026-02-11 12:32:55,202 | INFO | Resultado real: -0.02% | R$ -0.04
2026-02-11 12:33:00,212 | INFO | Buscando preço de ZROUSDT
2026-02-11 12:33:00,475 | INFO | Preço: 2.5090 | Média (5): 2.5056
2026-02-11 12:33:00,476 | INFO | Resultado real: 0.02% | R$ 0.04
2026-02-11 12:33:05,476 | INFO | Buscando preço de ZROUSDT
2026-02-11 12:33:05,734 | INFO | Preço: 2.5060 | Média (5): 2.5076
2026-02-11 12:33:05,734 | INFO | Resultado real: -0.10% | R$ -0.20
2026-02-11 12:33:05,734 | INFO | Abaixo da média (1/3)
2026-02-11 12:33:10,748 | INFO | Buscando preço de ZROUSDT
2026-02-11 12:33:11,000 | INFO | Preço: 2.5060 | Média (5): 2.5070
2026-02-11 12:33:11,000 | INFO | Resultado real: -0.10% | R$ -0.20
2026-02-11 12:33:11,000 | INFO | Abaixo da média (2/3)
2026-02-11 12:33:16,012 | INFO | Buscando preço de ZROUSDT
2026-02-11 12:33:16,266 | INFO | Preço: 2.5060 | Média (5): 2.5070
2026-02-11 12:33:16,266 | INFO | Resultado real: -0.10% | R$ -0.20
2026-02-11 12:33:16,266 | INFO | Abaixo da média (3/3)
2026-02-11 12:33:16,283 | WARNING | 🔴 SAÍDA CONFIRMADA POR MÉDIA | Capital: R$ 997.44
2026-02-11 12:33:21,283 | INFO | Cooldown: 2
2026-02-11 12:33:21,283 | INFO | Buscando preço de ZROUSDT
2026-02-11 12:33:21,548 | INFO | Preço: 2.5150 | Média (5): 2.5084
2026-02-11 12:33:26,548 | INFO | Cooldown: 1
2026-02-11 12:33:26,549 | INFO | Buscando preço de ZROUSDT
2026-02-11 12:33:26,799 | INFO | Preço: 2.5140 | Média (5): 2.5094
2026-02-11 12:33:31,812 | INFO | Cooldown: 0
2026-02-11 12:33:31,812 | INFO | Buscando preço de ZROUSDT
2026-02-11 12:33:32,065 | INFO | Preço: 2.5090 | Média (5): 2.5100
2026-02-11 12:33:37,079 | INFO | Buscando preço de ZROUSDT
2026-02-11 12:33:37,331 | INFO | Preço: 2.5110 | Média (5): 2.5110
2026-02-11 12:33:42,347 | INFO | Buscando preço de ZROUSDT
2026-02-11 12:33:42,613 | INFO | Preço: 2.5040 | Média (5): 2.5106
2026-02-11 12:33:47,614 | INFO | Buscando preço de ZROUSDT
2026-02-11 12:33:47,878 | INFO | Preço: 2.5060 | Média (5): 2.5088
2026-02-11 12:33:52,879 | INFO | Buscando preço de ZROUSDT
2026-02-11 12:33:53,130 | INFO | Preço: 2.5030 | Média (5): 2.5066
2026-02-11 12:33:58,146 | INFO | Buscando preço de ZROUSDT
2026-02-11 12:33:58,396 | INFO | Preço: 2.5080 | Média (5): 2.5064
2026-02-11 12:33:58,396 | WARNING | 🟢 ENTRADA | Preço: 2.5080 | Investido: R$ 199.29
2026-02-11 12:34:03,410 | INFO | Buscando preço de ZROUSDT
2026-02-11 12:34:03,662 | INFO | Preço: 2.5070 | Média (5): 2.5056
2026-02-11 12:34:03,662 | INFO | Resultado real: -0.14% | R$ -0.28
2026-02-11 12:34:08,677 | INFO | Buscando preço de ZROUSDT
2026-02-11 12:34:08,942 | INFO | Preço: 2.5110 | Média (5): 2.5070
2026-02-11 12:34:08,943 | INFO | Resultado real: 0.02% | R$ 0.04
2026-02-11 12:34:13,944 | INFO | Buscando preço de ZROUSDT
2026-02-11 12:34:14,195 | INFO | Preço: 2.5150 | Média (5): 2.5088
2026-02-11 12:34:14,195 | INFO | Resultado real: 0.18% | R$ 0.36
2026-02-11 12:34:14,195 | WARNING | 🟢 TAKE PROFIT | Capital: R$ 997.80
2026-02-11 12:34:19,208 | INFO | Cooldown: 2
2026-02-11 12:34:19,208 | INFO | Buscando preço de ZROUSDT
2026-02-11 12:34:19,478 | INFO | Preço: 2.5090 | Média (5): 2.5100
2026-02-11 12:34:24,479 | INFO | Cooldown: 1
2026-02-11 12:34:24,479 | INFO | Buscando preço de ZROUSDT
2026-02-11 12:34:24,744 | INFO | Preço: 2.5100 | Média (5): 2.5104
2026-02-11 12:34:29,746 | INFO | Cooldown: 0
2026-02-11 12:34:29,746 | INFO | Buscando preço de ZROUSDT
2026-02-11 12:34:30,011 | INFO | Preço: 2.5110 | Média (5): 2.5112
2026-02-11 12:34:35,013 | INFO | Buscando preço de ZROUSDT
2026-02-11 12:34:35,275 | INFO | Preço: 2.5110 | Média (5): 2.5112
2026-02-11 12:34:40,276 | INFO | Buscando preço de ZROUSDT
2026-02-11 12:34:40,542 | INFO | Preço: 2.5110 | Média (5): 2.5104
2026-02-11 12:34:40,543 | WARNING | 🟢 ENTRADA | Preço: 2.5110 | Investido: R$ 199.36
2026-02-11 12:34:45,543 | INFO | Buscando preço de ZROUSDT
2026-02-11 12:34:45,809 | INFO | Preço: 2.5080 | Média (5): 2.5102
2026-02-11 12:34:45,809 | INFO | Resultado real: -0.22% | R$ -0.44
2026-02-11 12:34:45,809 | INFO | Abaixo da média (1/3)
2026-02-11 12:34:50,812 | INFO | Buscando preço de ZROUSDT
2026-02-11 12:34:51,075 | INFO | Preço: 2.5030 | Média (5): 2.5088
2026-02-11 12:34:51,075 | INFO | Resultado real: -0.42% | R$ -0.83
2026-02-11 12:34:51,075 | WARNING | 🔴 STOP LOSS | Capital: R$ 996.97
2026-02-11 12:34:56,080 | INFO | Cooldown: 2
2026-02-11 12:34:56,080 | INFO | Buscando preço de ZROUSDT
2026-02-11 12:34:56,342 | INFO | Preço: 2.5010 | Média (5): 2.5068
2026-02-11 12:35:01,344 | INFO | Cooldown: 1
2026-02-11 12:35:01,344 | INFO | Buscando preço de ZROUSDT
2026-02-11 12:35:01,607 | INFO | Preço: 2.4990 | Média (5): 2.5044
2026-02-11 12:35:06,611 | INFO | Cooldown: 0
2026-02-11 12:35:06,611 | INFO | Buscando preço de ZROUSDT
2026-02-11 12:35:06,873 | INFO | Preço: 2.4960 | Média (5): 2.5014
2026-02-11 12:35:11,874 | INFO | Buscando preço de ZROUSDT
2026-02-11 12:35:12,145 | INFO | Preço: 2.5020 | Média (5): 2.5002
2026-02-11 12:35:12,146 | WARNING | 🟢 ENTRADA | Preço: 2.5020 | Investido: R$ 199.19
2026-02-11 12:35:17,148 | INFO | Buscando preço de ZROUSDT
2026-02-11 12:35:17,411 | INFO | Preço: 2.5030 | Média (5): 2.5002
2026-02-11 12:35:17,411 | INFO | Resultado real: -0.06% | R$ -0.12
2026-02-11 12:35:22,412 | INFO | Buscando preço de ZROUSDT
2026-02-11 12:35:22,683 | INFO | Preço: 2.5030 | Média (5): 2.5006
2026-02-11 12:35:22,683 | INFO | Resultado real: -0.06% | R$ -0.12
2026-02-11 12:35:27,684 | INFO | Buscando preço de ZROUSDT
2026-02-11 12:35:27,950 | INFO | Preço: 2.5060 | Média (5): 2.5020
2026-02-11 12:35:27,950 | INFO | Resultado real: 0.06% | R$ 0.12
2026-02-11 12:35:27,951 | WARNING | 🟢 TAKE PROFIT | Capital: R$ 997.09
2026-02-11 12:35:32,953 | INFO | Cooldown: 2
2026-02-11 12:35:32,953 | INFO | Buscando preço de ZROUSDT
2026-02-11 12:35:33,221 | INFO | Preço: 2.5070 | Média (5): 2.5042
2026-02-11 12:35:38,223 | INFO | Cooldown: 1
2026-02-11 12:35:38,223 | INFO | Buscando preço de ZROUSDT
2026-02-11 12:35:38,488 | INFO | Preço: 2.5060 | Média (5): 2.5050
2026-02-11 12:35:43,490 | INFO | Cooldown: 0
2026-02-11 12:35:43,490 | INFO | Buscando preço de ZROUSDT
2026-02-11 12:35:43,760 | INFO | Preço: 2.5070 | Média (5): 2.5058
2026-02-11 12:35:43,760 | WARNING | 🟢 ENTRADA | Preço: 2.5070 | Investido: R$ 199.22
2026-02-11 12:35:48,761 | INFO | Buscando preço de ZROUSDT
2026-02-11 12:35:49,028 | INFO | Preço: 2.5100 | Média (5): 2.5072
2026-02-11 12:35:49,029 | INFO | Resultado real: 0.02% | R$ 0.04
2026-02-11 12:35:54,030 | INFO | Buscando preço de ZROUSDT
2026-02-11 12:35:54,299 | INFO | Preço: 2.5160 | Média (5): 2.5092
2026-02-11 12:35:54,299 | INFO | Resultado real: 0.26% | R$ 0.52
2026-02-11 12:35:54,300 | WARNING | 🟢 TAKE PROFIT | Capital: R$ 997.60
2026-02-11 12:35:59,301 | INFO | Cooldown: 2
2026-02-11 12:35:59,301 | INFO | Buscando preço de ZROUSDT
2026-02-11 12:35:59,571 | INFO | Preço: 2.5160 | Média (5): 2.5110
2026-02-11 12:36:04,572 | INFO | Cooldown: 1
2026-02-11 12:36:04,572 | INFO | Buscando preço de ZROUSDT
2026-02-11 12:36:04,842 | INFO | Preço: 2.5150 | Média (5): 2.5128
2026-02-11 12:36:09,843 | INFO | Cooldown: 0
2026-02-11 12:36:09,843 | INFO | Buscando preço de ZROUSDT
2026-02-11 12:36:10,110 | INFO | Preço: 2.5190 | Média (5): 2.5152
2026-02-11 12:36:10,111 | WARNING | 🟢 ENTRADA | Preço: 2.5190 | Investido: R$ 199.32
2026-02-11 12:36:15,113 | INFO | Buscando preço de ZROUSDT
2026-02-11 12:36:15,377 | INFO | Preço: 2.5180 | Média (5): 2.5168
2026-02-11 12:36:15,378 | INFO | Resultado real: -0.14% | R$ -0.28
2026-02-11 12:36:20,378 | INFO | Buscando preço de ZROUSDT
2026-02-11 12:36:20,644 | INFO | Preço: 2.5130 | Média (5): 2.5162
2026-02-11 12:36:20,645 | INFO | Resultado real: -0.34% | R$ -0.67
2026-02-11 12:36:20,646 | WARNING | 🔴 STOP LOSS | Capital: R$ 996.93
2026-02-11 12:36:25,647 | INFO | Cooldown: 2
2026-02-11 12:36:25,647 | INFO | Buscando preço de ZROUSDT
2026-02-11 12:36:25,919 | INFO | Preço: 2.5150 | Média (5): 2.5160
2026-02-11 12:36:30,921 | INFO | Cooldown: 1
2026-02-11 12:36:30,921 | INFO | Buscando preço de ZROUSDT
2026-02-11 12:36:31,183 | INFO | Preço: 2.5130 | Média (5): 2.5156
2026-02-11 12:36:36,185 | INFO | Cooldown: 0
2026-02-11 12:36:36,185 | INFO | Buscando preço de ZROUSDT
2026-02-11 12:36:36,451 | INFO | Preço: 2.5120 | Média (5): 2.5142
2026-02-11 12:36:41,452 | INFO | Buscando preço de ZROUSDT
2026-02-11 12:36:41,722 | INFO | Preço: 2.5140 | Média (5): 2.5134
2026-02-11 12:36:41,723 | WARNING | 🟢 ENTRADA | Preço: 2.5140 | Investido: R$ 199.19
2026-02-11 12:36:46,724 | INFO | Buscando preço de ZROUSDT
2026-02-11 12:36:46,992 | INFO | Preço: 2.5130 | Média (5): 2.5134
2026-02-11 12:36:46,992 | INFO | Resultado real: -0.14% | R$ -0.28
2026-02-11 12:36:46,993 | INFO | Abaixo da média (1/3)
2026-02-11 12:36:51,993 | INFO | Buscando preço de ZROUSDT
2026-02-11 12:36:52,256 | INFO | Preço: 2.5130 | Média (5): 2.5130
2026-02-11 12:36:52,256 | INFO | Resultado real: -0.14% | R$ -0.28
2026-02-11 12:36:57,258 | INFO | Buscando preço de ZROUSDT
2026-02-11 12:36:57,527 | INFO | Preço: 2.5120 | Média (5): 2.5128
2026-02-11 12:36:57,528 | INFO | Resultado real: -0.18% | R$ -0.36
2026-02-11 12:36:57,528 | INFO | Abaixo da média (1/3)
2026-02-11 12:37:02,529 | INFO | Buscando preço de ZROUSDT
2026-02-11 12:37:02,800 | INFO | Preço: 2.5120 | Média (5): 2.5128
2026-02-11 12:37:02,800 | INFO | Resultado real: -0.18% | R$ -0.36
2026-02-11 12:37:02,800 | INFO | Abaixo da média (2/3)
2026-02-11 12:37:07,802 | INFO | Buscando preço de ZROUSDT
2026-02-11 12:37:08,067 | INFO | Preço: 2.5080 | Média (5): 2.5116
2026-02-11 12:37:08,068 | INFO | Resultado real: -0.34% | R$ -0.67
2026-02-11 12:37:08,069 | WARNING | 🔴 STOP LOSS | Capital: R$ 996.25
2026-02-11 12:37:13,070 | INFO | Cooldown: 2
2026-02-11 12:37:13,070 | INFO | Buscando preço de ZROUSDT
2026-02-11 12:37:13,337 | INFO | Preço: 2.5020 | Média (5): 2.5094
2026-02-11 12:37:18,339 | INFO | Cooldown: 1
2026-02-11 12:37:18,339 | INFO | Buscando preço de ZROUSDT
2026-02-11 12:37:19,127 | INFO | Preço: 2.5010 | Média (5): 2.5070
2026-02-11 12:37:24,129 | INFO | Cooldown: 0
2026-02-11 12:37:24,129 | INFO | Buscando preço de ZROUSDT
2026-02-11 12:37:24,399 | INFO | Preço: 2.5040 | Média (5): 2.5054
2026-02-11 12:37:29,401 | INFO | Buscando preço de ZROUSDT
2026-02-11 12:37:29,662 | INFO | Preço: 2.5060 | Média (5): 2.5042
2026-02-11 12:37:29,664 | WARNING | 🟢 ENTRADA | Preço: 2.5060 | Investido: R$ 199.05
2026-02-11 12:37:34,666 | INFO | Buscando preço de ZROUSDT
2026-02-11 12:37:34,936 | INFO | Preço: 2.5030 | Média (5): 2.5032
2026-02-11 12:37:34,936 | INFO | Resultado real: -0.22% | R$ -0.44
2026-02-11 12:37:34,936 | INFO | Abaixo da média (1/3)
2026-02-11 12:37:39,937 | INFO | Buscando preço de ZROUSDT
2026-02-11 12:37:40,206 | INFO | Preço: 2.5030 | Média (5): 2.5034
2026-02-11 12:37:40,206 | INFO | Resultado real: -0.22% | R$ -0.44
2026-02-11 12:37:40,207 | INFO | Abaixo da média (2/3)
2026-02-11 12:37:45,208 | INFO | Buscando preço de ZROUSDT
2026-02-11 12:37:45,474 | INFO | Preço: 2.5060 | Média (5): 2.5044
2026-02-11 12:37:45,474 | INFO | Resultado real: -0.10% | R$ -0.20
2026-02-11 12:37:50,475 | INFO | Buscando preço de ZROUSDT
2026-02-11 12:37:50,738 | INFO | Preço: 2.5040 | Média (5): 2.5044
2026-02-11 12:37:50,739 | INFO | Resultado real: -0.18% | R$ -0.36
2026-02-11 12:37:50,739 | INFO | Abaixo da média (1/3)
2026-02-11 12:37:55,740 | INFO | Buscando preço de ZROUSDT
2026-02-11 12:37:56,009 | INFO | Preço: 2.5070 | Média (5): 2.5046
2026-02-11 12:37:56,009 | INFO | Resultado real: -0.06% | R$ -0.12
2026-02-11 12:38:01,011 | INFO | Buscando preço de ZROUSDT
2026-02-11 12:38:01,276 | INFO | Preço: 2.5040 | Média (5): 2.5048
2026-02-11 12:38:01,276 | INFO | Resultado real: -0.18% | R$ -0.36
2026-02-11 12:38:01,277 | INFO | Abaixo da média (1/3)
2026-02-11 12:38:06,278 | INFO | Buscando preço de ZROUSDT
2026-02-11 12:38:06,541 | INFO | Preço: 2.5050 | Média (5): 2.5052
2026-02-11 12:38:06,542 | INFO | Resultado real: -0.14% | R$ -0.28
2026-02-11 12:38:06,542 | INFO | Abaixo da média (2/3)
2026-02-11 12:38:11,543 | INFO | Buscando preço de ZROUSDT
2026-02-11 12:38:11,809 | INFO | Preço: 2.5110 | Média (5): 2.5062
2026-02-11 12:38:11,810 | INFO | Resultado real: 0.10% | R$ 0.20
2026-02-11 12:38:11,811 | WARNING | 🟢 TAKE PROFIT | Capital: R$ 996.45
2026-02-11 12:38:16,812 | INFO | Cooldown: 2
2026-02-11 12:38:16,812 | INFO | Buscando preço de ZROUSDT
2026-02-11 12:38:17,077 | INFO | Preço: 2.5080 | Média (5): 2.5070
2026-02-11 12:38:22,079 | INFO | Cooldown: 1
2026-02-11 12:38:22,079 | INFO | Buscando preço de ZROUSDT
2026-02-11 12:38:22,342 | INFO | Preço: 2.5090 | Média (5): 2.5074
2026-02-11 12:38:27,343 | INFO | Cooldown: 0
2026-02-11 12:38:27,343 | INFO | Buscando preço de ZROUSDT
2026-02-11 12:38:27,609 | INFO | Preço: 2.5090 | Média (5): 2.5084
2026-02-11 12:38:27,610 | WARNING | 🟢 ENTRADA | Preço: 2.5090 | Investido: R$ 199.09
2026-02-11 12:38:32,611 | INFO | Buscando preço de ZROUSDT
2026-02-11 12:38:32,881 | INFO | Preço: 2.5110 | Média (5): 2.5096
2026-02-11 12:38:32,882 | INFO | Resultado real: -0.02% | R$ -0.04
2026-02-11 12:38:37,883 | INFO | Buscando preço de ZROUSDT
2026-02-11 12:38:38,150 | INFO | Preço: 2.5110 | Média (5): 2.5096
2026-02-11 12:38:38,150 | INFO | Resultado real: -0.02% | R$ -0.04
2026-02-11 12:38:43,151 | INFO | Buscando preço de ZROUSDT
2026-02-11 12:38:43,414 | INFO | Preço: 2.5100 | Média (5): 2.5100
2026-02-11 12:38:43,415 | INFO | Resultado real: -0.06% | R$ -0.12
2026-02-11 12:38:43,415 | INFO | Abaixo da média (1/3)
2026-02-11 12:38:48,416 | INFO | Buscando preço de ZROUSDT
2026-02-11 12:38:48,680 | INFO | Preço: 2.5070 | Média (5): 2.5096
2026-02-11 12:38:48,681 | INFO | Resultado real: -0.18% | R$ -0.36
2026-02-11 12:38:48,681 | INFO | Abaixo da média (2/3)
2026-02-11 12:38:53,683 | INFO | Buscando preço de ZROUSDT
2026-02-11 12:38:53,953 | INFO | Preço: 2.5060 | Média (5): 2.5090
2026-02-11 12:38:53,953 | INFO | Resultado real: -0.22% | R$ -0.44
2026-02-11 12:38:53,953 | INFO | Abaixo da média (3/3)
2026-02-11 12:38:53,955 | WARNING | 🔴 SAÍDA CONFIRMADA POR MÉDIA | Capital: R$ 996.01
2026-02-11 12:38:58,956 | INFO | Cooldown: 2
2026-02-11 12:38:58,956 | INFO | Buscando preço de ZROUSDT
2026-02-11 12:38:59,222 | INFO | Preço: 2.5070 | Média (5): 2.5082
2026-02-11 12:39:04,223 | INFO | Cooldown: 1
2026-02-11 12:39:04,223 | INFO | Buscando preço de ZROUSDT
2026-02-11 12:39:04,489 | INFO | Preço: 2.5070 | Média (5): 2.5074
2026-02-11 12:39:09,491 | INFO | Cooldown: 0
2026-02-11 12:39:09,491 | INFO | Buscando preço de ZROUSDT
2026-02-11 12:39:09,757 | INFO | Preço: 2.5000 | Média (5): 2.5054
2026-02-11 12:39:14,758 | INFO | Buscando preço de ZROUSDT
2026-02-11 12:39:15,025 | INFO | Preço: 2.4990 | Média (5): 2.5038
2026-02-11 12:39:20,027 | INFO | Buscando preço de ZROUSDT
2026-02-11 12:39:20,294 | INFO | Preço: 2.4970 | Média (5): 2.5020
2026-02-11 12:39:25,295 | INFO | Buscando preço de ZROUSDT
2026-02-11 12:39:25,561 | INFO | Preço: 2.4940 | Média (5): 2.4994
2026-02-11 12:39:30,562 | INFO | Buscando preço de ZROUSDT
2026-02-11 12:39:30,834 | INFO | Preço: 2.4930 | Média (5): 2.4966
2026-02-11 12:39:35,835 | INFO | Buscando preço de ZROUSDT
2026-02-11 12:39:36,099 | INFO | Preço: 2.4920 | Média (5): 2.4950
2026-02-11 12:39:41,100 | INFO | Buscando preço de ZROUSDT
2026-02-11 12:39:41,363 | INFO | Preço: 2.4830 | Média (5): 2.4918
2026-02-11 12:39:46,366 | INFO | Buscando preço de ZROUSDT
2026-02-11 12:39:46,632 | INFO | Preço: 2.4860 | Média (5): 2.4896
2026-02-11 12:39:51,634 | INFO | Buscando preço de ZROUSDT
2026-02-11 12:39:51,900 | INFO | Preço: 2.4830 | Média (5): 2.4874
2026-02-11 12:39:56,901 | INFO | Buscando preço de ZROUSDT
2026-02-11 12:39:57,167 | INFO | Preço: 2.4860 | Média (5): 2.4860
2026-02-11 12:39:57,168 | WARNING | 🟢 ENTRADA | Preço: 2.4860 | Investido: R$ 199.00
2026-02-11 12:40:02,169 | INFO | Buscando preço de ZROUSDT
2026-02-11 12:40:02,450 | INFO | Preço: 2.4820 | Média (5): 2.4840
2026-02-11 12:40:02,450 | INFO | Resultado real: -0.26% | R$ -0.52
2026-02-11 12:40:02,450 | INFO | Abaixo da média (1/3)
2026-02-11 12:40:07,451 | INFO | Buscando preço de ZROUSDT
2026-02-11 12:40:07,720 | INFO | Preço: 2.4780 | Média (5): 2.4830
2026-02-11 12:40:07,721 | INFO | Resultado real: -0.42% | R$ -0.84
2026-02-11 12:40:07,722 | WARNING | 🔴 STOP LOSS | Capital: R$ 995.18
2026-02-11 12:40:12,723 | INFO | Cooldown: 2
2026-02-11 12:40:12,723 | INFO | Buscando preço de ZROUSDT
2026-02-11 12:40:13,498 | INFO | Preço: 2.4810 | Média (5): 2.4820
2026-02-11 12:40:18,500 | INFO | Cooldown: 1
2026-02-11 12:40:18,500 | INFO | Buscando preço de ZROUSDT
2026-02-11 12:40:18,765 | INFO | Preço: 2.4810 | Média (5): 2.4816
2026-02-11 12:40:23,766 | INFO | Cooldown: 0
2026-02-11 12:40:23,766 | INFO | Buscando preço de ZROUSDT
2026-02-11 12:40:24,030 | INFO | Preço: 2.4820 | Média (5): 2.4808
2026-02-11 12:40:24,031 | WARNING | 🟢 ENTRADA | Preço: 2.4820 | Investido: R$ 198.84
2026-02-11 12:40:29,033 | INFO | Buscando preço de ZROUSDT
2026-02-11 12:40:29,299 | INFO | Preço: 2.4820 | Média (5): 2.4808
2026-02-11 12:40:29,300 | INFO | Resultado real: -0.10% | R$ -0.20
2026-02-11 12:40:34,300 | INFO | Buscando preço de ZROUSDT
2026-02-11 12:40:34,564 | INFO | Preço: 2.4870 | Média (5): 2.4826
2026-02-11 12:40:34,565 | INFO | Resultado real: 0.10% | R$ 0.20
2026-02-11 12:40:34,566 | WARNING | 🟢 TAKE PROFIT | Capital: R$ 995.38
2026-02-11 12:40:39,567 | INFO | Cooldown: 2
2026-02-11 12:40:39,567 | INFO | Buscando preço de ZROUSDT
2026-02-11 12:40:39,834 | INFO | Preço: 2.4840 | Média (5): 2.4832
2026-02-11 12:40:44,835 | INFO | Cooldown: 1
2026-02-11 12:40:44,835 | INFO | Buscando preço de ZROUSDT
2026-02-11 12:40:45,101 | INFO | Preço: 2.4850 | Média (5): 2.4840
2026-02-11 12:40:50,102 | INFO | Cooldown: 0
2026-02-11 12:40:50,102 | INFO | Buscando preço de ZROUSDT
2026-02-11 12:40:50,367 | INFO | Preço: 2.4840 | Média (5): 2.4844
2026-02-11 12:40:55,369 | INFO | Buscando preço de ZROUSDT
2026-02-11 12:40:55,639 | INFO | Preço: 2.4890 | Média (5): 2.4858
2026-02-11 12:40:55,639 | WARNING | 🟢 ENTRADA | Preço: 2.4890 | Investido: R$ 198.88
2026-02-11 12:41:00,641 | INFO | Buscando preço de ZROUSDT
2026-02-11 12:41:00,909 | INFO | Preço: 2.4870 | Média (5): 2.4858
2026-02-11 12:41:00,909 | INFO | Resultado real: -0.18% | R$ -0.36
2026-02-11 12:41:05,910 | INFO | Buscando preço de ZROUSDT
2026-02-11 12:41:06,177 | INFO | Preço: 2.4920 | Média (5): 2.4874
2026-02-11 12:41:06,178 | INFO | Resultado real: 0.02% | R$ 0.04
2026-02-11 12:41:11,178 | INFO | Buscando preço de ZROUSDT
2026-02-11 12:41:11,444 | INFO | Preço: 2.4910 | Média (5): 2.4886
2026-02-11 12:41:11,445 | INFO | Resultado real: -0.02% | R$ -0.04
2026-02-11 12:41:16,447 | INFO | Buscando preço de ZROUSDT
2026-02-11 12:41:16,719 | INFO | Preço: 2.4900 | Média (5): 2.4898
2026-02-11 12:41:16,719 | INFO | Resultado real: -0.06% | R$ -0.12
2026-02-11 12:41:21,720 | INFO | Buscando preço de ZROUSDT
2026-02-11 12:41:21,989 | INFO | Preço: 2.4910 | Média (5): 2.4902
2026-02-11 12:41:21,990 | INFO | Resultado real: -0.02% | R$ -0.04
2026-02-11 12:41:26,991 | INFO | Buscando preço de ZROUSDT
2026-02-11 12:41:27,262 | INFO | Preço: 2.4900 | Média (5): 2.4908
2026-02-11 12:41:27,263 | INFO | Resultado real: -0.06% | R$ -0.12
2026-02-11 12:41:27,263 | INFO | Abaixo da média (1/3)
2026-02-11 12:41:32,265 | INFO | Buscando preço de ZROUSDT
2026-02-11 12:41:32,527 | INFO | Preço: 2.4900 | Média (5): 2.4904
2026-02-11 12:41:32,528 | INFO | Resultado real: -0.06% | R$ -0.12
2026-02-11 12:41:32,528 | INFO | Abaixo da média (2/3)
2026-02-11 12:41:37,529 | INFO | Buscando preço de ZROUSDT
2026-02-11 12:41:37,800 | INFO | Preço: 2.4890 | Média (5): 2.4900
2026-02-11 12:41:37,800 | INFO | Resultado real: -0.10% | R$ -0.20
2026-02-11 12:41:37,801 | INFO | Abaixo da média (3/3)
2026-02-11 12:41:37,802 | WARNING | 🔴 SAÍDA CONFIRMADA POR MÉDIA | Capital: R$ 995.18
2026-02-11 12:41:42,802 | INFO | Cooldown: 2
2026-02-11 12:41:42,802 | INFO | Buscando preço de ZROUSDT
2026-02-11 12:41:43,069 | INFO | Preço: 2.4900 | Média (5): 2.4900
2026-02-11 12:41:48,070 | INFO | Cooldown: 1
2026-02-11 12:41:48,070 | INFO | Buscando preço de ZROUSDT
2026-02-11 12:41:48,334 | INFO | Preço: 2.4910 | Média (5): 2.4900
2026-02-11 12:41:53,336 | INFO | Cooldown: 0
2026-02-11 12:41:53,336 | INFO | Buscando preço de ZROUSDT
2026-02-11 12:41:53,605 | INFO | Preço: 2.4970 | Média (5): 2.4914
2026-02-11 12:41:53,606 | WARNING | 🟢 ENTRADA | Preço: 2.4970 | Investido: R$ 198.84
2026-02-11 12:41:58,607 | INFO | Buscando preço de ZROUSDT
2026-02-11 12:41:58,877 | INFO | Preço: 2.4960 | Média (5): 2.4926
2026-02-11 12:41:58,878 | INFO | Resultado real: -0.14% | R$ -0.28
2026-02-11 12:42:03,878 | INFO | Buscando preço de ZROUSDT
2026-02-11 12:42:04,145 | INFO | Preço: 2.4940 | Média (5): 2.4936
2026-02-11 12:42:04,145 | INFO | Resultado real: -0.22% | R$ -0.44
2026-02-11 12:42:09,147 | INFO | Buscando preço de ZROUSDT
2026-02-11 12:42:09,413 | INFO | Preço: 2.4870 | Média (5): 2.4930
2026-02-11 12:42:09,414 | INFO | Resultado real: -0.50% | R$ -0.99
2026-02-11 12:42:09,415 | WARNING | 🔴 STOP LOSS | Capital: R$ 994.18
2026-02-11 12:42:14,416 | INFO | Cooldown: 2
2026-02-11 12:42:14,416 | INFO | Buscando preço de ZROUSDT
2026-02-11 12:42:14,688 | INFO | Preço: 2.4860 | Média (5): 2.4920
2026-02-11 12:42:19,689 | INFO | Cooldown: 1
2026-02-11 12:42:19,689 | INFO | Buscando preço de ZROUSDT
2026-02-11 12:42:19,955 | INFO | Preço: 2.4830 | Média (5): 2.4892
2026-02-11 12:42:24,957 | INFO | Cooldown: 0
2026-02-11 12:42:24,957 | INFO | Buscando preço de ZROUSDT
2026-02-11 12:42:25,232 | INFO | Preço: 2.4790 | Média (5): 2.4858
2026-02-11 12:42:30,235 | INFO | Buscando preço de ZROUSDT
2026-02-11 12:42:30,506 | INFO | Preço: 2.4800 | Média (5): 2.4830
2026-02-11 12:42:35,507 | INFO | Buscando preço de ZROUSDT
2026-02-11 12:42:35,770 | INFO | Preço: 2.4770 | Média (5): 2.4810
2026-02-11 12:42:40,771 | INFO | Buscando preço de ZROUSDT
2026-02-11 12:42:41,037 | INFO | Preço: 2.4800 | Média (5): 2.4798
2026-02-11 12:42:41,037 | WARNING | 🟢 ENTRADA | Preço: 2.4800 | Investido: R$ 198.64
2026-02-11 12:42:46,038 | INFO | Buscando preço de ZROUSDT
2026-02-11 12:42:46,310 | INFO | Preço: 2.4820 | Média (5): 2.4796
2026-02-11 12:42:46,311 | INFO | Resultado real: -0.02% | R$ -0.04
2026-02-11 12:42:51,313 | INFO | Buscando preço de ZROUSDT
2026-02-11 12:42:51,584 | INFO | Preço: 2.4820 | Média (5): 2.4802
2026-02-11 12:42:51,584 | INFO | Resultado real: -0.02% | R$ -0.04
2026-02-11 12:42:56,586 | INFO | Buscando preço de ZROUSDT
2026-02-11 12:42:56,856 | INFO | Preço: 2.4790 | Média (5): 2.4800
2026-02-11 12:42:56,856 | INFO | Resultado real: -0.14% | R$ -0.28
2026-02-11 12:42:56,856 | INFO | Abaixo da média (1/3)
2026-02-11 12:43:01,858 | INFO | Buscando preço de ZROUSDT
2026-02-11 12:43:02,121 | INFO | Preço: 2.4780 | Média (5): 2.4802
2026-02-11 12:43:02,122 | INFO | Resultado real: -0.18% | R$ -0.36
2026-02-11 12:43:02,122 | INFO | Abaixo da média (2/3)
2026-02-11 12:43:07,123 | INFO | Buscando preço de ZROUSDT
2026-02-11 12:43:07,389 | INFO | Preço: 2.4780 | Média (5): 2.4798
2026-02-11 12:43:07,389 | INFO | Resultado real: -0.18% | R$ -0.36
2026-02-11 12:43:07,389 | INFO | Abaixo da média (3/3)
2026-02-11 12:43:07,390 | WARNING | 🔴 SAÍDA CONFIRMADA POR MÉDIA | Capital: R$ 993.83
2026-02-11 12:43:12,391 | INFO | Cooldown: 2
2026-02-11 12:43:12,391 | INFO | Buscando preço de ZROUSDT
2026-02-11 12:43:12,657 | INFO | Preço: 2.4770 | Média (5): 2.4788
2026-02-11 12:43:17,659 | INFO | Cooldown: 1
2026-02-11 12:43:17,659 | INFO | Buscando preço de ZROUSDT
2026-02-11 12:43:17,921 | INFO | Preço: 2.4800 | Média (5): 2.4784
2026-02-11 12:43:22,923 | INFO | Cooldown: 0
2026-02-11 12:43:22,923 | INFO | Buscando preço de ZROUSDT
2026-02-11 12:43:23,190 | INFO | Preço: 2.4830 | Média (5): 2.4792
2026-02-11 12:43:23,191 | WARNING | 🟢 ENTRADA | Preço: 2.4830 | Investido: R$ 198.57
2026-02-11 12:43:28,192 | INFO | Buscando preço de ZROUSDT
2026-02-11 12:43:28,460 | INFO | Preço: 2.4840 | Média (5): 2.4804
2026-02-11 12:43:28,460 | INFO | Resultado real: -0.06% | R$ -0.12
2026-02-11 12:43:33,462 | INFO | Buscando preço de ZROUSDT
2026-02-11 12:43:33,732 | INFO | Preço: 2.4810 | Média (5): 2.4810
2026-02-11 12:43:33,733 | INFO | Resultado real: -0.18% | R$ -0.36
2026-02-11 12:43:38,734 | INFO | Buscando preço de ZROUSDT
2026-02-11 12:43:38,999 | INFO | Preço: 2.4830 | Média (5): 2.4822
2026-02-11 12:43:38,999 | INFO | Resultado real: -0.10% | R$ -0.20
2026-02-11 12:43:44,000 | INFO | Buscando preço de ZROUSDT
2026-02-11 12:43:44,263 | INFO | Preço: 2.4830 | Média (5): 2.4828
2026-02-11 12:43:44,263 | INFO | Resultado real: -0.10% | R$ -0.20
2026-02-11 12:43:49,265 | INFO | Buscando preço de ZROUSDT
2026-02-11 12:43:49,526 | INFO | Preço: 2.4820 | Média (5): 2.4826
2026-02-11 12:43:49,527 | INFO | Resultado real: -0.14% | R$ -0.28
2026-02-11 12:43:49,527 | INFO | Abaixo da média (1/3)
2026-02-11 12:43:54,528 | INFO | Buscando preço de ZROUSDT
2026-02-11 12:43:54,798 | INFO | Preço: 2.4840 | Média (5): 2.4826
2026-02-11 12:43:54,799 | INFO | Resultado real: -0.06% | R$ -0.12
2026-02-11 12:43:59,801 | INFO | Buscando preço de ZROUSDT
2026-02-11 12:44:00,067 | INFO | Preço: 2.4880 | Média (5): 2.4840
2026-02-11 12:44:00,068 | INFO | Resultado real: 0.10% | R$ 0.20
2026-02-11 12:44:00,069 | WARNING | 🟢 TAKE PROFIT | Capital: R$ 994.03
2026-02-11 12:44:05,070 | INFO | Cooldown: 2
2026-02-11 12:44:05,070 | INFO | Buscando preço de ZROUSDT
2026-02-11 12:44:05,336 | INFO | Preço: 2.4850 | Média (5): 2.4844
2026-02-11 12:44:10,337 | INFO | Cooldown: 1
2026-02-11 12:44:10,337 | INFO | Buscando preço de ZROUSDT
2026-02-11 12:44:10,600 | INFO | Preço: 2.4890 | Média (5): 2.4856
2026-02-11 12:44:15,602 | INFO | Cooldown: 0
2026-02-11 12:44:15,602 | INFO | Buscando preço de ZROUSDT
2026-02-11 12:44:15,871 | INFO | Preço: 2.4870 | Média (5): 2.4866
2026-02-11 12:44:15,872 | WARNING | 🟢 ENTRADA | Preço: 2.4870 | Investido: R$ 198.61
2026-02-11 12:44:20,873 | INFO | Buscando preço de ZROUSDT
2026-02-11 12:44:21,143 | INFO | Preço: 2.4870 | Média (5): 2.4872
2026-02-11 12:44:21,143 | INFO | Resultado real: -0.10% | R$ -0.20
2026-02-11 12:44:21,143 | INFO | Abaixo da média (1/3)
2026-02-11 12:44:26,145 | INFO | Buscando preço de ZROUSDT
2026-02-11 12:44:26,410 | INFO | Preço: 2.4880 | Média (5): 2.4872
2026-02-11 12:44:26,411 | INFO | Resultado real: -0.06% | R$ -0.12
2026-02-11 12:44:31,412 | INFO | Buscando preço de ZROUSDT
2026-02-11 12:44:31,675 | INFO | Preço: 2.4860 | Média (5): 2.4874
2026-02-11 12:44:31,676 | INFO | Resultado real: -0.14% | R$ -0.28
2026-02-11 12:44:31,676 | INFO | Abaixo da média (1/3)
2026-02-11 12:44:36,678 | INFO | Buscando preço de ZROUSDT
2026-02-11 12:44:36,941 | INFO | Preço: 2.4830 | Média (5): 2.4862
2026-02-11 12:44:36,941 | INFO | Resultado real: -0.26% | R$ -0.52
2026-02-11 12:44:36,942 | INFO | Abaixo da média (2/3)
2026-02-11 12:44:41,942 | INFO | Buscando preço de ZROUSDT
2026-02-11 12:44:42,208 | INFO | Preço: 2.4820 | Média (5): 2.4852
2026-02-11 12:44:42,209 | INFO | Resultado real: -0.30% | R$ -0.60
2026-02-11 12:44:42,210 | WARNING | 🔴 STOP LOSS | Capital: R$ 993.43
2026-02-11 12:44:47,212 | INFO | Cooldown: 2
2026-02-11 12:44:47,212 | INFO | Buscando preço de ZROUSDT
2026-02-11 12:44:47,479 | INFO | Preço: 2.4830 | Média (5): 2.4844
2026-02-11 12:44:52,482 | INFO | Cooldown: 1
2026-02-11 12:44:52,482 | INFO | Buscando preço de ZROUSDT
2026-02-11 12:44:52,748 | INFO | Preço: 2.4820 | Média (5): 2.4832
2026-02-11 12:44:57,749 | INFO | Cooldown: 0
2026-02-11 12:44:57,749 | INFO | Buscando preço de ZROUSDT
2026-02-11 12:44:58,018 | INFO | Preço: 2.4830 | Média (5): 2.4826
2026-02-11 12:44:58,019 | WARNING | 🟢 ENTRADA | Preço: 2.4830 | Investido: R$ 198.49
2026-02-11 12:45:03,020 | INFO | Buscando preço de ZROUSDT
2026-02-11 12:45:03,283 | INFO | Preço: 2.4810 | Média (5): 2.4822
2026-02-11 12:45:03,283 | INFO | Resultado real: -0.18% | R$ -0.36
2026-02-11 12:45:03,284 | INFO | Abaixo da média (1/3)
2026-02-11 12:45:08,285 | INFO | Buscando preço de ZROUSDT
2026-02-11 12:45:08,549 | INFO | Preço: 2.4830 | Média (5): 2.4824
2026-02-11 12:45:08,549 | INFO | Resultado real: -0.10% | R$ -0.20
2026-02-11 12:45:13,550 | INFO | Buscando preço de ZROUSDT
2026-02-11 12:45:13,817 | INFO | Preço: 2.4850 | Média (5): 2.4828
2026-02-11 12:45:13,818 | INFO | Resultado real: -0.02% | R$ -0.04
2026-02-11 12:45:18,819 | INFO | Buscando preço de ZROUSDT
2026-02-11 12:45:19,083 | INFO | Preço: 2.4840 | Média (5): 2.4832
2026-02-11 12:45:19,084 | INFO | Resultado real: -0.06% | R$ -0.12
2026-02-11 12:45:24,085 | INFO | Buscando preço de ZROUSDT
2026-02-11 12:45:24,351 | INFO | Preço: 2.4840 | Média (5): 2.4834
2026-02-11 12:45:24,352 | INFO | Resultado real: -0.06% | R$ -0.12
2026-02-11 12:45:29,354 | INFO | Buscando preço de ZROUSDT
2026-02-11 12:45:30,137 | INFO | Preço: 2.4870 | Média (5): 2.4846
2026-02-11 12:45:30,137 | INFO | Resultado real: 0.06% | R$ 0.12
2026-02-11 12:45:30,138 | WARNING | 🟢 TAKE PROFIT | Capital: R$ 993.55
2026-02-11 12:45:35,140 | INFO | Cooldown: 2
2026-02-11 12:45:35,140 | INFO | Buscando preço de ZROUSDT
2026-02-11 12:45:35,403 | INFO | Preço: 2.4860 | Média (5): 2.4852
2026-02-11 12:45:40,404 | INFO | Cooldown: 1
2026-02-11 12:45:40,404 | INFO | Buscando preço de ZROUSDT
2026-02-11 12:45:40,674 | INFO | Preço: 2.4830 | Média (5): 2.4848
2026-02-11 12:45:45,675 | INFO | Cooldown: 0
2026-02-11 12:45:45,675 | INFO | Buscando preço de ZROUSDT
2026-02-11 12:45:45,941 | INFO | Preço: 2.4810 | Média (5): 2.4842
2026-02-11 12:45:50,943 | INFO | Buscando preço de ZROUSDT
2026-02-11 12:45:51,206 | INFO | Preço: 2.4810 | Média (5): 2.4836
2026-02-11 12:45:56,208 | INFO | Buscando preço de ZROUSDT
2026-02-11 12:45:56,475 | INFO | Preço: 2.4830 | Média (5): 2.4828
2026-02-11 12:45:56,475 | WARNING | 🟢 ENTRADA | Preço: 2.4830 | Investido: R$ 198.51
2026-02-11 12:46:01,476 | INFO | Buscando preço de ZROUSDT
2026-02-11 12:46:01,739 | INFO | Preço: 2.4820 | Média (5): 2.4820
2026-02-11 12:46:01,740 | INFO | Resultado real: -0.14% | R$ -0.28
2026-02-11 12:46:06,741 | INFO | Buscando preço de ZROUSDT
2026-02-11 12:46:07,009 | INFO | Preço: 2.4820 | Média (5): 2.4818
2026-02-11 12:46:07,010 | INFO | Resultado real: -0.14% | R$ -0.28
2026-02-11 12:46:12,010 | INFO | Buscando preço de ZROUSDT
2026-02-11 12:46:12,276 | INFO | Preço: 2.4810 | Média (5): 2.4818
2026-02-11 12:46:12,277 | INFO | Resultado real: -0.18% | R$ -0.36
2026-02-11 12:46:12,277 | INFO | Abaixo da média (1/3)
2026-02-11 12:46:17,278 | INFO | Buscando preço de ZROUSDT
2026-02-11 12:46:17,549 | INFO | Preço: 2.4840 | Média (5): 2.4824
2026-02-11 12:46:17,549 | INFO | Resultado real: -0.06% | R$ -0.12
2026-02-11 12:46:22,551 | INFO | Buscando preço de ZROUSDT
2026-02-11 12:46:22,814 | INFO | Preço: 2.4830 | Média (5): 2.4824
2026-02-11 12:46:22,815 | INFO | Resultado real: -0.10% | R$ -0.20
2026-02-11 12:46:27,815 | INFO | Buscando preço de ZROUSDT
2026-02-11 12:46:28,086 | INFO | Preço: 2.4840 | Média (5): 2.4828
2026-02-11 12:46:28,086 | INFO | Resultado real: -0.06% | R$ -0.12
2026-02-11 12:46:33,087 | INFO | Buscando preço de ZROUSDT
2026-02-11 12:46:33,354 | INFO | Preço: 2.4830 | Média (5): 2.4830
2026-02-11 12:46:33,354 | INFO | Resultado real: -0.10% | R$ -0.20
2026-02-11 12:46:38,355 | INFO | Buscando preço de ZROUSDT
2026-02-11 12:46:38,620 | INFO | Preço: 2.4850 | Média (5): 2.4838
2026-02-11 12:46:38,621 | INFO | Resultado real: -0.02% | R$ -0.04
2026-02-11 12:46:43,621 | INFO | Buscando preço de ZROUSDT
2026-02-11 12:46:43,887 | INFO | Preço: 2.4850 | Média (5): 2.4840
2026-02-11 12:46:43,887 | INFO | Resultado real: -0.02% | R$ -0.04
2026-02-11 12:46:48,889 | INFO | Buscando preço de ZROUSDT
2026-02-11 12:46:49,159 | INFO | Preço: 2.4840 | Média (5): 2.4842
2026-02-11 12:46:49,160 | INFO | Resultado real: -0.06% | R$ -0.12
2026-02-11 12:46:49,160 | INFO | Abaixo da média (1/3)
2026-02-11 12:46:54,161 | INFO | Buscando preço de ZROUSDT
2026-02-11 12:46:54,430 | INFO | Preço: 2.4850 | Média (5): 2.4844
2026-02-11 12:46:54,430 | INFO | Resultado real: -0.02% | R$ -0.04
2026-02-11 12:46:59,431 | INFO | Buscando preço de ZROUSDT
2026-02-11 12:46:59,701 | INFO | Preço: 2.4850 | Média (5): 2.4848
2026-02-11 12:46:59,701 | INFO | Resultado real: -0.02% | R$ -0.04
2026-02-11 12:47:04,702 | INFO | Buscando preço de ZROUSDT
2026-02-11 12:47:04,967 | INFO | Preço: 2.4830 | Média (5): 2.4844
2026-02-11 12:47:04,967 | INFO | Resultado real: -0.10% | R$ -0.20
2026-02-11 12:47:04,968 | INFO | Abaixo da média (1/3)
2026-02-11 12:47:09,969 | INFO | Buscando preço de ZROUSDT
2026-02-11 12:47:10,232 | INFO | Preço: 2.4840 | Média (5): 2.4842
2026-02-11 12:47:10,232 | INFO | Resultado real: -0.06% | R$ -0.12
2026-02-11 12:47:10,232 | INFO | Abaixo da média (2/3)
2026-02-11 12:47:15,234 | INFO | Buscando preço de ZROUSDT
2026-02-11 12:47:15,504 | INFO | Preço: 2.4840 | Média (5): 2.4842
2026-02-11 12:47:15,504 | INFO | Resultado real: -0.06% | R$ -0.12
2026-02-11 12:47:15,505 | INFO | Abaixo da média (3/3)
2026-02-11 12:47:15,506 | WARNING | 🔴 SAÍDA CONFIRMADA POR MÉDIA | Capital: R$ 993.43
2026-02-11 12:47:20,507 | INFO | Cooldown: 2
2026-02-11 12:47:20,507 | INFO | Buscando preço de ZROUSDT
2026-02-11 12:47:20,774 | INFO | Preço: 2.4820 | Média (5): 2.4836
2026-02-11 12:47:25,775 | INFO | Cooldown: 1
2026-02-11 12:47:25,775 | INFO | Buscando preço de ZROUSDT
2026-02-11 12:47:26,552 | INFO | Preço: 2.4840 | Média (5): 2.4834
2026-02-11 12:47:31,553 | INFO | Cooldown: 0
2026-02-11 12:47:31,553 | INFO | Buscando preço de ZROUSDT
2026-02-11 12:47:31,823 | INFO | Preço: 2.4820 | Média (5): 2.4832
2026-02-11 12:47:36,825 | INFO | Buscando preço de ZROUSDT
2026-02-11 12:47:37,092 | INFO | Preço: 2.4830 | Média (5): 2.4830
2026-02-11 12:47:42,093 | INFO | Buscando preço de ZROUSDT
2026-02-11 12:47:42,360 | INFO | Preço: 2.4840 | Média (5): 2.4830
2026-02-11 12:47:42,361 | WARNING | 🟢 ENTRADA | Preço: 2.4840 | Investido: R$ 198.49
2026-02-11 12:47:47,363 | INFO | Buscando preço de ZROUSDT
2026-02-11 12:47:47,632 | INFO | Preço: 2.4820 | Média (5): 2.4830
2026-02-11 12:47:47,633 | INFO | Resultado real: -0.18% | R$ -0.36
2026-02-11 12:47:47,633 | INFO | Abaixo da média (1/3)
2026-02-11 12:47:52,635 | INFO | Buscando preço de ZROUSDT
2026-02-11 12:47:52,898 | INFO | Preço: 2.4820 | Média (5): 2.4826
2026-02-11 12:47:52,898 | INFO | Resultado real: -0.18% | R$ -0.36
2026-02-11 12:47:52,899 | INFO | Abaixo da média (2/3)
2026-02-11 12:47:57,900 | INFO | Buscando preço de ZROUSDT
2026-02-11 12:47:58,164 | INFO | Preço: 2.4900 | Média (5): 2.4842
2026-02-11 12:47:58,165 | INFO | Resultado real: 0.14% | R$ 0.28
2026-02-11 12:47:58,166 | WARNING | 🟢 TAKE PROFIT | Capital: R$ 993.71
2026-02-11 12:48:03,168 | INFO | Cooldown: 2
2026-02-11 12:48:03,168 | INFO | Buscando preço de ZROUSDT
2026-02-11 12:48:03,434 | INFO | Preço: 2.4890 | Média (5): 2.4854
2026-02-11 12:48:08,435 | INFO | Cooldown: 1
2026-02-11 12:48:08,435 | INFO | Buscando preço de ZROUSDT
2026-02-11 12:48:08,702 | INFO | Preço: 2.4900 | Média (5): 2.4866
2026-02-11 12:48:13,703 | INFO | Cooldown: 0
2026-02-11 12:48:13,703 | INFO | Buscando preço de ZROUSDT
2026-02-11 12:48:13,971 | INFO | Preço: 2.4870 | Média (5): 2.4876
2026-02-11 12:48:18,972 | INFO | Buscando preço de ZROUSDT
2026-02-11 12:48:19,234 | INFO | Preço: 2.4840 | Média (5): 2.4880
2026-02-11 12:48:24,235 | INFO | Buscando preço de ZROUSDT
2026-02-11 12:48:24,502 | INFO | Preço: 2.4810 | Média (5): 2.4862
2026-02-11 12:48:29,504 | INFO | Buscando preço de ZROUSDT
2026-02-11 12:48:29,766 | INFO | Preço: 2.4860 | Média (5): 2.4856
2026-02-11 12:48:29,767 | WARNING | 🟢 ENTRADA | Preço: 2.4860 | Investido: R$ 198.54
2026-02-11 12:48:34,768 | INFO | Buscando preço de ZROUSDT
2026-02-11 12:48:35,031 | INFO | Preço: 2.4890 | Média (5): 2.4854
2026-02-11 12:48:35,031 | INFO | Resultado real: 0.02% | R$ 0.04
2026-02-11 12:48:40,032 | INFO | Buscando preço de ZROUSDT
2026-02-11 12:48:40,816 | INFO | Preço: 2.4890 | Média (5): 2.4858
2026-02-11 12:48:40,817 | INFO | Resultado real: 0.02% | R$ 0.04
2026-02-11 12:48:45,818 | INFO | Buscando preço de ZROUSDT
2026-02-11 12:48:46,084 | INFO | Preço: 2.4890 | Média (5): 2.4868
2026-02-11 12:48:46,085 | INFO | Resultado real: 0.02% | R$ 0.04
2026-02-11 12:48:51,086 | INFO | Buscando preço de ZROUSDT
2026-02-11 12:48:51,353 | INFO | Preço: 2.4890 | Média (5): 2.4884
2026-02-11 12:48:51,353 | INFO | Resultado real: 0.02% | R$ 0.04
2026-02-11 12:48:56,354 | INFO | Buscando preço de ZROUSDT
2026-02-11 12:48:56,623 | INFO | Preço: 2.4910 | Média (5): 2.4894
2026-02-11 12:48:56,624 | INFO | Resultado real: 0.10% | R$ 0.20
2026-02-11 12:48:56,625 | WARNING | 🟢 TAKE PROFIT | Capital: R$ 993.91
2026-02-11 12:49:01,627 | INFO | Cooldown: 2
2026-02-11 12:49:01,627 | INFO | Buscando preço de ZROUSDT
2026-02-11 12:49:01,894 | INFO | Preço: 2.4890 | Média (5): 2.4894
2026-02-11 12:49:06,895 | INFO | Cooldown: 1
2026-02-11 12:49:06,895 | INFO | Buscando preço de ZROUSDT
2026-02-11 12:49:07,158 | INFO | Preço: 2.4860 | Média (5): 2.4888
2026-02-11 12:49:12,159 | INFO | Cooldown: 0
2026-02-11 12:49:12,159 | INFO | Buscando preço de ZROUSDT
2026-02-11 12:49:12,425 | INFO | Preço: 2.4840 | Média (5): 2.4878
2026-02-11 12:49:17,427 | INFO | Buscando preço de ZROUSDT
2026-02-11 12:49:17,697 | INFO | Preço: 2.4820 | Média (5): 2.4864
2026-02-11 12:49:22,698 | INFO | Buscando preço de ZROUSDT
2026-02-11 12:49:22,971 | INFO | Preço: 2.4860 | Média (5): 2.4854
2026-02-11 12:49:22,971 | WARNING | 🟢 ENTRADA | Preço: 2.4860 | Investido: R$ 198.58
2026-02-11 12:49:27,972 | INFO | Buscando preço de ZROUSDT
2026-02-11 12:49:28,241 | INFO | Preço: 2.4860 | Média (5): 2.4848
2026-02-11 12:49:28,242 | INFO | Resultado real: -0.10% | R$ -0.20
2026-02-11 12:49:33,243 | INFO | Buscando preço de ZROUSDT
2026-02-11 12:49:33,509 | INFO | Preço: 2.4860 | Média (5): 2.4848
2026-02-11 12:49:33,509 | INFO | Resultado real: -0.10% | R$ -0.20
2026-02-11 12:49:38,510 | INFO | Buscando preço de ZROUSDT
2026-02-11 12:49:38,773 | INFO | Preço: 2.4840 | Média (5): 2.4848
2026-02-11 12:49:38,773 | INFO | Resultado real: -0.18% | R$ -0.36
2026-02-11 12:49:38,773 | INFO | Abaixo da média (1/3)
2026-02-11 12:49:43,775 | INFO | Buscando preço de ZROUSDT
2026-02-11 12:49:44,044 | INFO | Preço: 2.4840 | Média (5): 2.4852
2026-02-11 12:49:44,045 | INFO | Resultado real: -0.18% | R$ -0.36
2026-02-11 12:49:44,045 | INFO | Abaixo da média (2/3)
2026-02-11 12:49:49,046 | INFO | Buscando preço de ZROUSDT
2026-02-11 12:49:49,315 | INFO | Preço: 2.4840 | Média (5): 2.4848
2026-02-11 12:49:49,316 | INFO | Resultado real: -0.18% | R$ -0.36
2026-02-11 12:49:49,316 | INFO | Abaixo da média (3/3)
2026-02-11 12:49:49,317 | WARNING | 🔴 SAÍDA CONFIRMADA POR MÉDIA | Capital: R$ 993.55
2026-02-11 12:49:54,318 | INFO | Cooldown: 2
2026-02-11 12:49:54,318 | INFO | Buscando preço de ZROUSDT
2026-02-11 12:49:54,589 | INFO | Preço: 2.4840 | Média (5): 2.4844
2026-02-11 12:49:59,590 | INFO | Cooldown: 1
2026-02-11 12:49:59,590 | INFO | Buscando preço de ZROUSDT
2026-02-11 12:49:59,855 | INFO | Preço: 2.4840 | Média (5): 2.4840
2026-02-11 12:50:04,857 | INFO | Cooldown: 0
2026-02-11 12:50:04,857 | INFO | Buscando preço de ZROUSDT
2026-02-11 12:50:05,120 | INFO | Preço: 2.4820 | Média (5): 2.4836
2026-02-11 12:50:10,121 | INFO | Buscando preço de ZROUSDT
2026-02-11 12:50:10,384 | INFO | Preço: 2.4790 | Média (5): 2.4826
2026-02-11 12:50:15,385 | INFO | Buscando preço de ZROUSDT
2026-02-11 12:50:15,649 | INFO | Preço: 2.4820 | Média (5): 2.4822
2026-02-11 12:50:20,651 | INFO | Buscando preço de ZROUSDT
2026-02-11 12:50:20,918 | INFO | Preço: 2.4800 | Média (5): 2.4814
2026-02-11 12:50:25,920 | INFO | Buscando preço de ZROUSDT
2026-02-11 12:50:26,185 | INFO | Preço: 2.4730 | Média (5): 2.4792
2026-02-11 12:50:31,186 | INFO | Buscando preço de ZROUSDT
2026-02-11 12:50:31,455 | INFO | Preço: 2.4700 | Média (5): 2.4768
2026-02-11 12:50:36,457 | INFO | Buscando preço de ZROUSDT
2026-02-11 12:50:36,722 | INFO | Preço: 2.4680 | Média (5): 2.4746
2026-02-11 12:50:41,724 | INFO | Buscando preço de ZROUSDT
2026-02-11 12:50:41,990 | INFO | Preço: 2.4680 | Média (5): 2.4718
2026-02-11 12:50:46,992 | INFO | Buscando preço de ZROUSDT
2026-02-11 12:50:47,257 | INFO | Preço: 2.4690 | Média (5): 2.4696
2026-02-11 12:50:52,259 | INFO | Buscando preço de ZROUSDT
2026-02-11 12:50:52,523 | INFO | Preço: 2.4620 | Média (5): 2.4674
2026-02-11 12:50:57,525 | INFO | Buscando preço de ZROUSDT
2026-02-11 12:50:57,791 | INFO | Preço: 2.4560 | Média (5): 2.4646
2026-02-11 12:51:02,793 | INFO | Buscando preço de ZROUSDT
2026-02-11 12:51:03,059 | INFO | Preço: 2.4600 | Média (5): 2.4630
2026-02-11 12:51:08,060 | INFO | Buscando preço de ZROUSDT
2026-02-11 12:51:08,328 | INFO | Preço: 2.4580 | Média (5): 2.4610
2026-02-11 12:51:13,329 | INFO | Buscando preço de ZROUSDT
2026-02-11 12:51:13,597 | INFO | Preço: 2.4580 | Média (5): 2.4588
2026-02-11 12:51:18,598 | INFO | Buscando preço de ZROUSDT
2026-02-11 12:51:18,863 | INFO | Preço: 2.4650 | Média (5): 2.4594
2026-02-11 12:51:18,863 | WARNING | 🟢 ENTRADA | Preço: 2.4650 | Investido: R$ 198.51
2026-02-11 12:51:23,864 | INFO | Buscando preço de ZROUSDT
2026-02-11 12:51:24,131 | INFO | Preço: 2.4650 | Média (5): 2.4612
2026-02-11 12:51:24,131 | INFO | Resultado real: -0.10% | R$ -0.20
2026-02-11 12:51:29,133 | INFO | Buscando preço de ZROUSDT
2026-02-11 12:51:29,908 | INFO | Preço: 2.4670 | Média (5): 2.4626
2026-02-11 12:51:29,908 | INFO | Resultado real: -0.02% | R$ -0.04
2026-02-11 12:51:34,915 | INFO | Buscando preço de ZROUSDT
2026-02-11 12:51:35,179 | INFO | Preço: 2.4690 | Média (5): 2.4648
2026-02-11 12:51:35,180 | INFO | Resultado real: 0.06% | R$ 0.12
2026-02-11 12:51:35,181 | WARNING | 🟢 TAKE PROFIT | Capital: R$ 993.68
2026-02-11 12:51:40,182 | INFO | Cooldown: 2
2026-02-11 12:51:40,182 | INFO | Buscando preço de ZROUSDT
2026-02-11 12:51:40,451 | INFO | Preço: 2.4730 | Média (5): 2.4678
2026-02-11 12:51:45,453 | INFO | Cooldown: 1
2026-02-11 12:51:45,453 | INFO | Buscando preço de ZROUSDT
2026-02-11 12:51:45,704 | INFO | Preço: 2.4730 | Média (5): 2.4694
2026-02-11 12:51:50,716 | INFO | Cooldown: 0
2026-02-11 12:51:50,716 | INFO | Buscando preço de ZROUSDT
2026-02-11 12:51:50,970 | INFO | Preço: 2.4730 | Média (5): 2.4710
2026-02-11 12:51:50,970 | WARNING | 🟢 ENTRADA | Preço: 2.4730 | Investido: R$ 198.54
2026-02-11 12:51:55,983 | INFO | Buscando preço de ZROUSDT
2026-02-11 12:51:56,237 | INFO | Preço: 2.4800 | Média (5): 2.4736
2026-02-11 12:51:56,237 | INFO | Resultado real: 0.18% | R$ 0.36
2026-02-11 12:51:56,237 | WARNING | 🟢 TAKE PROFIT | Capital: R$ 994.04
2026-02-11 12:52:01,252 | INFO | Cooldown: 2
2026-02-11 12:52:01,253 | INFO | Buscando preço de ZROUSDT
2026-02-11 12:52:01,518 | INFO | Preço: 2.4760 | Média (5): 2.4750
2026-02-11 12:52:06,519 | INFO | Cooldown: 1
2026-02-11 12:52:06,519 | INFO | Buscando preço de ZROUSDT
2026-02-11 12:52:06,769 | INFO | Preço: 2.4750 | Média (5): 2.4754
2026-02-11 12:52:11,782 | INFO | Cooldown: 0
2026-02-11 12:52:11,782 | INFO | Buscando preço de ZROUSDT
2026-02-11 12:52:12,044 | INFO | Preço: 2.4730 | Média (5): 2.4754
2026-02-11 12:52:17,045 | INFO | Buscando preço de ZROUSDT
2026-02-11 12:52:17,323 | INFO | Preço: 2.4740 | Média (5): 2.4756
2026-02-11 12:52:22,325 | INFO | Buscando preço de ZROUSDT
2026-02-11 12:52:22,584 | INFO | Preço: 2.4750 | Média (5): 2.4746
2026-02-11 12:52:22,584 | WARNING | 🟢 ENTRADA | Preço: 2.4750 | Investido: R$ 198.61
2026-02-11 12:52:27,589 | INFO | Buscando preço de ZROUSDT
2026-02-11 12:52:27,851 | INFO | Preço: 2.4750 | Média (5): 2.4744
2026-02-11 12:52:27,851 | INFO | Resultado real: -0.10% | R$ -0.20
2026-02-11 12:52:32,857 | INFO | Buscando preço de ZROUSDT
2026-02-11 12:52:33,117 | INFO | Preço: 2.4750 | Média (5): 2.4744
2026-02-11 12:52:33,117 | INFO | Resultado real: -0.10% | R$ -0.20
2026-02-11 12:52:38,125 | INFO | Buscando preço de ZROUSDT
2026-02-11 12:52:38,383 | INFO | Preço: 2.4780 | Média (5): 2.4754
2026-02-11 12:52:38,383 | INFO | Resultado real: 0.02% | R$ 0.04
2026-02-11 12:52:43,396 | INFO | Buscando preço de ZROUSDT
2026-02-11 12:52:43,659 | INFO | Preço: 2.4790 | Média (5): 2.4764
2026-02-11 12:52:43,659 | INFO | Resultado real: 0.06% | R$ 0.12
2026-02-11 12:52:43,659 | WARNING | 🟢 TAKE PROFIT | Capital: R$ 994.16
2026-02-11 12:52:48,661 | INFO | Cooldown: 2
2026-02-11 12:52:48,661 | INFO | Buscando preço de ZROUSDT
2026-02-11 12:52:48,915 | INFO | Preço: 2.4790 | Média (5): 2.4772
2026-02-11 12:52:53,928 | INFO | Cooldown: 1
2026-02-11 12:52:53,928 | INFO | Buscando preço de ZROUSDT
2026-02-11 12:52:54,182 | INFO | Preço: 2.4790 | Média (5): 2.4780
2026-02-11 12:52:59,193 | INFO | Cooldown: 0
2026-02-11 12:52:59,193 | INFO | Buscando preço de ZROUSDT
2026-02-11 12:52:59,448 | INFO | Preço: 2.4810 | Média (5): 2.4792
2026-02-11 12:52:59,448 | WARNING | 🟢 ENTRADA | Preço: 2.4810 | Investido: R$ 198.63
2026-02-11 12:53:04,461 | INFO | Buscando preço de ZROUSDT
2026-02-11 12:53:04,730 | INFO | Preço: 2.4820 | Média (5): 2.4800
2026-02-11 12:53:04,731 | INFO | Resultado real: -0.06% | R$ -0.12
2026-02-11 12:53:09,732 | INFO | Buscando preço de ZROUSDT
2026-02-11 12:53:10,000 | INFO | Preço: 2.4830 | Média (5): 2.4808
2026-02-11 12:53:10,000 | INFO | Resultado real: -0.02% | R$ -0.04
2026-02-11 12:53:15,003 | INFO | Buscando preço de ZROUSDT
2026-02-11 12:53:15,263 | INFO | Preço: 2.4800 | Média (5): 2.4810
2026-02-11 12:53:15,263 | INFO | Resultado real: -0.14% | R$ -0.28
2026-02-11 12:53:15,263 | INFO | Abaixo da média (1/3)
2026-02-11 12:53:20,269 | INFO | Buscando preço de ZROUSDT
2026-02-11 12:53:20,535 | INFO | Preço: 2.4790 | Média (5): 2.4810
2026-02-11 12:53:20,536 | INFO | Resultado real: -0.18% | R$ -0.36
2026-02-11 12:53:20,536 | INFO | Abaixo da média (2/3)
2026-02-11 12:53:25,537 | INFO | Buscando preço de ZROUSDT
2026-02-11 12:53:25,796 | INFO | Preço: 2.4800 | Média (5): 2.4808
2026-02-11 12:53:25,796 | INFO | Resultado real: -0.14% | R$ -0.28
2026-02-11 12:53:25,796 | INFO | Abaixo da média (3/3)
2026-02-11 12:53:25,796 | WARNING | 🔴 SAÍDA CONFIRMADA POR MÉDIA | Capital: R$ 993.88
2026-02-11 12:53:30,809 | INFO | Cooldown: 2
2026-02-11 12:53:30,809 | INFO | Buscando preço de ZROUSDT
2026-02-11 12:53:31,074 | INFO | Preço: 2.4800 | Média (5): 2.4804
2026-02-11 12:53:36,075 | INFO | Cooldown: 1
2026-02-11 12:53:36,075 | INFO | Buscando preço de ZROUSDT
2026-02-11 12:53:36,328 | INFO | Preço: 2.4800 | Média (5): 2.4798
2026-02-11 12:53:41,343 | INFO | Cooldown: 0
2026-02-11 12:53:41,343 | INFO | Buscando preço de ZROUSDT
2026-02-11 12:53:41,614 | INFO | Preço: 2.4800 | Média (5): 2.4798
2026-02-11 12:53:41,614 | WARNING | 🟢 ENTRADA | Preço: 2.4800 | Investido: R$ 198.58
2026-02-11 12:53:46,615 | INFO | Buscando preço de ZROUSDT
2026-02-11 12:53:46,877 | INFO | Preço: 2.4790 | Média (5): 2.4798
2026-02-11 12:53:46,877 | INFO | Resultado real: -0.14% | R$ -0.28
2026-02-11 12:53:46,877 | INFO | Abaixo da média (1/3)
2026-02-11 12:53:51,885 | INFO | Buscando preço de ZROUSDT
2026-02-11 12:53:52,143 | INFO | Preço: 2.4790 | Média (5): 2.4796
2026-02-11 12:53:52,143 | INFO | Resultado real: -0.14% | R$ -0.28
2026-02-11 12:53:52,143 | INFO | Abaixo da média (2/3)
2026-02-11 12:53:57,156 | INFO | Buscando preço de ZROUSDT
2026-02-11 12:53:57,410 | INFO | Preço: 2.4810 | Média (5): 2.4798
2026-02-11 12:53:57,410 | INFO | Resultado real: -0.06% | R$ -0.12
2026-02-11 12:54:02,424 | INFO | Buscando preço de ZROUSDT
2026-02-11 12:54:02,690 | INFO | Preço: 2.4850 | Média (5): 2.4808
2026-02-11 12:54:02,691 | INFO | Resultado real: 0.10% | R$ 0.20
2026-02-11 12:54:02,692 | WARNING | 🟢 TAKE PROFIT | Capital: R$ 994.08
2026-02-11 12:54:07,693 | INFO | Cooldown: 2
2026-02-11 12:54:07,693 | INFO | Buscando preço de ZROUSDT
2026-02-11 12:54:07,963 | INFO | Preço: 2.4820 | Média (5): 2.4812
2026-02-11 12:54:12,964 | INFO | Cooldown: 1
2026-02-11 12:54:12,964 | INFO | Buscando preço de ZROUSDT
2026-02-11 12:54:13,225 | INFO | Preço: 2.4810 | Média (5): 2.4816
2026-02-11 12:54:18,232 | INFO | Cooldown: 0
2026-02-11 12:54:18,232 | INFO | Buscando preço de ZROUSDT
2026-02-11 12:54:18,496 | INFO | Preço: 2.4810 | Média (5): 2.4820
2026-02-11 12:54:23,506 | INFO | Buscando preço de ZROUSDT
2026-02-11 12:54:23,757 | INFO | Preço: 2.4820 | Média (5): 2.4822
2026-02-11 12:54:28,772 | INFO | Buscando preço de ZROUSDT
2026-02-11 12:54:29,034 | INFO | Preço: 2.4870 | Média (5): 2.4826
2026-02-11 12:54:29,035 | WARNING | 🟢 ENTRADA | Preço: 2.4870 | Investido: R$ 198.62
2026-02-11 12:54:34,036 | INFO | Buscando preço de ZROUSDT
2026-02-11 12:54:34,295 | INFO | Preço: 2.4870 | Média (5): 2.4836
2026-02-11 12:54:34,295 | INFO | Resultado real: -0.10% | R$ -0.20
2026-02-11 12:54:39,305 | INFO | Buscando preço de ZROUSDT
2026-02-11 12:54:39,572 | INFO | Preço: 2.4890 | Média (5): 2.4852
2026-02-11 12:54:39,572 | INFO | Resultado real: -0.02% | R$ -0.04
2026-02-11 12:54:44,574 | INFO | Buscando preço de ZROUSDT
2026-02-11 12:54:44,835 | INFO | Preço: 2.4880 | Média (5): 2.4866
2026-02-11 12:54:44,836 | INFO | Resultado real: -0.06% | R$ -0.12
2026-02-11 12:54:49,837 | INFO | Buscando preço de ZROUSDT
2026-02-11 12:54:50,103 | INFO | Preço: 2.4900 | Média (5): 2.4882
2026-02-11 12:54:50,104 | INFO | Resultado real: 0.02% | R$ 0.04
2026-02-11 12:54:55,105 | INFO | Buscando preço de ZROUSDT
2026-02-11 12:54:55,371 | INFO | Preço: 2.4930 | Média (5): 2.4894
2026-02-11 12:54:55,371 | INFO | Resultado real: 0.14% | R$ 0.28
2026-02-11 12:54:55,371 | WARNING | 🟢 TAKE PROFIT | Capital: R$ 994.36
2026-02-11 12:55:00,373 | INFO | Cooldown: 2
2026-02-11 12:55:00,373 | INFO | Buscando preço de ZROUSDT
2026-02-11 12:55:00,621 | INFO | Preço: 2.4910 | Média (5): 2.4902
2026-02-11 12:55:05,637 | INFO | Cooldown: 1
2026-02-11 12:55:05,637 | INFO | Buscando preço de ZROUSDT
2026-02-11 12:55:05,903 | INFO | Preço: 2.4910 | Média (5): 2.4906
2026-02-11 12:55:10,904 | INFO | Cooldown: 0
2026-02-11 12:55:10,905 | INFO | Buscando preço de ZROUSDT
2026-02-11 12:55:11,170 | INFO | Preço: 2.4910 | Média (5): 2.4912
2026-02-11 12:55:16,171 | INFO | Buscando preço de ZROUSDT
2026-02-11 12:55:16,420 | INFO | Preço: 2.4920 | Média (5): 2.4916
2026-02-11 12:55:16,420 | WARNING | 🟢 ENTRADA | Preço: 2.4920 | Investido: R$ 198.67
2026-02-11 12:55:21,436 | INFO | Buscando preço de ZROUSDT
2026-02-11 12:55:21,698 | INFO | Preço: 2.4890 | Média (5): 2.4908
2026-02-11 12:55:21,699 | INFO | Resultado real: -0.22% | R$ -0.44
2026-02-11 12:55:21,699 | INFO | Abaixo da média (1/3)
2026-02-11 12:55:26,700 | INFO | Buscando preço de ZROUSDT
2026-02-11 12:55:26,968 | INFO | Preço: 2.4800 | Média (5): 2.4886
2026-02-11 12:55:26,968 | INFO | Resultado real: -0.58% | R$ -1.15
2026-02-11 12:55:26,968 | WARNING | 🔴 STOP LOSS | Capital: R$ 993.21
2026-02-11 12:55:31,971 | INFO | Cooldown: 2
2026-02-11 12:55:31,971 | INFO | Buscando preço de ZROUSDT
2026-02-11 12:55:32,235 | INFO | Preço: 2.4780 | Média (5): 2.4860
2026-02-11 12:55:37,237 | INFO | Cooldown: 1
2026-02-11 12:55:37,237 | INFO | Buscando preço de ZROUSDT
2026-02-11 12:55:37,484 | INFO | Preço: 2.4750 | Média (5): 2.4828
2026-02-11 12:55:42,500 | INFO | Cooldown: 0
2026-02-11 12:55:42,501 | INFO | Buscando preço de ZROUSDT
2026-02-11 12:55:42,752 | INFO | Preço: 2.4750 | Média (5): 2.4794
2026-02-11 12:55:47,764 | INFO | Buscando preço de ZROUSDT
2026-02-11 12:55:48,017 | INFO | Preço: 2.4740 | Média (5): 2.4764
2026-02-11 12:55:53,031 | INFO | Buscando preço de ZROUSDT
2026-02-11 12:55:53,296 | INFO | Preço: 2.4700 | Média (5): 2.4744
2026-02-11 12:55:58,297 | INFO | Buscando preço de ZROUSDT
2026-02-11 12:55:58,566 | INFO | Preço: 2.4690 | Média (5): 2.4726
2026-02-11 12:56:03,567 | INFO | Buscando preço de ZROUSDT
2026-02-11 12:56:03,832 | INFO | Preço: 2.4710 | Média (5): 2.4718
2026-02-11 12:56:08,834 | INFO | Buscando preço de ZROUSDT
2026-02-11 12:56:09,099 | INFO | Preço: 2.4770 | Média (5): 2.4722
2026-02-11 12:56:09,099 | WARNING | 🟢 ENTRADA | Preço: 2.4770 | Investido: R$ 198.44
2026-02-11 12:56:14,100 | INFO | Buscando preço de ZROUSDT
2026-02-11 12:56:14,363 | INFO | Preço: 2.4780 | Média (5): 2.4730
2026-02-11 12:56:14,364 | INFO | Resultado real: -0.06% | R$ -0.12
2026-02-11 12:56:19,364 | INFO | Buscando preço de ZROUSDT
2026-02-11 12:56:19,636 | INFO | Preço: 2.4700 | Média (5): 2.4730
2026-02-11 12:56:19,637 | INFO | Resultado real: -0.38% | R$ -0.76
2026-02-11 12:56:19,638 | WARNING | 🔴 STOP LOSS | Capital: R$ 992.45
2026-02-11 12:56:24,640 | INFO | Cooldown: 2
2026-02-11 12:56:24,640 | INFO | Buscando preço de ZROUSDT
2026-02-11 12:56:24,906 | INFO | Preço: 2.4750 | Média (5): 2.4742
2026-02-11 12:56:29,907 | INFO | Cooldown: 1
2026-02-11 12:56:29,907 | INFO | Buscando preço de ZROUSDT
2026-02-11 12:56:30,177 | INFO | Preço: 2.4770 | Média (5): 2.4754
2026-02-11 12:56:35,178 | INFO | Cooldown: 0
2026-02-11 12:56:35,178 | INFO | Buscando preço de ZROUSDT
2026-02-11 12:56:35,446 | INFO | Preço: 2.4780 | Média (5): 2.4756
2026-02-11 12:56:35,446 | WARNING | 🟢 ENTRADA | Preço: 2.4780 | Investido: R$ 198.29
2026-02-11 12:56:40,448 | INFO | Buscando preço de ZROUSDT
2026-02-11 12:56:40,712 | INFO | Preço: 2.4760 | Média (5): 2.4752
2026-02-11 12:56:40,712 | INFO | Resultado real: -0.18% | R$ -0.36
2026-02-11 12:56:45,717 | INFO | Buscando preço de ZROUSDT
2026-02-11 12:56:45,979 | INFO | Preço: 2.4750 | Média (5): 2.4762
2026-02-11 12:56:45,979 | INFO | Resultado real: -0.22% | R$ -0.44
2026-02-11 12:56:45,979 | INFO | Abaixo da média (1/3)
2026-02-11 12:56:49,512 | INFO | ========== RELATÓRIO FINAL ==========
2026-02-11 12:56:49,512 | INFO | Capital final: R$ 992.45
2026-02-11 12:56:49,512 | INFO | Trades: 38
2026-02-11 12:56:49,512 | INFO | Vitórias: 19
2026-02-11 12:56:49,512 | INFO | Derrotas: 11
2026-02-11 12:56:49,512 | INFO | Win rate: 50.00%
2026-02-11 12:56:49,512 | INFO | Lucro total: R$ -7.55
2026-02-11 12:57:14,927 | INFO | Criando cliente da Binance
2026-02-11 12:58:13,629 | INFO | Criando cliente da Binance
2026-02-11 12:58:39,901 | INFO | Criando cliente da Binance
2026-02-11 12:59:58,546 | INFO | Criando cliente da Binance
2026-02-11 13:00:11,833 | INFO | Criando cliente da Binance
2026-02-11 13:00:45,113 | INFO | Criando cliente da Binance
2026-02-11 13:01:04,207 | INFO | Criando cliente da Binance
2026-02-11 13:01:14,945 | INFO | Criando cliente da Binance
2026-02-11 13:35:37,231 | INFO | generated new fontManager
2026-02-11 13:35:37,980 | INFO | Criando cliente da Binance
2026-02-11 16:00:22,102 | INFO | Criando cliente da Binance
2026-02-11 16:08:10,529 | INFO | Criando cliente da Binance
2026-02-11 16:10:27,185 | INFO | Criando cliente da Binance
2026-02-11 16:13:28,822 | INFO | Criando cliente da Binance
2026-02-11 16:16:00,543 | INFO | Criando cliente da Binance
2026-02-11 16:17:07,634 | INFO | Criando cliente da Binance
2026-02-11 16:20:04,971 | INFO | Criando cliente da Binance
2026-02-11 16:21:37,815 | INFO | Criando cliente da Binance
2026-02-11 16:25:01,661 | INFO | Criando cliente da Binance
2026-02-11 16:25:14,793 | INFO | Criando cliente da Binance
2026-02-11 16:27:29,782 | INFO | Criando cliente da Binance
2026-02-11 16:34:52,429 | INFO | Bot iniciado (VERSÃO COMPLETA PROFISSIONAL)
2026-02-11 16:34:52,429 | INFO | Criando cliente da Binance
2026-02-11 16:34:53,728 | INFO | Buscando preço de ZROUSDT
2026-02-11 16:34:54,006 | INFO | Aguardando dados da média...
2026-02-11 16:34:59,007 | INFO | Buscando preço de ZROUSDT
2026-02-11 16:34:59,261 | INFO | Aguardando dados da média...
2026-02-11 16:35:04,270 | INFO | Buscando preço de ZROUSDT
2026-02-11 16:35:04,527 | INFO | Aguardando dados da média...
2026-02-11 16:35:09,538 | INFO | Buscando preço de ZROUSDT
2026-02-11 16:35:09,793 | INFO | Aguardando dados da média...
2026-02-11 16:35:14,806 | INFO | Buscando preço de ZROUSDT
2026-02-11 16:35:15,059 | INFO | Preço: 2.3390 | Média (5): 2.3384
2026-02-11 16:35:15,059 | WARNING | 🟢 ENTRADA | Preço: 2.3390 | Investido: R$ 399.60
2026-02-11 16:35:20,074 | INFO | Buscando preço de ZROUSDT
2026-02-11 16:35:20,342 | INFO | Preço: 2.3340 | Média (5): 2.3378
2026-02-11 16:35:20,342 | INFO | Resultado real: -0.31% | R$ -1.25
2026-02-11 16:35:20,342 | WARNING | 🔴 STOP LOSS | Capital: R$ 998.75
2026-02-11 16:35:25,347 | INFO | Cooldown: 2
2026-02-11 16:35:25,347 | INFO | Buscando preço de ZROUSDT
2026-02-11 16:35:25,609 | INFO | Preço: 2.3320 | Média (5): 2.3368
2026-02-11 16:35:30,618 | INFO | Cooldown: 1
2026-02-11 16:35:30,618 | INFO | Buscando preço de ZROUSDT
2026-02-11 16:35:30,883 | INFO | Preço: 2.3320 | Média (5): 2.3356
2026-02-11 16:35:35,885 | INFO | Cooldown: 0
2026-02-11 16:35:35,885 | INFO | Buscando preço de ZROUSDT
2026-02-11 16:35:36,156 | INFO | Preço: 2.3340 | Média (5): 2.3342
2026-02-11 16:35:41,158 | INFO | Buscando preço de ZROUSDT
2026-02-11 16:35:41,407 | INFO | Preço: 2.3340 | Média (5): 2.3332
2026-02-11 16:35:41,407 | WARNING | 🟢 ENTRADA | Preço: 2.3340 | Investido: R$ 399.10
2026-02-11 16:35:46,422 | INFO | Buscando preço de ZROUSDT
2026-02-11 16:35:46,673 | INFO | Preço: 2.3340 | Média (5): 2.3332
2026-02-11 16:35:46,673 | INFO | Resultado real: -0.10% | R$ -0.40
2026-02-11 16:35:51,689 | INFO | Buscando preço de ZROUSDT
2026-02-11 16:35:51,940 | INFO | Preço: 2.3320 | Média (5): 2.3332
2026-02-11 16:35:51,955 | INFO | Resultado real: -0.19% | R$ -0.74
2026-02-11 16:35:51,955 | INFO | Abaixo da média (1/3)
2026-02-11 16:35:56,956 | INFO | Buscando preço de ZROUSDT
2026-02-11 16:35:57,223 | INFO | Preço: 2.3330 | Média (5): 2.3334
2026-02-11 16:35:57,223 | INFO | Resultado real: -0.14% | R$ -0.57
2026-02-11 16:35:57,223 | INFO | Abaixo da média (2/3)
2026-02-11 16:36:02,225 | INFO | Buscando preço de ZROUSDT
2026-02-11 16:36:02,493 | INFO | Preço: 2.3360 | Média (5): 2.3338
2026-02-11 16:36:02,494 | INFO | Resultado real: -0.01% | R$ -0.06
2026-02-11 16:36:07,495 | INFO | Buscando preço de ZROUSDT
2026-02-11 16:36:07,757 | INFO | Preço: 2.3410 | Média (5): 2.3352
2026-02-11 16:36:07,757 | INFO | Resultado real: 0.20% | R$ 0.80
2026-02-11 16:36:07,758 | WARNING | 🟢 TAKE PROFIT | Capital: R$ 999.54
2026-02-11 16:36:12,759 | INFO | Cooldown: 2
2026-02-11 16:36:12,759 | INFO | Buscando preço de ZROUSDT
2026-02-11 16:36:13,021 | INFO | Preço: 2.3410 | Média (5): 2.3366
2026-02-11 16:36:18,028 | INFO | Cooldown: 1
2026-02-11 16:36:18,028 | INFO | Buscando preço de ZROUSDT
2026-02-11 16:36:18,297 | INFO | Preço: 2.3420 | Média (5): 2.3386
2026-02-11 16:36:23,299 | INFO | Cooldown: 0
2026-02-11 16:36:23,299 | INFO | Buscando preço de ZROUSDT
2026-02-11 16:36:23,554 | INFO | Preço: 2.3430 | Média (5): 2.3406
2026-02-11 16:36:23,554 | WARNING | 🟢 ENTRADA | Preço: 2.3430 | Investido: R$ 399.42
2026-02-11 16:36:28,563 | INFO | Buscando preço de ZROUSDT
2026-02-11 16:36:28,820 | INFO | Preço: 2.3450 | Média (5): 2.3424
2026-02-11 16:36:28,820 | INFO | Resultado real: -0.01% | R$ -0.06
2026-02-11 16:36:33,831 | INFO | Buscando preço de ZROUSDT
2026-02-11 16:36:34,086 | INFO | Preço: 2.3460 | Média (5): 2.3434
2026-02-11 16:36:34,086 | INFO | Resultado real: 0.03% | R$ 0.11
2026-02-11 16:36:39,099 | INFO | Buscando preço de ZROUSDT
2026-02-11 16:36:39,352 | INFO | Preço: 2.3450 | Média (5): 2.3442
2026-02-11 16:36:39,352 | INFO | Resultado real: -0.01% | R$ -0.06
2026-02-11 16:36:44,367 | INFO | Buscando preço de ZROUSDT
2026-02-11 16:36:44,635 | INFO | Preço: 2.3470 | Média (5): 2.3452
2026-02-11 16:36:44,635 | INFO | Resultado real: 0.07% | R$ 0.28
2026-02-11 16:36:44,635 | WARNING | 🟢 TAKE PROFIT | Capital: R$ 999.83
2026-02-11 16:36:49,638 | INFO | Cooldown: 2
2026-02-11 16:36:49,638 | INFO | Buscando preço de ZROUSDT
2026-02-11 16:36:49,902 | INFO | Preço: 2.3420 | Média (5): 2.3450
2026-02-11 16:36:54,909 | INFO | Cooldown: 1
2026-02-11 16:36:54,909 | INFO | Buscando preço de ZROUSDT
2026-02-11 16:36:55,174 | INFO | Preço: 2.3390 | Média (5): 2.3438
2026-02-11 16:37:00,176 | INFO | Cooldown: 0
2026-02-11 16:37:00,176 | INFO | Buscando preço de ZROUSDT
2026-02-11 16:37:00,438 | INFO | Preço: 2.3400 | Média (5): 2.3426
2026-02-11 16:37:05,439 | INFO | Buscando preço de ZROUSDT
2026-02-11 16:37:05,700 | INFO | Preço: 2.3400 | Média (5): 2.3416
2026-02-11 16:37:10,706 | INFO | Buscando preço de ZROUSDT
2026-02-11 16:37:10,973 | INFO | Preço: 2.3440 | Média (5): 2.3410
2026-02-11 16:37:10,974 | WARNING | 🟢 ENTRADA | Preço: 2.3440 | Investido: R$ 399.53
2026-02-11 16:37:15,974 | INFO | Buscando preço de ZROUSDT
2026-02-11 16:37:16,232 | INFO | Preço: 2.3430 | Média (5): 2.3412
2026-02-11 16:37:16,232 | INFO | Resultado real: -0.14% | R$ -0.57
2026-02-11 16:37:21,238 | INFO | Buscando preço de ZROUSDT
2026-02-11 16:37:21,499 | INFO | Preço: 2.3420 | Média (5): 2.3418
2026-02-11 16:37:21,499 | INFO | Resultado real: -0.19% | R$ -0.74
2026-02-11 16:37:26,502 | INFO | Buscando preço de ZROUSDT
2026-02-11 16:37:26,765 | INFO | Preço: 2.3380 | Média (5): 2.3414
2026-02-11 16:37:26,765 | INFO | Resultado real: -0.36% | R$ -1.42
2026-02-11 16:37:26,765 | WARNING | 🔴 STOP LOSS | Capital: R$ 998.40
2026-02-11 16:37:31,773 | INFO | Cooldown: 2
2026-02-11 16:37:31,773 | INFO | Buscando preço de ZROUSDT
2026-02-11 16:37:32,031 | INFO | Preço: 2.3380 | Média (5): 2.3410
2026-02-11 16:37:37,045 | INFO | Cooldown: 1
2026-02-11 16:37:37,045 | INFO | Buscando preço de ZROUSDT
2026-02-11 16:37:37,313 | INFO | Preço: 2.3370 | Média (5): 2.3396
2026-02-11 16:37:42,314 | INFO | Cooldown: 0
2026-02-11 16:37:42,314 | INFO | Buscando preço de ZROUSDT
2026-02-11 16:37:42,582 | INFO | Preço: 2.3380 | Média (5): 2.3386
2026-02-11 16:37:47,584 | INFO | Buscando preço de ZROUSDT
2026-02-11 16:37:47,847 | INFO | Preço: 2.3390 | Média (5): 2.3380
2026-02-11 16:37:47,847 | WARNING | 🟢 ENTRADA | Preço: 2.3390 | Investido: R$ 398.96
2026-02-11 16:37:52,851 | INFO | Buscando preço de ZROUSDT
2026-02-11 16:37:53,117 | INFO | Preço: 2.3400 | Média (5): 2.3384
2026-02-11 16:37:53,117 | INFO | Resultado real: -0.06% | R$ -0.23
2026-02-11 16:37:58,119 | INFO | Buscando preço de ZROUSDT
2026-02-11 16:37:58,379 | INFO | Preço: 2.3400 | Média (5): 2.3388
2026-02-11 16:37:58,379 | INFO | Resultado real: -0.06% | R$ -0.23
2026-02-11 16:38:03,385 | INFO | Buscando preço de ZROUSDT
2026-02-11 16:38:03,652 | INFO | Preço: 2.3420 | Média (5): 2.3398
2026-02-11 16:38:03,652 | INFO | Resultado real: 0.03% | R$ 0.11
2026-02-11 16:38:08,653 | INFO | Buscando preço de ZROUSDT
2026-02-11 16:38:08,920 | INFO | Preço: 2.3400 | Média (5): 2.3402
2026-02-11 16:38:08,920 | INFO | Resultado real: -0.06% | R$ -0.23
2026-02-11 16:38:08,920 | INFO | Abaixo da média (1/3)
2026-02-11 16:38:13,921 | INFO | Buscando preço de ZROUSDT
2026-02-11 16:38:14,183 | INFO | Preço: 2.3380 | Média (5): 2.3400
2026-02-11 16:38:14,183 | INFO | Resultado real: -0.14% | R$ -0.57
2026-02-11 16:38:14,183 | INFO | Abaixo da média (2/3)
2026-02-11 16:38:19,184 | INFO | Buscando preço de ZROUSDT
2026-02-11 16:38:19,454 | INFO | Preço: 2.3360 | Média (5): 2.3392
2026-02-11 16:38:19,455 | INFO | Resultado real: -0.23% | R$ -0.91
2026-02-11 16:38:19,455 | INFO | Abaixo da média (3/3)
2026-02-11 16:38:19,457 | WARNING | 🔴 SAÍDA CONFIRMADA POR MÉDIA | Capital: R$ 997.49
2026-02-11 16:38:24,457 | INFO | Cooldown: 2
2026-02-11 16:38:24,457 | INFO | Buscando preço de ZROUSDT
2026-02-11 16:38:24,721 | INFO | Preço: 2.3380 | Média (5): 2.3388
2026-02-11 16:38:29,723 | INFO | Cooldown: 1
2026-02-11 16:38:29,723 | INFO | Buscando preço de ZROUSDT
2026-02-11 16:38:29,976 | INFO | Preço: 2.3390 | Média (5): 2.3382
2026-02-11 16:38:34,987 | INFO | Cooldown: 0
2026-02-11 16:38:34,987 | INFO | Buscando preço de ZROUSDT
2026-02-11 16:38:35,259 | INFO | Preço: 2.3420 | Média (5): 2.3386
2026-02-11 16:38:35,259 | WARNING | 🟢 ENTRADA | Preço: 2.3420 | Investido: R$ 398.60
2026-02-11 16:38:40,266 | INFO | Buscando preço de ZROUSDT
2026-02-11 16:38:40,526 | INFO | Preço: 2.3410 | Média (5): 2.3392
2026-02-11 16:38:40,526 | INFO | Resultado real: -0.14% | R$ -0.57
2026-02-11 16:38:45,533 | INFO | Buscando preço de ZROUSDT
2026-02-11 16:38:45,803 | INFO | Preço: 2.3410 | Média (5): 2.3402
2026-02-11 16:38:45,803 | INFO | Resultado real: -0.14% | R$ -0.57
2026-02-11 16:38:50,804 | INFO | Buscando preço de ZROUSDT
2026-02-11 16:38:51,065 | INFO | Preço: 2.3400 | Média (5): 2.3406
2026-02-11 16:38:51,065 | INFO | Resultado real: -0.19% | R$ -0.74
2026-02-11 16:38:51,066 | INFO | Abaixo da média (1/3)
2026-02-11 16:38:56,067 | INFO | Buscando preço de ZROUSDT
2026-02-11 16:38:56,332 | INFO | Preço: 2.3400 | Média (5): 2.3408
2026-02-11 16:38:56,333 | INFO | Resultado real: -0.19% | R$ -0.74
2026-02-11 16:38:56,333 | INFO | Abaixo da média (2/3)
2026-02-11 16:39:01,334 | INFO | Buscando preço de ZROUSDT
2026-02-11 16:39:01,597 | INFO | Preço: 2.3430 | Média (5): 2.3410
2026-02-11 16:39:01,597 | INFO | Resultado real: -0.06% | R$ -0.23
2026-02-11 16:39:06,598 | INFO | Buscando preço de ZROUSDT
2026-02-11 16:39:06,863 | INFO | Preço: 2.3440 | Média (5): 2.3416
2026-02-11 16:39:06,864 | INFO | Resultado real: -0.01% | R$ -0.06
2026-02-11 16:39:11,864 | INFO | Buscando preço de ZROUSDT
2026-02-11 16:39:12,133 | INFO | Preço: 2.3450 | Média (5): 2.3424
2026-02-11 16:39:12,133 | INFO | Resultado real: 0.03% | R$ 0.11
2026-02-11 16:39:17,135 | INFO | Buscando preço de ZROUSDT
2026-02-11 16:39:17,400 | INFO | Preço: 2.3430 | Média (5): 2.3430
2026-02-11 16:39:17,401 | INFO | Resultado real: -0.06% | R$ -0.23
2026-02-11 16:39:22,402 | INFO | Buscando preço de ZROUSDT
2026-02-11 16:39:22,664 | INFO | Preço: 2.3450 | Média (5): 2.3440
2026-02-11 16:39:22,665 | INFO | Resultado real: 0.03% | R$ 0.11
2026-02-11 16:39:27,665 | INFO | Buscando preço de ZROUSDT
2026-02-11 16:39:27,932 | INFO | Preço: 2.3430 | Média (5): 2.3440
2026-02-11 16:39:27,933 | INFO | Resultado real: -0.06% | R$ -0.23
2026-02-11 16:39:27,933 | INFO | Abaixo da média (1/3)
2026-02-11 16:39:32,934 | INFO | Buscando preço de ZROUSDT
2026-02-11 16:39:33,199 | INFO | Preço: 2.3440 | Média (5): 2.3440
2026-02-11 16:39:33,200 | INFO | Resultado real: -0.01% | R$ -0.06
2026-02-11 16:39:33,200 | INFO | Abaixo da média (2/3)
2026-02-11 16:39:38,201 | INFO | Buscando preço de ZROUSDT
2026-02-11 16:39:38,471 | INFO | Preço: 2.3480 | Média (5): 2.3446
2026-02-11 16:39:38,471 | INFO | Resultado real: 0.16% | R$ 0.62
2026-02-11 16:39:38,471 | WARNING | 🟢 TAKE PROFIT | Capital: R$ 998.12
2026-02-11 16:39:43,474 | INFO | Cooldown: 2
2026-02-11 16:39:43,474 | INFO | Buscando preço de ZROUSDT
2026-02-11 16:39:43,736 | INFO | Preço: 2.3470 | Média (5): 2.3454
2026-02-11 16:39:46,650 | INFO | ========== RELATÓRIO FINAL ==========
2026-02-11 16:39:46,651 | INFO | Capital final: R$ 998.12
2026-02-11 16:39:46,651 | INFO | Trades: 6
2026-02-11 16:39:46,651 | INFO | Vitórias: 3
2026-02-11 16:39:46,652 | INFO | Derrotas: 2
2026-02-11 16:39:46,652 | INFO | Win rate: 50.00%
2026-02-11 16:39:46,652 | INFO | Lucro total: R$ -1.88
2026-02-11 16:39:55,892 | INFO | Criando cliente da Binance
2026-02-11 16:42:21,091 | INFO | Criando cliente da Binance
2026-02-11 16:48:40,165 | INFO | Criando cliente da Binance
2026-02-11 16:54:03,032 | INFO | Criando cliente da Binance
2026-02-11 16:54:32,737 | INFO | Criando cliente da Binance
2026-02-11 16:56:43,752 | INFO | Criando cliente da Binance
2026-02-11 16:58:37,193 | INFO | Criando cliente da Binance
2026-02-11 17:04:49,127 | INFO | Criando cliente da Binance
2026-02-11 17:19:26,659 | INFO | Criando cliente da Binance
2026-02-11 17:23:45,472 | INFO | Criando cliente da Binance
2026-02-11 17:52:38,975 | INFO | Bot iniciado (VERSÃO COMPLETA PROFISSIONAL)
2026-02-11 17:52:38,976 | INFO | Criando cliente da Binance
2026-02-11 17:52:40,304 | INFO | Buscando preço de ZROUSDT
2026-02-11 17:52:40,576 | INFO | Aguardando dados da média...
2026-02-11 17:52:45,577 | INFO | Buscando preço de ZROUSDT
2026-02-11 17:52:45,855 | INFO | Aguardando dados da média...
2026-02-11 17:52:50,857 | INFO | Buscando preço de ZROUSDT
2026-02-11 17:52:51,125 | INFO | Aguardando dados da média...
2026-02-11 17:52:56,127 | INFO | Buscando preço de ZROUSDT
2026-02-11 17:52:56,390 | INFO | Aguardando dados da média...
2026-02-11 17:53:01,392 | INFO | Buscando preço de ZROUSDT
2026-02-11 17:53:01,665 | INFO | Preço: 2.2730 | Média (5): 2.2644
2026-02-11 17:53:01,666 | WARNING | 🟢 ENTRADA | Preço: 2.2730 | Investido: R$ 399.60
2026-02-11 17:53:06,667 | INFO | Buscando preço de ZROUSDT
2026-02-11 17:53:06,933 | INFO | Preço: 2.2760 | Média (5): 2.2676
2026-02-11 17:53:06,934 | INFO | Resultado real: 0.03% | R$ 0.13
2026-02-11 17:53:11,935 | INFO | Buscando preço de ZROUSDT
2026-02-11 17:53:12,201 | INFO | Preço: 2.2690 | Média (5): 2.2688
2026-02-11 17:53:12,202 | INFO | Resultado real: -0.28% | R$ -1.10
2026-02-11 17:53:17,203 | INFO | Buscando preço de ZROUSDT
2026-02-11 17:53:17,482 | INFO | Preço: 2.2690 | Média (5): 2.2700
2026-02-11 17:53:17,482 | INFO | Resultado real: -0.28% | R$ -1.10
2026-02-11 17:53:17,482 | INFO | Abaixo da média (1/3)
2026-02-11 17:53:22,483 | INFO | Buscando preço de ZROUSDT
2026-02-11 17:53:22,749 | INFO | Preço: 2.2690 | Média (5): 2.2712
2026-02-11 17:53:22,749 | INFO | Resultado real: -0.28% | R$ -1.10
2026-02-11 17:53:22,750 | INFO | Abaixo da média (2/3)
2026-02-11 17:53:27,751 | INFO | Buscando preço de ZROUSDT
2026-02-11 17:53:28,026 | INFO | Preço: 2.2710 | Média (5): 2.2708
2026-02-11 17:53:28,026 | INFO | Resultado real: -0.19% | R$ -0.75
2026-02-11 17:53:33,028 | INFO | Buscando preço de ZROUSDT
2026-02-11 17:53:33,297 | INFO | Preço: 2.2710 | Média (5): 2.2698
2026-02-11 17:53:33,297 | INFO | Resultado real: -0.19% | R$ -0.75
2026-02-11 17:53:38,298 | INFO | Buscando preço de ZROUSDT
2026-02-11 17:53:38,560 | INFO | Preço: 2.2700 | Média (5): 2.2700
2026-02-11 17:53:38,561 | INFO | Resultado real: -0.23% | R$ -0.93
2026-02-11 17:53:43,561 | INFO | Buscando preço de ZROUSDT
2026-02-11 17:53:43,823 | INFO | Preço: 2.2670 | Média (5): 2.2696
2026-02-11 17:53:43,823 | INFO | Resultado real: -0.36% | R$ -1.45
2026-02-11 17:53:43,824 | WARNING | 🔴 STOP LOSS | Capital: R$ 998.55
2026-02-11 17:53:48,826 | INFO | Cooldown: 2
2026-02-11 17:53:48,826 | INFO | Buscando preço de ZROUSDT
2026-02-11 17:53:49,097 | INFO | Preço: 2.2640 | Média (5): 2.2686
2026-02-11 17:53:54,099 | INFO | Cooldown: 1
2026-02-11 17:53:54,099 | INFO | Buscando preço de ZROUSDT
2026-02-11 17:53:54,386 | INFO | Preço: 2.2670 | Média (5): 2.2678
2026-02-11 17:53:59,388 | INFO | Cooldown: 0
2026-02-11 17:53:59,388 | INFO | Buscando preço de ZROUSDT
2026-02-11 17:53:59,650 | INFO | Preço: 2.2710 | Média (5): 2.2678
2026-02-11 17:53:59,650 | WARNING | 🟢 ENTRADA | Preço: 2.2710 | Investido: R$ 399.02
2026-02-11 17:54:04,652 | INFO | Buscando preço de ZROUSDT
2026-02-11 17:54:04,916 | INFO | Preço: 2.2710 | Média (5): 2.2680
2026-02-11 17:54:04,917 | INFO | Resultado real: -0.10% | R$ -0.40
2026-02-11 17:54:09,918 | INFO | Buscando preço de ZROUSDT
2026-02-11 17:54:10,181 | INFO | Preço: 2.2730 | Média (5): 2.2692
2026-02-11 17:54:10,181 | INFO | Resultado real: -0.01% | R$ -0.05
2026-02-11 17:54:15,182 | INFO | Buscando preço de ZROUSDT
2026-02-11 17:54:15,445 | INFO | Preço: 2.2770 | Média (5): 2.2718
2026-02-11 17:54:15,445 | INFO | Resultado real: 0.16% | R$ 0.65
2026-02-11 17:54:15,446 | WARNING | 🟢 TAKE PROFIT | Capital: R$ 999.20
2026-02-11 17:54:20,447 | INFO | Cooldown: 2
2026-02-11 17:54:20,447 | INFO | Buscando preço de ZROUSDT
2026-02-11 17:54:20,714 | INFO | Preço: 2.2800 | Média (5): 2.2744
2026-02-11 17:54:25,716 | INFO | Cooldown: 1
2026-02-11 17:54:25,716 | INFO | Buscando preço de ZROUSDT
2026-02-11 17:54:25,980 | INFO | Preço: 2.2890 | Média (5): 2.2780
2026-02-11 17:54:30,982 | INFO | Cooldown: 0
2026-02-11 17:54:30,982 | INFO | Buscando preço de ZROUSDT
2026-02-11 17:54:31,244 | INFO | Preço: 2.2860 | Média (5): 2.2810
2026-02-11 17:54:31,245 | WARNING | 🟢 ENTRADA | Preço: 2.2860 | Investido: R$ 399.28
2026-02-11 17:54:36,246 | INFO | Buscando preço de ZROUSDT
2026-02-11 17:54:36,517 | INFO | Preço: 2.2850 | Média (5): 2.2834
2026-02-11 17:54:36,517 | INFO | Resultado real: -0.14% | R$ -0.57
2026-02-11 17:54:41,518 | INFO | Buscando preço de ZROUSDT
2026-02-11 17:54:41,788 | INFO | Preço: 2.2810 | Média (5): 2.2842
2026-02-11 17:54:41,788 | INFO | Resultado real: -0.32% | R$ -1.27
2026-02-11 17:54:41,789 | WARNING | 🔴 STOP LOSS | Capital: R$ 997.93
2026-02-11 17:54:46,790 | INFO | Cooldown: 2
2026-02-11 17:54:46,790 | INFO | Buscando preço de ZROUSDT
2026-02-11 17:54:47,059 | INFO | Preço: 2.2800 | Média (5): 2.2842
2026-02-11 17:54:52,060 | INFO | Cooldown: 1
2026-02-11 17:54:52,060 | INFO | Buscando preço de ZROUSDT
2026-02-11 17:54:52,323 | INFO | Preço: 2.2830 | Média (5): 2.2830
2026-02-11 17:54:57,325 | INFO | Cooldown: 0
2026-02-11 17:54:57,325 | INFO | Buscando preço de ZROUSDT
2026-02-11 17:54:57,591 | INFO | Preço: 2.2820 | Média (5): 2.2822
2026-02-11 17:55:02,592 | INFO | Buscando preço de ZROUSDT
2026-02-11 17:55:02,855 | INFO | Preço: 2.2820 | Média (5): 2.2816
2026-02-11 17:55:02,855 | WARNING | 🟢 ENTRADA | Preço: 2.2820 | Investido: R$ 398.77
2026-02-11 17:55:07,856 | INFO | Buscando preço de ZROUSDT
2026-02-11 17:55:08,119 | INFO | Preço: 2.2790 | Média (5): 2.2812
2026-02-11 17:55:08,120 | INFO | Resultado real: -0.23% | R$ -0.92
2026-02-11 17:55:08,120 | INFO | Abaixo da média (1/3)
2026-02-11 17:55:13,122 | INFO | Buscando preço de ZROUSDT
2026-02-11 17:55:13,393 | INFO | Preço: 2.2800 | Média (5): 2.2812
2026-02-11 17:55:13,394 | INFO | Resultado real: -0.19% | R$ -0.75
2026-02-11 17:55:13,394 | INFO | Abaixo da média (2/3)
2026-02-11 17:55:18,395 | INFO | Buscando preço de ZROUSDT
2026-02-11 17:55:18,659 | INFO | Preço: 2.2830 | Média (5): 2.2812
2026-02-11 17:55:18,659 | INFO | Resultado real: -0.06% | R$ -0.22
2026-02-11 17:55:23,660 | INFO | Buscando preço de ZROUSDT
2026-02-11 17:55:23,925 | INFO | Preço: 2.2830 | Média (5): 2.2814
2026-02-11 17:55:23,926 | INFO | Resultado real: -0.06% | R$ -0.22
2026-02-11 17:55:28,928 | INFO | Buscando preço de ZROUSDT
2026-02-11 17:55:29,195 | INFO | Preço: 2.2830 | Média (5): 2.2816
2026-02-11 17:55:29,195 | INFO | Resultado real: -0.06% | R$ -0.22
2026-02-11 17:55:34,198 | INFO | Buscando preço de ZROUSDT
2026-02-11 17:55:34,468 | INFO | Preço: 2.2840 | Média (5): 2.2826
2026-02-11 17:55:34,468 | INFO | Resultado real: -0.01% | R$ -0.05
2026-02-11 17:55:39,469 | INFO | Buscando preço de ZROUSDT
2026-02-11 17:55:39,731 | INFO | Preço: 2.2790 | Média (5): 2.2824
2026-02-11 17:55:39,731 | INFO | Resultado real: -0.23% | R$ -0.92
2026-02-11 17:55:39,731 | INFO | Abaixo da média (1/3)
2026-02-11 17:55:44,733 | INFO | Buscando preço de ZROUSDT
2026-02-11 17:55:45,003 | INFO | Preço: 2.2790 | Média (5): 2.2816
2026-02-11 17:55:45,004 | INFO | Resultado real: -0.23% | R$ -0.92
2026-02-11 17:55:45,004 | INFO | Abaixo da média (2/3)
2026-02-11 17:55:50,006 | INFO | Buscando preço de ZROUSDT
2026-02-11 17:55:50,276 | INFO | Preço: 2.2790 | Média (5): 2.2808
2026-02-11 17:55:50,276 | INFO | Resultado real: -0.23% | R$ -0.92
2026-02-11 17:55:50,277 | INFO | Abaixo da média (3/3)
2026-02-11 17:55:50,278 | WARNING | 🔴 SAÍDA CONFIRMADA POR MÉDIA | Capital: R$ 997.01
2026-02-11 17:55:55,279 | INFO | Cooldown: 2
2026-02-11 17:55:55,279 | INFO | Buscando preço de ZROUSDT
2026-02-11 17:55:55,548 | INFO | Preço: 2.2790 | Média (5): 2.2800
2026-02-11 17:56:00,549 | INFO | Cooldown: 1
2026-02-11 17:56:00,549 | INFO | Buscando preço de ZROUSDT
2026-02-11 17:56:00,815 | INFO | Preço: 2.2830 | Média (5): 2.2798
2026-02-11 17:56:05,817 | INFO | Cooldown: 0
2026-02-11 17:56:05,817 | INFO | Buscando preço de ZROUSDT
2026-02-11 17:56:06,083 | INFO | Preço: 2.2830 | Média (5): 2.2806
2026-02-11 17:56:06,084 | WARNING | 🟢 ENTRADA | Preço: 2.2830 | Investido: R$ 398.40
2026-02-11 17:56:11,085 | INFO | Buscando preço de ZROUSDT
2026-02-11 17:56:11,349 | INFO | Preço: 2.2790 | Média (5): 2.2806
2026-02-11 17:56:11,350 | INFO | Resultado real: -0.28% | R$ -1.10
2026-02-11 17:56:11,350 | INFO | Abaixo da média (1/3)
2026-02-11 17:56:16,351 | INFO | Buscando preço de ZROUSDT
2026-02-11 17:56:16,616 | INFO | Preço: 2.2840 | Média (5): 2.2816
2026-02-11 17:56:16,616 | INFO | Resultado real: -0.06% | R$ -0.22
2026-02-11 17:56:21,617 | INFO | Buscando preço de ZROUSDT
2026-02-11 17:56:21,880 | INFO | Preço: 2.2840 | Média (5): 2.2826
2026-02-11 17:56:21,880 | INFO | Resultado real: -0.06% | R$ -0.22
2026-02-11 17:56:26,881 | INFO | Buscando preço de ZROUSDT
2026-02-11 17:56:27,144 | INFO | Preço: 2.2820 | Média (5): 2.2824
2026-02-11 17:56:27,144 | INFO | Resultado real: -0.14% | R$ -0.57
2026-02-11 17:56:27,144 | INFO | Abaixo da média (1/3)
2026-02-11 17:56:32,146 | INFO | Buscando preço de ZROUSDT
2026-02-11 17:56:32,411 | INFO | Preço: 2.2830 | Média (5): 2.2824
2026-02-11 17:56:32,412 | INFO | Resultado real: -0.10% | R$ -0.40
2026-02-11 17:56:37,413 | INFO | Buscando preço de ZROUSDT
2026-02-11 17:56:37,679 | INFO | Preço: 2.2850 | Média (5): 2.2836
2026-02-11 17:56:37,680 | INFO | Resultado real: -0.01% | R$ -0.05
2026-02-11 17:56:42,681 | INFO | Buscando preço de ZROUSDT
2026-02-11 17:56:42,944 | INFO | Preço: 2.2850 | Média (5): 2.2838
2026-02-11 17:56:42,944 | INFO | Resultado real: -0.01% | R$ -0.05
2026-02-11 17:56:47,946 | INFO | Buscando preço de ZROUSDT
2026-02-11 17:56:48,211 | INFO | Preço: 2.2810 | Média (5): 2.2832
2026-02-11 17:56:48,211 | INFO | Resultado real: -0.19% | R$ -0.75
2026-02-11 17:56:48,211 | INFO | Abaixo da média (1/3)
2026-02-11 17:56:53,213 | INFO | Buscando preço de ZROUSDT
2026-02-11 17:56:53,482 | INFO | Preço: 2.2830 | Média (5): 2.2834
2026-02-11 17:56:53,483 | INFO | Resultado real: -0.10% | R$ -0.40
2026-02-11 17:56:53,483 | INFO | Abaixo da média (2/3)
2026-02-11 17:56:58,484 | INFO | Buscando preço de ZROUSDT
2026-02-11 17:56:58,750 | INFO | Preço: 2.2840 | Média (5): 2.2836
2026-02-11 17:56:58,751 | INFO | Resultado real: -0.06% | R$ -0.22
2026-02-11 17:57:03,752 | INFO | Buscando preço de ZROUSDT
2026-02-11 17:57:04,018 | INFO | Preço: 2.2860 | Média (5): 2.2838
2026-02-11 17:57:04,019 | INFO | Resultado real: 0.03% | R$ 0.12
2026-02-11 17:57:09,020 | INFO | Buscando preço de ZROUSDT
2026-02-11 17:57:09,285 | INFO | Preço: 2.2860 | Média (5): 2.2840
2026-02-11 17:57:09,285 | INFO | Resultado real: 0.03% | R$ 0.12
2026-02-11 17:57:14,286 | INFO | Buscando preço de ZROUSDT
2026-02-11 17:57:14,552 | INFO | Preço: 2.2860 | Média (5): 2.2850
2026-02-11 17:57:14,552 | INFO | Resultado real: 0.03% | R$ 0.12
2026-02-11 17:57:19,554 | INFO | Buscando preço de ZROUSDT
2026-02-11 17:57:19,832 | INFO | Preço: 2.2840 | Média (5): 2.2852
2026-02-11 17:57:19,833 | INFO | Resultado real: -0.06% | R$ -0.22
2026-02-11 17:57:19,833 | INFO | Abaixo da média (1/3)
2026-02-11 17:57:24,835 | INFO | Buscando preço de ZROUSDT
2026-02-11 17:57:25,100 | INFO | Preço: 2.2840 | Média (5): 2.2852
2026-02-11 17:57:25,100 | INFO | Resultado real: -0.06% | R$ -0.22
2026-02-11 17:57:25,101 | INFO | Abaixo da média (2/3)
2026-02-11 17:57:30,102 | INFO | Buscando preço de ZROUSDT
2026-02-11 17:57:30,365 | INFO | Preço: 2.2840 | Média (5): 2.2848
2026-02-11 17:57:30,365 | INFO | Resultado real: -0.06% | R$ -0.22
2026-02-11 17:57:30,366 | INFO | Abaixo da média (3/3)
2026-02-11 17:57:30,367 | WARNING | 🔴 SAÍDA CONFIRMADA POR MÉDIA | Capital: R$ 996.78
2026-02-11 17:57:35,368 | INFO | Cooldown: 2
2026-02-11 17:57:35,368 | INFO | Buscando preço de ZROUSDT
2026-02-11 17:57:35,633 | INFO | Preço: 2.2860 | Média (5): 2.2848
2026-02-11 17:57:40,634 | INFO | Cooldown: 1
2026-02-11 17:57:40,634 | INFO | Buscando preço de ZROUSDT
2026-02-11 17:57:40,900 | INFO | Preço: 2.2850 | Média (5): 2.2846
2026-02-11 17:57:45,902 | INFO | Cooldown: 0
2026-02-11 17:57:45,902 | INFO | Buscando preço de ZROUSDT
2026-02-11 17:57:46,166 | INFO | Preço: 2.2820 | Média (5): 2.2842
2026-02-11 17:57:51,168 | INFO | Buscando preço de ZROUSDT
2026-02-11 17:57:51,439 | INFO | Preço: 2.2800 | Média (5): 2.2834
2026-02-11 17:57:56,441 | INFO | Buscando preço de ZROUSDT
2026-02-11 17:57:56,707 | INFO | Preço: 2.2800 | Média (5): 2.2826
2026-02-11 17:58:01,708 | INFO | Buscando preço de ZROUSDT
2026-02-11 17:58:01,978 | INFO | Preço: 2.2820 | Média (5): 2.2818
2026-02-11 17:58:01,978 | WARNING | 🟢 ENTRADA | Preço: 2.2820 | Investido: R$ 398.31
2026-02-11 17:58:06,979 | INFO | Buscando preço de ZROUSDT
2026-02-11 17:58:07,244 | INFO | Preço: 2.2800 | Média (5): 2.2808
2026-02-11 17:58:07,245 | INFO | Resultado real: -0.19% | R$ -0.75
2026-02-11 17:58:07,245 | INFO | Abaixo da média (1/3)
2026-02-11 17:58:12,246 | INFO | Buscando preço de ZROUSDT
2026-02-11 17:58:12,508 | INFO | Preço: 2.2820 | Média (5): 2.2808
2026-02-11 17:58:12,508 | INFO | Resultado real: -0.10% | R$ -0.40
2026-02-11 17:58:17,510 | INFO | Buscando preço de ZROUSDT
2026-02-11 17:58:17,779 | INFO | Preço: 2.2810 | Média (5): 2.2810
2026-02-11 17:58:17,779 | INFO | Resultado real: -0.14% | R$ -0.57
2026-02-11 17:58:22,780 | INFO | Buscando preço de ZROUSDT
2026-02-11 17:58:23,047 | INFO | Preço: 2.2800 | Média (5): 2.2810
2026-02-11 17:58:23,047 | INFO | Resultado real: -0.19% | R$ -0.75
2026-02-11 17:58:23,047 | INFO | Abaixo da média (1/3)
2026-02-11 17:58:28,049 | INFO | Buscando preço de ZROUSDT
2026-02-11 17:58:28,318 | INFO | Preço: 2.2790 | Média (5): 2.2804
2026-02-11 17:58:28,318 | INFO | Resultado real: -0.23% | R$ -0.92
2026-02-11 17:58:28,318 | INFO | Abaixo da média (2/3)
2026-02-11 17:58:33,319 | INFO | Buscando preço de ZROUSDT
2026-02-11 17:58:33,588 | INFO | Preço: 2.2760 | Média (5): 2.2796
2026-02-11 17:58:33,588 | INFO | Resultado real: -0.36% | R$ -1.44
2026-02-11 17:58:33,589 | WARNING | 🔴 STOP LOSS | Capital: R$ 995.34
2026-02-11 17:58:38,591 | INFO | Cooldown: 2
2026-02-11 17:58:38,591 | INFO | Buscando preço de ZROUSDT
2026-02-11 17:58:38,862 | INFO | Preço: 2.2780 | Média (5): 2.2788
2026-02-11 17:58:43,863 | INFO | Cooldown: 1
2026-02-11 17:58:43,863 | INFO | Buscando preço de ZROUSDT
2026-02-11 17:58:44,126 | INFO | Preço: 2.2790 | Média (5): 2.2784
2026-02-11 17:58:49,127 | INFO | Cooldown: 0
2026-02-11 17:58:49,127 | INFO | Buscando preço de ZROUSDT
2026-02-11 17:58:49,394 | INFO | Preço: 2.2800 | Média (5): 2.2784
2026-02-11 17:58:49,395 | WARNING | 🟢 ENTRADA | Preço: 2.2800 | Investido: R$ 397.74
2026-02-11 17:58:54,396 | INFO | Buscando preço de ZROUSDT
2026-02-11 17:58:54,665 | INFO | Preço: 2.2810 | Média (5): 2.2788
2026-02-11 17:58:54,665 | INFO | Resultado real: -0.06% | R$ -0.22
2026-02-11 17:58:59,667 | INFO | Buscando preço de ZROUSDT
2026-02-11 17:58:59,934 | INFO | Preço: 2.2780 | Média (5): 2.2792
2026-02-11 17:58:59,934 | INFO | Resultado real: -0.19% | R$ -0.75
2026-02-11 17:58:59,935 | INFO | Abaixo da média (1/3)
2026-02-11 17:59:04,935 | INFO | Buscando preço de ZROUSDT
2026-02-11 17:59:05,201 | INFO | Preço: 2.2780 | Média (5): 2.2792
2026-02-11 17:59:05,201 | INFO | Resultado real: -0.19% | R$ -0.75
2026-02-11 17:59:05,202 | INFO | Abaixo da média (2/3)
2026-02-11 17:59:10,203 | INFO | Buscando preço de ZROUSDT
2026-02-11 17:59:10,470 | INFO | Preço: 2.2730 | Média (5): 2.2780
2026-02-11 17:59:10,470 | INFO | Resultado real: -0.41% | R$ -1.62
2026-02-11 17:59:10,471 | WARNING | 🔴 STOP LOSS | Capital: R$ 993.72
2026-02-11 17:59:15,472 | INFO | Cooldown: 2
2026-02-11 17:59:15,472 | INFO | Buscando preço de ZROUSDT
2026-02-11 17:59:15,736 | INFO | Preço: 2.2710 | Média (5): 2.2762
2026-02-11 17:59:20,737 | INFO | Cooldown: 1
2026-02-11 17:59:20,737 | INFO | Buscando preço de ZROUSDT
2026-02-11 17:59:21,003 | INFO | Preço: 2.2710 | Média (5): 2.2742
2026-02-11 17:59:26,004 | INFO | Cooldown: 0
2026-02-11 17:59:26,004 | INFO | Buscando preço de ZROUSDT
2026-02-11 17:59:26,270 | INFO | Preço: 2.2710 | Média (5): 2.2728
2026-02-11 17:59:31,272 | INFO | Buscando preço de ZROUSDT
2026-02-11 17:59:31,537 | INFO | Preço: 2.2700 | Média (5): 2.2712
2026-02-11 17:59:36,538 | INFO | Buscando preço de ZROUSDT
2026-02-11 17:59:36,799 | INFO | Preço: 2.2700 | Média (5): 2.2706
2026-02-11 17:59:41,801 | INFO | Buscando preço de ZROUSDT
2026-02-11 17:59:42,070 | INFO | Preço: 2.2720 | Média (5): 2.2708
2026-02-11 17:59:42,071 | WARNING | 🟢 ENTRADA | Preço: 2.2720 | Investido: R$ 397.09
2026-02-11 17:59:47,072 | INFO | Buscando preço de ZROUSDT
2026-02-11 17:59:47,338 | INFO | Preço: 2.2740 | Média (5): 2.2714
2026-02-11 17:59:47,338 | INFO | Resultado real: -0.01% | R$ -0.05
2026-02-11 17:59:52,339 | INFO | Buscando preço de ZROUSDT
2026-02-11 17:59:52,605 | INFO | Preço: 2.2730 | Média (5): 2.2718
2026-02-11 17:59:52,605 | INFO | Resultado real: -0.06% | R$ -0.22
2026-02-11 17:59:57,607 | INFO | Buscando preço de ZROUSDT
2026-02-11 17:59:57,870 | INFO | Preço: 2.2730 | Média (5): 2.2724
2026-02-11 17:59:57,870 | INFO | Resultado real: -0.06% | R$ -0.22
2026-02-11 17:59:58,924 | INFO | ========== RELATÓRIO FINAL ==========
2026-02-11 17:59:58,924 | INFO | Capital final: R$ 993.72
2026-02-11 17:59:58,925 | INFO | Trades: 7
2026-02-11 17:59:58,925 | INFO | Vitórias: 1
2026-02-11 17:59:58,925 | INFO | Derrotas: 4
2026-02-11 17:59:58,925 | INFO | Win rate: 14.29%
2026-02-11 17:59:58,926 | INFO | Lucro total: R$ -6.28
2026-02-11 18:01:02,104 | INFO | Criando cliente da Binance
2026-02-11 18:03:22,624 | INFO | Criando cliente da Binance
2026-02-11 18:11:12,138 | INFO | Criando cliente da Binance
2026-02-11 18:14:30,029 | INFO | Criando cliente da Binance
2026-02-12 13:56:22,589 | INFO | Criando cliente da Binance
2026-02-12 13:56:37,728 | INFO | Criando cliente da Binance
2026-02-12 14:00:56,126 | INFO | Criando cliente da Binance
2026-02-12 14:02:07,000 | INFO | Criando cliente da Binance
2026-02-12 14:07:34,364 | INFO | Criando cliente da Binance
2026-02-12 14:27:52,987 | INFO | Criando cliente da Binance
2026-02-12 14:31:07,944 | INFO | Criando cliente da Binance
2026-02-12 14:32:26,992 | INFO | Criando cliente da Binance
2026-02-12 15:07:13,429 | INFO | Criando cliente da Binance
2026-02-12 15:11:56,655 | INFO | Criando cliente da Binance
2026-02-12 15:17:33,052 | INFO | Criando cliente da Binance
2026-02-12 15:18:43,100 | INFO | Criando cliente da Binance
2026-02-12 15:19:14,707 | INFO | Criando cliente da Binance
2026-02-12 15:32:19,588 | INFO | Criando cliente da Binance
2026-02-12 15:33:48,898 | INFO | Criando cliente da Binance
2026-02-12 15:34:33,633 | INFO | Criando cliente da Binance
2026-02-12 15:35:12,947 | INFO | Criando cliente da Binance
2026-02-12 15:47:06,537 | INFO | Criando cliente da Binance
2026-02-12 15:53:12,942 | INFO | Criando cliente da Binance
2026-02-12 15:55:17,398 | INFO | Criando cliente da Binance
2026-02-12 15:57:01,135 | INFO | Criando cliente da Binance
2026-02-12 16:07:49,757 | INFO | Criando cliente da Binance
2026-02-12 16:08:45,078 | INFO | Criando cliente da Binance
2026-02-12 16:09:18,665 | INFO | Criando cliente da Binance
2026-02-12 16:12:21,401 | INFO | Criando cliente da Binance
2026-02-12 16:14:57,276 | INFO | Criando cliente da Binance
2026-02-12 16:15:58,439 | INFO | Criando cliente da Binance
2026-02-12 16:17:03,352 | INFO | Criando cliente da Binance
2026-02-12 16:19:59,637 | INFO | Criando cliente da Binance
2026-02-12 16:23:31,639 | INFO | Criando cliente da Binance
2026-02-12 16:26:57,639 | INFO | Criando cliente da Binance
2026-02-12 16:31:46,842 | INFO | Criando cliente da Binance
2026-02-12 16:35:44,760 | INFO | Criando cliente da Binance
2026-02-12 16:59:43,007 | INFO | Criando cliente da Binance
2026-02-12 17:22:18,964 | INFO | Criando cliente da Binance
2026-02-12 17:29:30,086 | INFO | Criando cliente da Binance
2026-02-12 17:57:59,939 | INFO | Criando cliente da Binance
2026-02-12 18:04:39,539 | INFO | Criando cliente da Binance
2026-02-12 18:11:19,553 | INFO | Criando cliente da Binance
2026-02-12 20:38:20,706 | INFO | Criando cliente da Binance
2026-02-12 20:38:21,356 | INFO | Criando cliente da Binance
2026-02-12 20:43:15,126 | INFO | Criando cliente da Binance
2026-02-12 20:43:28,536 | INFO | Criando cliente da Binance
2026-02-12 20:46:53,084 | INFO | Criando cliente da Binance
2026-02-12 20:47:00,193 | INFO | Criando cliente da Binance
2026-02-12 20:47:00,550 | INFO | Criando cliente da Binance
2026-02-12 21:00:29,311 | INFO | Criando cliente da Binance
2026-02-15 17:50:23,405 | INFO | Criando cliente da Binance
2026-02-15 17:50:30,126 | INFO | Criando cliente da Binance
2026-02-15 17:59:33,690 | INFO | Criando cliente da Binance
2026-02-15 17:59:38,655 | INFO | Criando cliente da Binance
2026-02-15 18:00:08,897 | INFO | Criando cliente da Binance
2026-02-15 18:00:12,146 | INFO | Criando cliente da Binance
2026-02-15 18:00:25,808 | INFO | Criando cliente da Binance
2026-02-15 18:00:30,881 | INFO | Criando cliente da Binance
2026-02-15 18:07:49,585 | INFO | Criando cliente da Binance
2026-02-15 18:07:54,207 | INFO | Criando cliente da Binance
2026-02-15 18:08:15,850 | INFO | Criando cliente da Binance
2026-02-15 18:08:17,066 | INFO | Criando cliente da Binance
2026-02-15 18:10:31,378 | INFO | Criando cliente da Binance
2026-02-15 18:10:34,224 | INFO | Criando cliente da Binance
2026-02-15 18:13:02,622 | INFO | Criando cliente da Binance
2026-02-15 18:13:05,851 | INFO | Criando cliente da Binance
2026-02-15 18:13:07,002 | INFO | Criando cliente da Binance
2026-02-15 18:14:53,675 | INFO | Criando cliente da Binance
2026-02-15 18:14:59,070 | INFO | Criando cliente da Binance
2026-02-15 18:16:18,168 | INFO | Criando cliente da Binance
2026-02-15 18:17:11,492 | INFO | Criando cliente da Binance
2026-02-15 18:17:14,690 | INFO | Criando cliente da Binance
2026-02-15 18:17:14,929 | INFO | Criando cliente da Binance
2026-02-15 18:35:25,096 | INFO | Criando cliente da Binance
2026-02-15 18:35:52,125 | INFO | Criando cliente da Binance
2026-02-15 18:55:30,677 | INFO | Criando cliente da Binance
2026-02-15 18:55:32,327 | INFO | Criando cliente da Binance
2026-02-15 23:37:21,109 | INFO | Criando cliente da Binance
2026-02-15 23:37:24,413 | INFO | Criando cliente da Binance
2026-02-15 23:37:29,597 | INFO | Criando cliente da Binance
2026-02-15 23:37:56,146 | INFO | Criando cliente da Binance
2026-02-15 23:39:20,628 | INFO | Criando cliente da Binance
2026-02-15 23:40:13,022 | INFO | Criando cliente da Binance
2026-02-15 23:40:19,905 | INFO | Criando cliente da Binance
2026-02-15 23:41:22,822 | INFO | Criando cliente da Binance
2026-02-15 23:45:33,023 | INFO | Criando cliente da Binance
2026-02-15 23:56:04,245 | INFO | Criando cliente da Binance
2026-02-15 23:56:10,297 | INFO | Criando cliente da Binance
2026-02-16 00:30:22,160 | INFO | Criando cliente da Binance
2026-02-16 00:37:03,414 | INFO | Criando cliente da Binance
2026-02-16 00:45:17,995 | INFO | Criando cliente da Binance
2026-02-16 00:46:25,796 | INFO | Criando cliente da Binance
2026-02-16 00:47:25,448 | INFO | Criando cliente da Binance
2026-02-16 00:53:13,338 | INFO | Criando cliente da Binance
2026-02-16 01:00:23,384 | INFO | Criando cliente da Binance
2026-02-16 01:01:02,301 | INFO | Criando cliente da Binance
2026-02-16 01:01:30,394 | INFO | Criando cliente da Binance
2026-02-16 09:55:24,862 | INFO | Criando cliente da Binance
2026-02-16 09:55:28,627 | INFO | Criando cliente da Binance
2026-02-16 09:56:50,944 | INFO | Criando cliente da Binance
2026-02-16 09:57:33,802 | INFO | Criando cliente da Binance
2026-02-16 09:58:01,389 | INFO | Criando cliente da Binance
2026-02-16 10:36:29,737 | INFO | Criando cliente da Binance
2026-02-16 12:13:03,746 | INFO | Criando cliente da Binance
2026-02-16 12:13:31,445 | INFO | Criando cliente da Binance
2026-02-16 12:13:37,074 | INFO | Criando cliente da Binance
2026-02-16 12:13:40,913 | INFO | Criando cliente da Binance
2026-02-16 12:13:46,856 | INFO | Criando cliente da Binance
2026-02-16 12:40:48,058 | INFO | Criando cliente da Binance
2026-02-16 13:00:26,959 | INFO | Criando cliente da Binance
2026-02-16 13:00:32,018 | INFO | Criando cliente da Binance
2026-02-16 13:00:37,085 | INFO | Criando cliente da Binance
2026-02-16 13:00:42,625 | INFO | Criando cliente da Binance
2026-02-16 13:01:11,656 | INFO | Criando cliente da Binance
2026-02-16 16:10:32,686 | INFO | Criando cliente da Binance
2026-02-16 16:39:01,431 | INFO | Criando cliente da Binance
2026-02-16 16:39:07,384 | INFO | Criando cliente da Binance
2026-02-16 16:40:07,786 | INFO | Criando cliente da Binance
2026-02-16 17:07:02,181 | INFO | Criando cliente da Binance
2026-02-16 17:54:16,011 | INFO | Criando cliente da Binance
2026-02-16 17:54:18,412 | INFO | Criando cliente da Binance
2026-02-17 08:52:47,581 | INFO | Criando cliente da Binance
2026-02-17 08:53:28,345 | INFO | Criando cliente da Binance
2026-02-17 11:27:32,031 | INFO | Criando cliente da Binance
2026-02-17 11:27:35,545 | INFO | Criando cliente da Binance
2026-02-17 11:41:59,448 | INFO | Criando cliente da Binance
2026-02-17 12:56:19,362 | INFO | Criando cliente da Binance
2026-02-17 12:56:19,951 | INFO | Criando cliente da Binance
2026-02-27 08:39:49,659 | INFO | Criando cliente da Binance
2026-02-27 08:40:10,569 | INFO | Criando cliente da Binance
2026-02-27 08:41:42,459 | INFO | Criando cliente da Binance
2026-02-27 09:14:22,184 | INFO | Criando cliente da Binance
2026-02-27 09:14:26,997 | INFO | Criando cliente da Binance
2026-02-27 09:14:57,962 | INFO | Criando cliente da Binance
2026-02-27 09:15:02,739 | INFO | Criando cliente da Binance
2026-02-27 09:16:48,411 | INFO | Criando cliente da Binance
2026-02-27 09:24:11,312 | INFO | Criando cliente da Binance
2026-02-27 09:25:54,374 | INFO | Criando cliente da Binance
2026-02-27 09:28:02,140 | INFO | Criando cliente da Binance
2026-02-27 09:28:34,255 | INFO | Criando cliente da Binance
2026-02-27 09:41:54,324 | INFO | Criando cliente da Binance
2026-02-27 09:42:46,523 | INFO | Criando cliente da Binance
2026-02-27 09:43:48,595 | INFO | Criando cliente da Binance
2026-02-27 09:44:29,046 | INFO | Criando cliente da Binance
2026-02-27 09:44:55,610 | INFO | Criando cliente da Binance
2026-02-27 09:46:18,997 | INFO | Criando cliente da Binance
2026-02-27 09:47:24,874 | INFO | Criando cliente da Binance
2026-02-27 09:47:38,352 | INFO | Criando cliente da Binance
2026-02-27 09:49:05,160 | INFO | Criando cliente da Binance
2026-02-27 09:50:00,905 | INFO | Criando cliente da Binance
2026-02-27 09:52:54,740 | INFO | Criando cliente da Binance
2026-02-27 09:54:56,361 | INFO | Criando cliente da Binance
2026-02-27 09:55:52,242 | INFO | Criando cliente da Binance
2026-02-27 09:55:57,271 | INFO | Criando cliente da Binance
2026-02-27 09:56:00,292 | INFO | Criando cliente da Binance
2026-02-27 09:58:31,214 | INFO | Criando cliente da Binance
2026-02-27 09:59:46,556 | INFO | Criando cliente da Binance
2026-02-27 09:59:51,560 | INFO | Criando cliente da Binance
2026-02-27 10:01:43,454 | INFO | Criando cliente da Binance
2026-02-27 10:01:48,522 | INFO | Criando cliente da Binance
2026-02-27 10:01:50,671 | INFO | Criando cliente da Binance
2026-02-27 10:02:59,529 | INFO | Criando cliente da Binance
2026-02-27 10:03:02,258 | INFO | Criando cliente da Binance
2026-02-27 10:03:31,868 | INFO | Criando cliente da Binance
2026-02-27 10:03:34,609 | INFO | Criando cliente da Binance
2026-02-27 10:04:16,719 | INFO | Criando cliente da Binance
2026-02-27 10:05:06,041 | INFO | Criando cliente da Binance
2026-02-27 10:05:28,794 | INFO | Criando cliente da Binance
2026-02-27 10:05:44,020 | INFO | Criando cliente da Binance
2026-02-27 10:06:33,308 | INFO | Criando cliente da Binance
2026-02-27 10:07:14,966 | INFO | Criando cliente da Binance
2026-02-27 10:14:06,580 | INFO | Criando cliente da Binance
2026-02-27 10:14:43,929 | INFO | Criando cliente da Binance
2026-02-27 10:15:09,473 | INFO | Criando cliente da Binance
2026-02-27 10:15:21,228 | INFO | Criando cliente da Binance
2026-02-27 10:16:54,031 | INFO | Criando cliente da Binance
2026-02-27 10:21:37,176 | INFO | Criando cliente da Binance
2026-02-27 10:21:45,945 | INFO | Criando cliente da Binance
2026-02-27 10:21:58,210 | INFO | Criando cliente da Binance
2026-02-27 10:22:02,972 | INFO | Criando cliente da Binance
2026-02-27 10:23:37,321 | INFO | Criando cliente da Binance
2026-02-27 10:23:39,434 | INFO | Criando cliente da Binance
2026-02-27 10:24:37,076 | INFO | Criando cliente da Binance
2026-02-27 10:24:53,441 | INFO | Criando cliente da Binance
2026-02-27 10:25:30,706 | INFO | Criando cliente da Binance
2026-02-27 10:26:01,976 | INFO | Criando cliente da Binance
2026-02-27 10:26:35,665 | INFO | Criando cliente da Binance
2026-02-27 10:26:51,696 | INFO | Criando cliente da Binance
2026-02-27 10:30:10,812 | INFO | Criando cliente da Binance
2026-02-27 10:30:13,231 | INFO | Criando cliente da Binance
2026-02-27 10:30:32,764 | INFO | Criando cliente da Binance
2026-02-27 10:32:07,487 | INFO | Criando cliente da Binance
2026-02-27 10:37:55,108 | INFO | Criando cliente da Binance
2026-02-27 10:52:03,643 | INFO | Criando cliente da Binance
2026-02-27 10:53:07,632 | INFO | Criando cliente da Binance
2026-02-27 10:53:14,750 | INFO | Criando cliente da Binance
2026-02-27 10:55:18,142 | INFO | Criando cliente da Binance
2026-02-27 10:55:22,836 | INFO | Criando cliente da Binance
2026-02-27 10:55:27,672 | INFO | Criando cliente da Binance
2026-02-27 10:56:06,838 | INFO | Criando cliente da Binance
2026-02-27 10:57:14,292 | INFO | Criando cliente da Binance
2026-02-27 10:57:21,090 | INFO | Criando cliente da Binance
2026-02-27 10:58:46,400 | INFO | Criando cliente da Binance
2026-02-27 10:59:09,328 | INFO | Criando cliente da Binance
2026-02-27 11:02:29,049 | INFO | Criando cliente da Binance
2026-02-28 22:47:28,037 | INFO | Criando cliente da Binance
2026-02-28 22:50:03,350 | INFO | Criando cliente da Binance
2026-02-28 23:28:36,324 | INFO | Criando cliente da Binance
2026-02-28 23:28:40,381 | INFO | Criando cliente da Binance
2026-02-28 23:30:49,004 | INFO | Criando cliente da Binance
2026-02-28 23:30:53,919 | INFO | Criando cliente da Binance
2026-02-28 23:31:33,941 | INFO | Criando cliente da Binance
2026-02-28 23:37:49,193 | INFO | Criando cliente da Binance
2026-02-28 23:37:58,264 | INFO | Criando cliente da Binance
2026-02-28 23:45:46,473 | INFO | Criando cliente da Binance
2026-02-28 23:46:00,773 | INFO | Criando cliente da Binance
2026-02-28 23:46:07,190 | INFO | Criando cliente da Binance
2026-03-01 00:09:29,447 | INFO | Criando cliente da Binance
2026-03-01 00:10:28,257 | INFO | Criando cliente da Binance
2026-03-01 00:10:40,823 | INFO | Criando cliente da Binance
2026-03-01 00:10:49,690 | INFO | Criando cliente da Binance
2026-03-01 00:10:58,340 | INFO | Criando cliente da Binance
2026-03-01 00:11:10,877 | INFO | Criando cliente da Binance
2026-03-01 00:13:10,035 | INFO | Criando cliente da Binance
2026-03-01 00:13:17,600 | INFO | Criando cliente da Binance
2026-03-01 00:22:39,849 | INFO | Criando cliente da Binance
2026-03-01 00:22:49,045 | INFO | Criando cliente da Binance
2026-03-01 00:29:51,530 | INFO | Criando cliente da Binance
2026-03-01 00:30:06,318 | INFO | Criando cliente da Binance
2026-03-01 00:30:10,214 | INFO | Criando cliente da Binance
2026-03-01 00:30:53,601 | INFO | Criando cliente da Binance
2026-03-01 00:40:10,232 | INFO | Criando cliente da Binance
2026-03-01 00:40:28,035 | INFO | Criando cliente da Binance
2026-03-01 00:40:35,726 | INFO | Criando cliente da Binance
2026-03-01 00:45:33,292 | INFO | Criando cliente da Binance
2026-03-01 00:46:03,467 | INFO | Criando cliente da Binance
2026-03-01 00:46:04,504 | INFO | Criando cliente da Binance
2026-03-01 11:06:49,303 | INFO | Criando cliente da Binance
2026-03-01 11:07:01,298 | INFO | Criando cliente da Binance
2026-03-01 13:20:30,725 | INFO | Criando cliente da Binance
2026-03-01 13:20:37,350 | INFO | Criando cliente da Binance
2026-03-01 13:39:31,106 | INFO | Criando cliente da Binance
2026-03-01 14:00:51,072 | INFO | Criando cliente da Binance
2026-03-01 14:00:56,320 | INFO | Criando cliente da Binance
2026-03-01 14:13:25,619 | INFO | Criando cliente da Binance
2026-03-01 14:13:27,526 | INFO | Criando cliente da Binance
2026-03-01 14:24:32,851 | INFO | Criando cliente da Binance
2026-03-01 14:24:40,962 | INFO | Criando cliente da Binance
2026-03-01 17:58:14,086 | INFO | Criando cliente da Binance
2026-03-01 17:58:17,682 | INFO | Criando cliente da Binance
2026-03-01 18:03:48,826 | INFO | Criando cliente da Binance
2026-03-01 18:03:53,380 | INFO | Criando cliente da Binance
2026-03-01 18:09:16,715 | INFO | Criando cliente da Binance
2026-03-01 18:11:58,392 | INFO | Criando cliente da Binance
2026-03-01 18:12:02,707 | INFO | Criando cliente da Binance
2026-03-01 18:13:18,318 | INFO | Criando cliente da Binance
2026-03-01 18:21:00,462 | INFO | Criando cliente da Binance
2026-03-01 18:21:02,911 | INFO | Criando cliente da Binance
2026-03-01 18:23:07,785 | INFO | Criando cliente da Binance
2026-03-01 18:25:12,303 | INFO | Criando cliente da Binance
2026-03-01 18:27:50,529 | INFO | Criando cliente da Binance
2026-03-01 18:27:59,675 | INFO | Criando cliente da Binance
2026-03-01 18:29:02,311 | INFO | Criando cliente da Binance
2026-03-01 18:32:47,374 | INFO | Criando cliente da Binance
2026-03-01 18:33:31,650 | INFO | Criando cliente da Binance
2026-03-01 18:33:34,837 | INFO | Criando cliente da Binance
2026-03-01 18:39:56,942 | INFO | Criando cliente da Binance
2026-03-01 18:43:01,232 | INFO | Criando cliente da Binance
2026-03-01 18:48:39,744 | INFO | Criando cliente da Binance
2026-03-02 22:20:28,406 | INFO | Criando cliente da Binance
2026-03-02 22:20:44,608 | INFO | Criando cliente da Binance
2026-03-02 22:21:15,346 | INFO | Criando cliente da Binance
2026-03-02 22:25:10,455 | INFO | Criando cliente da Binance
2026-03-02 22:25:13,716 | INFO | Criando cliente da Binance
2026-03-02 22:29:46,583 | INFO | Criando cliente da Binance
2026-03-02 22:30:27,117 | INFO | Criando cliente da Binance
2026-03-02 22:30:29,720 | INFO | Criando cliente da Binance
2026-03-02 22:48:18,703 | INFO | Criando cliente da Binance
2026-03-02 22:48:21,812 | INFO | Criando cliente da Binance
2026-03-02 22:54:30,975 | INFO | Criando cliente da Binance
2026-03-02 22:59:02,961 | INFO | Criando cliente da Binance
2026-03-02 23:05:13,447 | INFO | Criando cliente da Binance
2026-03-02 23:05:24,553 | INFO | Criando cliente da Binance
2026-03-02 23:05:26,292 | INFO | Criando cliente da Binance
2026-03-02 23:09:29,509 | INFO | Criando cliente da Binance
2026-03-02 23:09:55,257 | INFO | Criando cliente da Binance
2026-03-02 23:09:59,396 | INFO | Criando cliente da Binance
2026-03-02 23:20:55,404 | INFO | Criando cliente da Binance
2026-03-02 23:20:57,152 | INFO | Criando cliente da Binance
2026-03-02 23:22:54,964 | INFO | Criando cliente da Binance
2026-03-02 23:26:17,761 | INFO | Criando cliente da Binance
2026-03-02 23:28:31,658 | INFO | Criando cliente da Binance
2026-03-02 23:30:48,527 | INFO | Criando cliente da Binance
2026-03-02 23:30:56,755 | INFO | Criando cliente da Binance
2026-03-03 20:02:49,196 | INFO | Criando cliente da Binance
2026-03-03 20:03:08,144 | INFO | Criando cliente da Binance
2026-03-05 16:56:09,495 | INFO | Criando cliente da Binance
2026-03-05 16:56:12,169 | INFO | Criando cliente da Binance
2026-03-05 22:40:17,301 | INFO | Criando cliente da Binance
2026-03-05 22:40:39,429 | INFO | Criando cliente da Binance
2026-03-06 10:47:56,281 | INFO | Criando cliente da Binance
2026-03-06 10:47:57,700 | INFO | Criando cliente da Binance
2026-03-06 12:24:28,866 | INFO | Criando cliente da Binance
2026-03-06 12:24:32,112 | INFO | Criando cliente da Binance
2026-03-07 11:36:55,682 | INFO | Criando cliente da Binance
2026-03-07 11:37:08,586 | INFO | Criando cliente da Binance
2026-03-07 18:29:24,449 | INFO | Criando cliente da Binance
2026-03-07 18:29:24,449 | INFO | Criando cliente da Binance
2026-03-23 21:29:57,259 | INFO | Criando cliente da Binance
2026-03-23 21:30:01,259 | INFO | Criando cliente da Binance
2026-03-23 21:38:35,489 | INFO | Criando cliente da Binance
2026-03-23 21:38:37,782 | INFO | Criando cliente da Binance
2026-03-28 13:55:45,929 | INFO | Criando cliente da Binance
2026-03-28 13:55:47,266 | INFO | Criando cliente da Binance
2026-03-28 18:34:25,893 | INFO | Criando cliente da Binance
2026-03-28 18:34:28,367 | INFO | Criando cliente da Binance
2026-03-28 23:36:42,184 | INFO | Criando cliente da Binance
2026-03-28 23:36:42,184 | INFO | Criando cliente da Binance
2026-03-29 00:17:03,697 | INFO | Criando cliente da Binance
2026-03-29 00:22:07,750 | INFO | Criando cliente da Binance
2026-03-29 00:32:25,155 | INFO | Criando cliente da Binance
2026-03-29 00:37:26,463 | INFO | Criando cliente da Binance
2026-03-29 00:38:43,657 | INFO | Criando cliente da Binance
2026-03-29 00:40:55,468 | INFO | Criando cliente da Binance
2026-03-29 00:41:18,951 | INFO | Criando cliente da Binance
2026-03-29 00:42:43,126 | INFO | Criando cliente da Binance
2026-03-29 00:42:47,897 | INFO | Criando cliente da Binance
2026-03-29 00:43:00,771 | INFO | Criando cliente da Binance
2026-03-29 00:44:14,129 | INFO | Criando cliente da Binance
2026-03-29 00:44:34,449 | INFO | Criando cliente da Binance
2026-03-29 00:46:59,005 | INFO | Criando cliente da Binance
2026-03-29 00:47:00,294 | INFO | Criando cliente da Binance
2026-03-29 00:47:36,033 | INFO | Criando cliente da Binance
2026-03-29 00:47:37,296 | INFO | Criando cliente da Binance
2026-03-29 00:49:02,185 | INFO | Criando cliente da Binance
2026-03-29 00:49:36,085 | INFO | Criando cliente da Binance
2026-03-29 00:49:40,781 | INFO | Criando cliente da Binance
2026-03-29 00:49:45,733 | INFO | Criando cliente da Binance
2026-03-29 00:49:46,990 | INFO | Criando cliente da Binance
2026-03-29 00:50:16,975 | INFO | Criando cliente da Binance
2026-03-29 00:50:18,263 | INFO | Criando cliente da Binance
2026-03-29 00:55:04,787 | INFO | Criando cliente da Binance
2026-03-29 00:55:06,142 | INFO | Criando cliente da Binance
2026-03-29 00:56:43,272 | INFO | Criando cliente da Binance
2026-03-29 00:56:44,598 | INFO | Criando cliente da Binance
2026-03-29 00:57:19,981 | INFO | Criando cliente da Binance
2026-03-29 00:57:21,258 | INFO | Criando cliente da Binance
2026-03-29 11:58:11,164 | INFO | Criando cliente da Binance
2026-03-29 11:58:16,817 | INFO | Criando cliente da Binance
2026-03-29 11:58:18,234 | INFO | Criando cliente da Binance
2026-03-29 11:58:33,669 | INFO | Criando cliente da Binance
2026-03-29 16:15:41,542 | INFO | Criando cliente da Binance
2026-03-29 16:15:44,443 | INFO | Criando cliente da Binance
2026-03-29 16:15:45,701 | INFO | Criando cliente da Binance
2026-03-29 16:17:12,727 | INFO | Criando cliente da Binance
2026-03-29 16:19:55,472 | INFO | Criando cliente da Binance
2026-03-29 16:19:56,775 | INFO | Criando cliente da Binance
2026-03-29 16:20:00,230 | INFO | Criando cliente da Binance
2026-03-29 16:20:01,600 | INFO | Criando cliente da Binance
2026-03-29 16:20:06,344 | INFO | Criando cliente da Binance
2026-03-29 16:20:07,685 | INFO | Criando cliente da Binance
2026-03-29 16:20:12,310 | INFO | Criando cliente da Binance
2026-03-29 16:20:13,575 | INFO | Criando cliente da Binance
2026-03-29 16:22:11,443 | INFO | Criando cliente da Binance
2026-03-29 16:22:12,784 | INFO | Criando cliente da Binance
2026-03-29 16:22:15,898 | INFO | Criando cliente da Binance
2026-03-29 16:22:17,184 | INFO | Criando cliente da Binance
2026-03-29 16:27:54,518 | INFO | Criando cliente da Binance
2026-03-29 16:27:55,822 | INFO | Criando cliente da Binance
2026-03-29 16:28:02,316 | INFO | Criando cliente da Binance
2026-03-29 16:28:25,614 | INFO | Criando cliente da Binance
2026-03-29 16:28:26,888 | INFO | Criando cliente da Binance
2026-03-29 16:29:16,570 | INFO | Criando cliente da Binance
2026-03-29 16:29:17,832 | INFO | Criando cliente da Binance
2026-03-29 16:29:24,222 | INFO | Criando cliente da Binance
2026-03-29 21:45:17,261 | INFO | Criando cliente da Binance
2026-03-29 21:45:18,556 | INFO | Criando cliente da Binance
2026-03-29 21:45:20,731 | INFO | Criando cliente da Binance
2026-03-29 21:54:13,889 | INFO | Criando cliente da Binance
2026-03-29 21:54:15,168 | INFO | Criando cliente da Binance
2026-03-29 21:54:17,153 | INFO | Criando cliente da Binance
2026-03-29 21:54:18,478 | INFO | Criando cliente da Binance
2026-03-29 22:06:58,453 | INFO | Criando cliente da Binance
2026-03-29 22:06:59,741 | INFO | Criando cliente da Binance
2026-03-29 22:13:16,130 | INFO | Criando cliente da Binance
2026-03-29 22:13:17,409 | INFO | Criando cliente da Binance
2026-03-29 22:13:19,206 | INFO | Criando cliente da Binance
2026-03-29 22:13:20,482 | INFO | Criando cliente da Binance
2026-03-29 22:13:35,572 | INFO | Criando cliente da Binance
2026-03-29 22:13:36,834 | INFO | Criando cliente da Binance
2026-03-29 22:13:51,487 | INFO | Criando cliente da Binance
2026-03-29 22:13:52,760 | INFO | Criando cliente da Binance
2026-03-29 22:13:57,675 | INFO | Criando cliente da Binance
2026-03-29 22:13:58,934 | INFO | Criando cliente da Binance
2026-04-05 11:57:56,502 | INFO | Criando cliente da Binance
2026-04-05 11:57:56,946 | INFO | Criando cliente da Binance
2026-04-05 11:57:58,322 | INFO | Criando cliente da Binance
2026-04-05 11:57:58,604 | INFO | Criando cliente da Binance
2026-04-05 12:04:15,692 | INFO | Criando cliente da Binance
2026-04-05 12:04:17,108 | INFO | Criando cliente da Binance
2026-04-05 12:04:20,437 | INFO | Criando cliente da Binance
2026-04-05 12:04:21,817 | INFO | Criando cliente da Binance
2026-04-05 12:09:27,597 | INFO | Criando cliente da Binance
2026-04-05 12:09:28,943 | INFO | Criando cliente da Binance
2026-04-05 12:14:05,633 | INFO | Criando cliente da Binance
2026-04-05 12:14:07,065 | INFO | Criando cliente da Binance
2026-04-05 12:14:09,319 | INFO | Criando cliente da Binance
2026-04-05 12:14:10,740 | INFO | Criando cliente da Binance
2026-04-05 12:18:03,433 | INFO | Criando cliente da Binance
2026-04-05 12:18:05,042 | INFO | Criando cliente da Binance
2026-04-05 12:18:09,232 | INFO | Criando cliente da Binance
2026-04-05 12:18:10,587 | INFO | Criando cliente da Binance
2026-04-05 12:18:16,846 | INFO | Criando cliente da Binance
2026-04-05 12:18:18,173 | INFO | Criando cliente da Binance
2026-04-05 12:18:23,101 | INFO | Criando cliente da Binance
2026-04-05 12:18:24,541 | INFO | Criando cliente da Binance
2026-04-05 12:32:23,462 | INFO | Criando cliente da Binance
2026-04-05 12:32:24,868 | INFO | Criando cliente da Binance
2026-04-05 12:40:28,733 | INFO | Criando cliente da Binance
2026-04-05 12:40:30,138 | INFO | Criando cliente da Binance
2026-04-05 12:56:49,660 | INFO | Criando cliente da Binance
2026-04-05 12:56:51,178 | INFO | Criando cliente da Binance
2026-04-05 12:56:59,471 | INFO | Criando cliente da Binance
2026-04-05 12:57:00,944 | INFO | Criando cliente da Binance
2026-04-05 12:57:05,839 | INFO | Criando cliente da Binance
2026-04-05 12:57:07,171 | INFO | Criando cliente da Binance
2026-04-05 12:57:22,816 | INFO | Criando cliente da Binance
2026-04-05 12:57:24,163 | INFO | Criando cliente da Binance
2026-04-05 13:01:11,466 | INFO | Criando cliente da Binance
2026-04-05 13:01:13,011 | INFO | Criando cliente da Binance
2026-04-05 13:01:58,069 | INFO | Criando cliente da Binance
2026-04-05 13:01:59,485 | INFO | Criando cliente da Binance
2026-04-05 13:01:59,895 | INFO | Criando cliente da Binance
2026-04-05 13:02:01,367 | INFO | Criando cliente da Binance
2026-04-05 13:10:01,775 | WARNING | Connection pool is full, discarding connection: api.binance.com. Connection pool size: 10
2026-04-05 13:10:01,943 | WARNING | Connection pool is full, discarding connection: api.binance.com. Connection pool size: 10
2026-04-05 13:10:01,943 | WARNING | Connection pool is full, discarding connection: api.binance.com. Connection pool size: 10
2026-04-05 13:10:01,944 | WARNING | Connection pool is full, discarding connection: api.binance.com. Connection pool size: 10
2026-04-05 13:10:01,944 | WARNING | Connection pool is full, discarding connection: api.binance.com. Connection pool size: 10
2026-04-05 13:10:08,191 | WARNING | Connection pool is full, discarding connection: api.binance.com. Connection pool size: 10
2026-04-05 13:10:08,198 | WARNING | Connection pool is full, discarding connection: api.binance.com. Connection pool size: 10
2026-04-05 13:10:08,441 | WARNING | Connection pool is full, discarding connection: api.binance.com. Connection pool size: 10
2026-04-05 13:10:08,446 | WARNING | Connection pool is full, discarding connection: api.binance.com. Connection pool size: 10
2026-04-05 13:10:08,470 | WARNING | Connection pool is full, discarding connection: api.binance.com. Connection pool size: 10
2026-04-05 13:10:08,471 | WARNING | Connection pool is full, discarding connection: api.binance.com. Connection pool size: 10
2026-04-05 13:10:08,744 | WARNING | Connection pool is full, discarding connection: api.binance.com. Connection pool size: 10
2026-04-05 13:10:08,814 | WARNING | Connection pool is full, discarding connection: api.binance.com. Connection pool size: 10
2026-04-05 13:11:13,914 | WARNING | Connection pool is full, discarding connection: api.binance.com. Connection pool size: 10
2026-04-05 13:11:13,916 | WARNING | Connection pool is full, discarding connection: api.binance.com. Connection pool size: 10
2026-04-05 13:11:18,009 | WARNING | Connection pool is full, discarding connection: api.binance.com. Connection pool size: 10
2026-04-05 13:11:18,011 | WARNING | Connection pool is full, discarding connection: api.binance.com. Connection pool size: 10
2026-04-05 13:11:18,525 | WARNING | Connection pool is full, discarding connection: api.binance.com. Connection pool size: 10
2026-04-05 13:11:18,791 | WARNING | Connection pool is full, discarding connection: api.binance.com. Connection pool size: 10
2026-04-05 13:11:18,837 | WARNING | Connection pool is full, discarding connection: api.binance.com. Connection pool size: 10
2026-04-05 13:11:18,846 | WARNING | Connection pool is full, discarding connection: api.binance.com. Connection pool size: 10
2026-04-05 13:11:18,899 | WARNING | Connection pool is full, discarding connection: api.binance.com. Connection pool size: 10
2026-04-05 13:11:19,166 | WARNING | Connection pool is full, discarding connection: api.binance.com. Connection pool size: 10
2026-04-05 13:11:19,176 | WARNING | Connection pool is full, discarding connection: api.binance.com. Connection pool size: 10
2026-04-05 13:11:19,448 | WARNING | Connection pool is full, discarding connection: api.binance.com. Connection pool size: 10
2026-04-05 13:11:20,255 | WARNING | Connection pool is full, discarding connection: api.binance.com. Connection pool size: 10
2026-04-05 13:12:27,946 | WARNING | Connection pool is full, discarding connection: api.binance.com. Connection pool size: 10
2026-04-05 13:12:28,002 | WARNING | Connection pool is full, discarding connection: api.binance.com. Connection pool size: 10
2026-04-05 13:12:28,041 | WARNING | Connection pool is full, discarding connection: api.binance.com. Connection pool size: 10
2026-04-05 13:12:28,047 | WARNING | Connection pool is full, discarding connection: api.binance.com. Connection pool size: 10
2026-04-05 13:12:28,053 | WARNING | Connection pool is full, discarding connection: api.binance.com. Connection pool size: 10
2026-04-05 13:12:28,102 | WARNING | Connection pool is full, discarding connection: api.binance.com. Connection pool size: 10
2026-04-05 13:12:28,218 | WARNING | Connection pool is full, discarding connection: api.binance.com. Connection pool size: 10
2026-04-05 13:12:28,424 | WARNING | Connection pool is full, discarding connection: api.binance.com. Connection pool size: 10
2026-04-05 13:12:28,444 | WARNING | Connection pool is full, discarding connection: api.binance.com. Connection pool size: 10
2026-04-05 13:12:28,460 | WARNING | Connection pool is full, discarding connection: api.binance.com. Connection pool size: 10
2026-04-05 13:12:28,496 | WARNING | Connection pool is full, discarding connection: api.binance.com. Connection pool size: 10
2026-04-05 13:12:40,210 | INFO | Criando cliente da Binance
2026-04-05 13:12:53,373 | INFO | Criando cliente da Binance
2026-04-05 13:14:16,150 | INFO | Criando cliente da Binance
2026-04-05 13:14:17,534 | INFO | Criando cliente da Binance
2026-04-05 13:14:23,488 | INFO | Criando cliente da Binance
2026-04-05 13:14:27,411 | INFO | Criando cliente da Binance
2026-04-05 13:14:33,619 | WARNING | Connection pool is full, discarding connection: api.binance.com. Connection pool size: 10
2026-04-05 13:14:33,830 | WARNING | Connection pool is full, discarding connection: api.binance.com. Connection pool size: 10
2026-04-05 13:14:34,190 | WARNING | Connection pool is full, discarding connection: api.binance.com. Connection pool size: 10
2026-04-05 13:14:34,192 | WARNING | Connection pool is full, discarding connection: api.binance.com. Connection pool size: 10
2026-04-05 13:14:34,477 | WARNING | Connection pool is full, discarding connection: api.binance.com. Connection pool size: 10
2026-04-05 13:14:34,558 | WARNING | Connection pool is full, discarding connection: api.binance.com. Connection pool size: 10
2026-04-05 13:14:34,828 | WARNING | Connection pool is full, discarding connection: api.binance.com. Connection pool size: 10
2026-04-05 13:14:35,938 | WARNING | Connection pool is full, discarding connection: api.binance.com. Connection pool size: 10
2026-04-05 13:14:36,047 | WARNING | Connection pool is full, discarding connection: api.binance.com. Connection pool size: 10
2026-04-05 13:14:36,910 | WARNING | Connection pool is full, discarding connection: api.binance.com. Connection pool size: 10
2026-04-05 13:15:12,189 | WARNING | Connection pool is full, discarding connection: api.binance.com. Connection pool size: 10
2026-04-05 13:15:12,191 | WARNING | Connection pool is full, discarding connection: api.binance.com. Connection pool size: 10
2026-04-05 13:15:12,192 | WARNING | Connection pool is full, discarding connection: api.binance.com. Connection pool size: 10
2026-04-05 13:15:12,193 | WARNING | Connection pool is full, discarding connection: api.binance.com. Connection pool size: 10
2026-04-05 13:15:12,537 | WARNING | Connection pool is full, discarding connection: api.binance.com. Connection pool size: 10
2026-04-05 13:15:12,538 | WARNING | Connection pool is full, discarding connection: api.binance.com. Connection pool size: 10
2026-04-05 13:15:12,890 | WARNING | Connection pool is full, discarding connection: api.binance.com. Connection pool size: 10
2026-04-05 13:15:12,903 | WARNING | Connection pool is full, discarding connection: api.binance.com. Connection pool size: 10
2026-04-05 13:15:13,307 | WARNING | Connection pool is full, discarding connection: api.binance.com. Connection pool size: 10
2026-04-05 13:15:13,307 | WARNING | Connection pool is full, discarding connection: api.binance.com. Connection pool size: 10
2026-04-05 13:15:13,318 | WARNING | Connection pool is full, discarding connection: api.binance.com. Connection pool size: 10
2026-04-05 13:15:13,318 | WARNING | Connection pool is full, discarding connection: api.binance.com. Connection pool size: 10
2026-04-05 13:15:13,318 | WARNING | Connection pool is full, discarding connection: api.binance.com. Connection pool size: 10
2026-04-05 13:15:13,320 | WARNING | Connection pool is full, discarding connection: api.binance.com. Connection pool size: 10
2026-04-05 13:15:13,761 | WARNING | Connection pool is full, discarding connection: api.binance.com. Connection pool size: 10
2026-04-05 13:15:13,761 | WARNING | Connection pool is full, discarding connection: api.binance.com. Connection pool size: 10
2026-04-05 13:15:13,771 | WARNING | Connection pool is full, discarding connection: api.binance.com. Connection pool size: 10
2026-04-05 13:15:13,771 | WARNING | Connection pool is full, discarding connection: api.binance.com. Connection pool size: 10
2026-04-05 13:15:16,380 | WARNING | Connection pool is full, discarding connection: api.binance.com. Connection pool size: 9
2026-04-05 13:15:19,085 | WARNING | Connection pool is full, discarding connection: api.binance.com. Connection pool size: 10
2026-04-05 13:15:19,454 | WARNING | Connection pool is full, discarding connection: api.binance.com. Connection pool size: 10
2026-04-05 13:15:19,456 | WARNING | Connection pool is full, discarding connection: api.binance.com. Connection pool size: 10
2026-04-05 13:15:19,536 | WARNING | Connection pool is full, discarding connection: api.binance.com. Connection pool size: 10
2026-04-05 13:15:19,561 | WARNING | Connection pool is full, discarding connection: api.binance.com. Connection pool size: 10
2026-04-05 13:15:19,634 | WARNING | Connection pool is full, discarding connection: api.binance.com. Connection pool size: 10
2026-04-05 13:15:19,637 | WARNING | Connection pool is full, discarding connection: api.binance.com. Connection pool size: 10
2026-04-05 13:15:19,915 | WARNING | Connection pool is full, discarding connection: api.binance.com. Connection pool size: 10
2026-04-05 13:15:20,128 | WARNING | Connection pool is full, discarding connection: api.binance.com. Connection pool size: 10
2026-04-05 13:15:20,128 | WARNING | Connection pool is full, discarding connection: api.binance.com. Connection pool size: 10
2026-04-05 13:15:20,950 | WARNING | Connection pool is full, discarding connection: api.binance.com. Connection pool size: 10
2026-04-05 13:15:21,776 | WARNING | Connection pool is full, discarding connection: api.binance.com. Connection pool size: 10
2026-04-05 13:15:22,099 | WARNING | Connection pool is full, discarding connection: api.binance.com. Connection pool size: 10
2026-04-05 13:15:22,215 | WARNING | Connection pool is full, discarding connection: api.binance.com. Connection pool size: 10
2026-04-05 13:15:22,500 | WARNING | Connection pool is full, discarding connection: api.binance.com. Connection pool size: 10
2026-04-05 13:15:22,632 | WARNING | Connection pool is full, discarding connection: api.binance.com. Connection pool size: 10
2026-04-05 13:15:22,662 | WARNING | Connection pool is full, discarding connection: api.binance.com. Connection pool size: 10
2026-04-05 13:15:23,466 | WARNING | Connection pool is full, discarding connection: api.binance.com. Connection pool size: 10
2026-04-05 13:16:07,951 | WARNING | Connection pool is full, discarding connection: api.binance.com. Connection pool size: 10
2026-04-05 13:16:07,957 | WARNING | Connection pool is full, discarding connection: api.binance.com. Connection pool size: 10
2026-04-05 13:16:08,039 | WARNING | Connection pool is full, discarding connection: api.binance.com. Connection pool size: 10
2026-04-05 13:16:08,075 | WARNING | Connection pool is full, discarding connection: api.binance.com. Connection pool size: 10
2026-04-05 13:16:08,113 | WARNING | Connection pool is full, discarding connection: api.binance.com. Connection pool size: 10
2026-04-05 13:16:08,212 | WARNING | Connection pool is full, discarding connection: api.binance.com. Connection pool size: 10
2026-04-05 13:16:08,235 | WARNING | Connection pool is full, discarding connection: api.binance.com. Connection pool size: 10
2026-04-05 13:16:08,753 | WARNING | Connection pool is full, discarding connection: api.binance.com. Connection pool size: 10
2026-04-05 13:16:08,755 | WARNING | Connection pool is full, discarding connection: api.binance.com. Connection pool size: 10
2026-04-05 13:16:08,772 | WARNING | Connection pool is full, discarding connection: api.binance.com. Connection pool size: 10
2026-04-05 13:16:08,799 | WARNING | Connection pool is full, discarding connection: api.binance.com. Connection pool size: 10
2026-04-05 13:16:08,800 | WARNING | Connection pool is full, discarding connection: api.binance.com. Connection pool size: 10
2026-04-05 13:16:22,807 | INFO | Criando cliente da Binance
2026-04-05 13:17:13,371 | INFO | Criando cliente da Binance
2026-04-05 13:19:29,648 | INFO | Criando cliente da Binance
2026-04-05 13:19:31,075 | INFO | Criando cliente da Binance
2026-04-05 13:19:55,098 | INFO | Criando cliente da Binance
2026-04-05 13:19:56,478 | INFO | Criando cliente da Binance
2026-04-05 13:20:02,053 | INFO | Criando cliente da Binance
2026-04-05 13:20:03,451 | INFO | Criando cliente da Binance
2026-04-05 13:20:18,591 | WARNING | Connection pool is full, discarding connection: api.binance.com. Connection pool size: 10
2026-04-05 13:20:18,594 | WARNING | Connection pool is full, discarding connection: api.binance.com. Connection pool size: 10
2026-04-05 13:20:23,207 | WARNING | Connection pool is full, discarding connection: api.binance.com. Connection pool size: 10
2026-04-05 13:20:23,212 | WARNING | Connection pool is full, discarding connection: api.binance.com. Connection pool size: 10
2026-04-05 13:20:23,214 | WARNING | Connection pool is full, discarding connection: api.binance.com. Connection pool size: 10
2026-04-05 13:20:23,218 | WARNING | Connection pool is full, discarding connection: api.binance.com. Connection pool size: 10
2026-04-05 13:20:23,223 | WARNING | Connection pool is full, discarding connection: api.binance.com. Connection pool size: 10
2026-04-05 13:20:23,227 | WARNING | Connection pool is full, discarding connection: api.binance.com. Connection pool size: 10
2026-04-05 13:20:23,506 | WARNING | Connection pool is full, discarding connection: api.binance.com. Connection pool size: 10
2026-04-05 13:20:23,507 | WARNING | Connection pool is full, discarding connection: api.binance.com. Connection pool size: 10
2026-04-05 13:20:23,969 | WARNING | Connection pool is full, discarding connection: api.binance.com. Connection pool size: 10
2026-04-05 13:20:24,322 | WARNING | Connection pool is full, discarding connection: api.binance.com. Connection pool size: 10
2026-04-05 13:20:24,754 | WARNING | Connection pool is full, discarding connection: api.binance.com. Connection pool size: 10
2026-04-05 13:21:42,916 | INFO | Criando cliente da Binance
2026-04-05 13:21:44,310 | INFO | Criando cliente da Binance
2026-04-05 13:21:46,019 | INFO | Criando cliente da Binance
2026-04-05 13:21:47,436 | INFO | Criando cliente da Binance
2026-04-05 13:27:02,045 | INFO | Criando cliente da Binance
2026-04-05 13:27:03,490 | INFO | Criando cliente da Binance
2026-04-05 13:27:04,416 | INFO | Criando cliente da Binance
2026-04-05 13:27:05,755 | INFO | Criando cliente da Binance
2026-04-06 11:03:03,275 | INFO | Criando cliente da Binance
2026-04-06 11:03:04,576 | INFO | Criando cliente da Binance
2026-04-06 11:03:05,296 | INFO | Criando cliente da Binance
2026-04-06 11:03:06,775 | INFO | Criando cliente da Binance
2026-04-06 11:08:48,762 | INFO | Criando cliente da Binance
2026-04-06 11:08:50,187 | INFO | Criando cliente da Binance
2026-04-06 11:09:14,898 | INFO | Criando cliente da Binance
2026-04-06 11:09:16,187 | INFO | Criando cliente da Binance
2026-04-06 11:09:48,251 | INFO | Criando cliente da Binance
2026-04-06 11:09:49,528 | INFO | Criando cliente da Binance
2026-04-06 11:10:54,988 | INFO | Criando cliente da Binance
2026-04-06 11:10:56,362 | INFO | Criando cliente da Binance
2026-04-06 11:17:48,449 | INFO | Criando cliente da Binance
2026-04-06 11:17:49,757 | INFO | Criando cliente da Binance
2026-04-06 11:18:25,536 | INFO | Criando cliente da Binance
2026-04-06 11:18:26,831 | INFO | Criando cliente da Binance
2026-04-06 11:18:52,335 | INFO | Cliente Binance criado com sucesso
2026-04-06 11:18:53,601 | INFO | Cliente Binance criado com sucesso
2026-04-06 11:19:08,075 | INFO | Cliente Binance criado com sucesso
2026-04-06 11:19:09,377 | INFO | Cliente Binance criado com sucesso
2026-04-06 11:19:42,181 | INFO | Cliente Binance criado com sucesso
2026-04-06 11:19:43,495 | INFO | Cliente Binance criado com sucesso
2026-04-06 11:19:54,323 | INFO | Cliente Binance criado com sucesso
2026-04-06 11:19:55,587 | INFO | Cliente Binance criado com sucesso
2026-04-06 11:20:24,744 | INFO | Cliente Binance criado com sucesso
2026-04-06 11:20:26,012 | INFO | Cliente Binance criado com sucesso
2026-04-06 11:20:33,198 | INFO | Cliente Binance criado com sucesso
2026-04-06 11:20:34,451 | INFO | Cliente Binance criado com sucesso
2026-04-06 11:20:48,945 | INFO | Cliente Binance criado com sucesso
2026-04-06 11:20:50,224 | INFO | Cliente Binance criado com sucesso
2026-04-06 11:20:57,390 | INFO | Cliente Binance criado com sucesso
2026-04-06 11:20:58,660 | INFO | Cliente Binance criado com sucesso
2026-04-06 11:21:08,059 | INFO | Cliente Binance criado com sucesso
2026-04-06 11:21:09,387 | INFO | Cliente Binance criado com sucesso
2026-04-06 11:21:16,598 | INFO | Cliente Binance criado com sucesso
2026-04-06 11:21:17,892 | INFO | Cliente Binance criado com sucesso
2026-04-06 11:21:40,966 | INFO | Cliente Binance criado com sucesso
2026-04-06 11:21:42,248 | INFO | Cliente Binance criado com sucesso
2026-04-06 11:32:08,581 | INFO | Cliente Binance criado com sucesso
2026-04-06 11:32:10,010 | INFO | Cliente Binance criado com sucesso
2026-04-06 11:37:24,948 | INFO | Cliente Binance criado com sucesso
2026-04-06 11:37:26,296 | INFO | Cliente Binance criado com sucesso
2026-04-06 11:37:59,669 | INFO | Cliente Binance criado com sucesso
2026-04-06 11:38:00,949 | INFO | Cliente Binance criado com sucesso
2026-04-06 11:38:07,177 | INFO | Cliente Binance criado com sucesso
2026-04-06 11:38:08,475 | INFO | Cliente Binance criado com sucesso
2026-04-06 11:38:47,374 | INFO | Cliente Binance criado com sucesso
2026-04-06 11:38:48,684 | INFO | Cliente Binance criado com sucesso
2026-04-06 11:38:59,691 | INFO | Cliente Binance criado com sucesso
2026-04-06 11:39:00,952 | INFO | Cliente Binance criado com sucesso
2026-04-06 11:41:20,701 | INFO | Cliente Binance criado com sucesso
2026-04-06 11:41:21,972 | INFO | Cliente Binance criado com sucesso
2026-04-06 11:41:38,827 | INFO | Cliente Binance criado com sucesso
2026-04-06 11:41:40,203 | INFO | Cliente Binance criado com sucesso
2026-04-06 11:44:16,755 | INFO | Cliente Binance criado com sucesso
2026-04-06 11:44:18,047 | INFO | Cliente Binance criado com sucesso
2026-04-06 11:44:22,521 | INFO | Cliente Binance criado com sucesso
2026-04-06 11:44:23,782 | INFO | Cliente Binance criado com sucesso
2026-04-06 11:45:38,925 | INFO | Cliente Binance criado com sucesso
2026-04-06 11:45:40,195 | INFO | Cliente Binance criado com sucesso
2026-04-06 11:45:47,471 | INFO | Cliente Binance criado com sucesso
2026-04-06 11:45:48,748 | INFO | Cliente Binance criado com sucesso
2026-04-06 11:46:54,132 | INFO | Cliente Binance criado com sucesso
2026-04-06 11:46:55,388 | INFO | Cliente Binance criado com sucesso
2026-04-06 11:46:58,553 | INFO | Cliente Binance criado com sucesso
2026-04-06 11:46:59,809 | INFO | Cliente Binance criado com sucesso
2026-04-06 11:53:17,711 | INFO | Cliente Binance criado com sucesso
2026-04-06 11:53:19,031 | INFO | Cliente Binance criado com sucesso
2026-04-06 11:54:07,167 | INFO | Cliente Binance criado com sucesso
2026-04-06 11:54:08,434 | INFO | Cliente Binance criado com sucesso
2026-04-06 11:54:18,105 | INFO | Cliente Binance criado com sucesso
2026-04-06 11:54:19,402 | INFO | Cliente Binance criado com sucesso
2026-04-06 11:54:22,877 | INFO | Cliente Binance criado com sucesso
2026-04-06 11:54:24,133 | INFO | Cliente Binance criado com sucesso
2026-04-06 11:59:12,644 | INFO | Cliente Binance criado com sucesso
2026-04-06 11:59:13,907 | INFO | Cliente Binance criado com sucesso
2026-04-06 11:59:17,297 | INFO | Cliente Binance criado com sucesso
2026-04-06 11:59:18,825 | INFO | Cliente Binance criado com sucesso
2026-04-06 12:03:10,949 | INFO | Cliente Binance criado com sucesso
2026-04-06 12:03:12,203 | INFO | Cliente Binance criado com sucesso
2026-04-06 12:03:26,811 | INFO | Cliente Binance criado com sucesso
2026-04-06 12:03:28,110 | INFO | Cliente Binance criado com sucesso
2026-04-06 12:05:35,082 | INFO | Cliente Binance criado com sucesso
2026-04-06 12:05:36,393 | INFO | Cliente Binance criado com sucesso
2026-04-06 12:05:39,705 | INFO | Cliente Binance criado com sucesso
2026-04-06 12:05:41,024 | INFO | Cliente Binance criado com sucesso
2026-04-06 12:06:05,079 | INFO | Cliente Binance criado com sucesso
2026-04-06 12:06:06,336 | INFO | Cliente Binance criado com sucesso
2026-04-06 12:06:17,985 | INFO | Cliente Binance criado com sucesso
2026-04-06 12:06:19,266 | INFO | Cliente Binance criado com sucesso
2026-04-06 12:08:39,870 | INFO | Cliente Binance criado com sucesso
2026-04-06 12:08:41,163 | INFO | Cliente Binance criado com sucesso
2026-04-06 12:09:49,367 | INFO | Cliente Binance criado com sucesso
2026-04-06 12:09:50,648 | INFO | Cliente Binance criado com sucesso
2026-04-06 12:10:29,152 | INFO | Cliente Binance criado com sucesso
2026-04-06 12:10:30,413 | INFO | Cliente Binance criado com sucesso
2026-04-06 12:11:43,353 | INFO | Cliente Binance criado com sucesso
2026-04-06 12:11:44,839 | INFO | Cliente Binance criado com sucesso
2026-04-06 12:13:12,377 | INFO | Cliente Binance criado com sucesso
2026-04-06 12:13:13,675 | INFO | Cliente Binance criado com sucesso
2026-04-06 12:13:17,195 | INFO | Cliente Binance criado com sucesso
2026-04-06 12:13:18,483 | INFO | Cliente Binance criado com sucesso
2026-04-06 12:14:38,603 | INFO | Cliente Binance criado com sucesso
2026-04-06 12:14:39,882 | INFO | Cliente Binance criado com sucesso
2026-04-06 12:14:44,458 | INFO | Cliente Binance criado com sucesso
2026-04-06 12:14:45,794 | INFO | Cliente Binance criado com sucesso
2026-04-06 12:14:54,722 | INFO | Cliente Binance criado com sucesso
2026-04-06 12:14:56,023 | INFO | Cliente Binance criado com sucesso
2026-04-06 12:15:10,459 | INFO | Cliente Binance criado com sucesso
2026-04-06 12:15:11,717 | INFO | Cliente Binance criado com sucesso
2026-04-06 12:15:15,318 | INFO | Cliente Binance criado com sucesso
2026-04-06 12:15:16,585 | INFO | Cliente Binance criado com sucesso
2026-04-06 12:15:19,937 | INFO | Cliente Binance criado com sucesso
2026-04-06 12:15:21,216 | INFO | Cliente Binance criado com sucesso
2026-04-06 12:15:35,765 | INFO | Cliente Binance criado com sucesso
2026-04-06 12:15:37,036 | INFO | Cliente Binance criado com sucesso
2026-04-06 12:15:40,581 | INFO | Cliente Binance criado com sucesso
2026-04-06 12:15:41,856 | INFO | Cliente Binance criado com sucesso
2026-04-06 12:15:45,279 | INFO | Cliente Binance criado com sucesso
2026-04-06 12:15:46,621 | INFO | Cliente Binance criado com sucesso
2026-04-06 12:15:49,947 | INFO | Cliente Binance criado com sucesso
2026-04-06 12:15:51,216 | INFO | Cliente Binance criado com sucesso
2026-04-06 12:15:54,679 | INFO | Cliente Binance criado com sucesso
2026-04-06 12:15:55,997 | INFO | Cliente Binance criado com sucesso
2026-04-06 12:17:20,005 | INFO | Cliente Binance criado com sucesso
2026-04-06 12:17:21,269 | INFO | Cliente Binance criado com sucesso
2026-04-06 12:25:55,524 | INFO | Cliente Binance criado com sucesso
2026-04-06 12:25:56,844 | INFO | Cliente Binance criado com sucesso
2026-04-06 13:18:21,431 | INFO | Cliente Binance criado com sucesso
2026-04-06 13:18:22,723 | INFO | Cliente Binance criado com sucesso
2026-04-06 13:18:23,912 | INFO | Cliente Binance criado com sucesso
2026-04-06 13:18:25,262 | INFO | Cliente Binance criado com sucesso
2026-04-06 13:23:20,199 | INFO | Cliente Binance criado com sucesso
2026-04-06 13:23:21,556 | INFO | Cliente Binance criado com sucesso
2026-04-06 13:24:10,188 | INFO | Cliente Binance criado com sucesso
2026-04-06 13:24:11,435 | INFO | Cliente Binance criado com sucesso
2026-04-06 13:24:40,681 | INFO | Cliente Binance criado com sucesso
2026-04-06 13:24:41,968 | INFO | Cliente Binance criado com sucesso
2026-04-06 13:24:49,208 | INFO | Cliente Binance criado com sucesso
2026-04-06 13:24:50,473 | INFO | Cliente Binance criado com sucesso
2026-04-06 13:32:49,751 | INFO | Cliente Binance criado com sucesso
2026-04-06 13:32:51,111 | INFO | Cliente Binance criado com sucesso
2026-04-06 13:36:26,160 | INFO | Cliente Binance criado com sucesso
2026-04-06 13:36:32,877 | INFO | Cliente Binance criado com sucesso
2026-04-06 13:36:34,143 | INFO | Cliente Binance criado com sucesso
2026-04-06 13:38:16,158 | INFO | Cliente Binance criado com sucesso
2026-04-06 13:38:17,495 | INFO | Cliente Binance criado com sucesso
2026-04-06 13:40:08,294 | INFO | Cliente Binance criado com sucesso
2026-04-06 13:40:09,550 | INFO | Cliente Binance criado com sucesso
2026-04-06 13:41:02,901 | INFO | Cliente Binance criado com sucesso
2026-04-06 13:41:04,154 | INFO | Cliente Binance criado com sucesso
2026-04-06 13:45:58,239 | INFO | Cliente Binance criado com sucesso
2026-04-06 13:45:59,494 | INFO | Cliente Binance criado com sucesso
2026-04-06 13:47:20,179 | INFO | Cliente Binance criado com sucesso
2026-04-06 13:47:21,479 | INFO | Cliente Binance criado com sucesso
2026-04-06 13:47:54,790 | INFO | Cliente Binance criado com sucesso
2026-04-06 13:47:56,047 | INFO | Cliente Binance criado com sucesso
2026-04-06 13:51:17,409 | INFO | Cliente Binance criado com sucesso
2026-04-06 13:51:18,704 | INFO | Cliente Binance criado com sucesso
2026-04-06 13:51:58,663 | INFO | Cliente Binance criado com sucesso
2026-04-06 13:52:00,002 | INFO | Cliente Binance criado com sucesso
2026-04-06 13:55:10,737 | INFO | Cliente Binance criado com sucesso
2026-04-06 13:55:12,107 | INFO | Cliente Binance criado com sucesso
2026-04-06 13:55:15,468 | INFO | Cliente Binance criado com sucesso
2026-04-06 13:55:16,733 | INFO | Cliente Binance criado com sucesso
2026-04-06 13:55:42,534 | INFO | Cliente Binance criado com sucesso
2026-04-06 13:55:43,787 | INFO | Cliente Binance criado com sucesso
2026-04-06 13:56:24,160 | INFO | Cliente Binance criado com sucesso
2026-04-06 13:56:25,452 | INFO | Cliente Binance criado com sucesso
2026-04-06 13:56:31,873 | INFO | Cliente Binance criado com sucesso
2026-04-06 13:56:33,138 | INFO | Cliente Binance criado com sucesso
2026-04-06 14:32:55,699 | INFO | Cliente Binance criado com sucesso
2026-04-06 14:32:56,992 | INFO | Cliente Binance criado com sucesso
2026-04-06 14:33:01,925 | INFO | Cliente Binance criado com sucesso
2026-04-06 14:33:03,183 | INFO | Cliente Binance criado com sucesso
2026-04-06 14:33:54,648 | INFO | Cliente Binance criado com sucesso
2026-04-06 14:33:55,921 | INFO | Cliente Binance criado com sucesso
2026-04-06 14:34:06,827 | INFO | Cliente Binance criado com sucesso
2026-04-06 14:34:08,071 | INFO | Cliente Binance criado com sucesso
2026-04-06 14:34:37,594 | INFO | Cliente Binance criado com sucesso
2026-04-06 14:34:38,848 | INFO | Cliente Binance criado com sucesso
2026-04-06 14:35:34,104 | INFO | Cliente Binance criado com sucesso
2026-04-06 14:35:35,880 | INFO | Cliente Binance criado com sucesso
2026-04-06 14:35:46,267 | INFO | Cliente Binance criado com sucesso
2026-04-06 14:35:47,559 | INFO | Cliente Binance criado com sucesso
2026-04-06 14:35:52,150 | INFO | Cliente Binance criado com sucesso
2026-04-06 14:35:53,413 | INFO | Cliente Binance criado com sucesso
2026-04-06 14:36:11,782 | INFO | Cliente Binance criado com sucesso
2026-04-06 14:36:13,121 | INFO | Cliente Binance criado com sucesso
2026-04-06 14:40:43,048 | INFO | Cliente Binance criado com sucesso
2026-04-06 14:40:44,406 | INFO | Cliente Binance criado com sucesso
2026-04-06 14:40:49,083 | INFO | Cliente Binance criado com sucesso
2026-04-06 14:40:50,357 | INFO | Cliente Binance criado com sucesso
2026-04-09 10:01:33,954 | INFO | Cliente Binance criado com sucesso
2026-04-09 10:01:35,393 | INFO | Cliente Binance criado com sucesso
2026-04-09 10:01:37,526 | INFO | Cliente Binance criado com sucesso
2026-04-09 10:01:39,252 | INFO | Cliente Binance criado com sucesso
2026-04-09 10:03:04,246 | INFO | Cliente Binance criado com sucesso
2026-04-09 10:03:05,658 | INFO | Cliente Binance criado com sucesso
2026-04-09 10:07:48,228 | INFO | Cliente Binance criado com sucesso
2026-04-09 10:07:49,694 | INFO | Cliente Binance criado com sucesso
2026-04-09 10:07:53,627 | INFO | Cliente Binance criado com sucesso
2026-04-09 10:07:55,115 | INFO | Cliente Binance criado com sucesso
2026-04-09 10:08:00,294 | INFO | Cliente Binance criado com sucesso
2026-04-09 10:08:01,874 | INFO | Cliente Binance criado com sucesso
2026-04-09 10:08:06,914 | INFO | Cliente Binance criado com sucesso
2026-04-09 10:08:08,461 | INFO | Cliente Binance criado com sucesso
2026-04-09 10:08:13,136 | INFO | Cliente Binance criado com sucesso
2026-04-09 10:08:14,496 | INFO | Cliente Binance criado com sucesso
2026-04-09 10:08:25,939 | INFO | Cliente Binance criado com sucesso
2026-04-09 10:08:27,285 | INFO | Cliente Binance criado com sucesso
2026-04-09 10:08:42,141 | INFO | Cliente Binance criado com sucesso
2026-04-09 10:08:43,532 | INFO | Cliente Binance criado com sucesso
2026-04-09 10:16:16,900 | INFO | Cliente Binance criado com sucesso
2026-04-09 10:16:18,541 | INFO | Cliente Binance criado com sucesso
2026-04-09 10:21:31,537 | INFO | Cliente Binance criado com sucesso
2026-04-09 10:21:33,240 | INFO | Cliente Binance criado com sucesso
2026-04-09 10:22:41,938 | INFO | Cliente Binance criado com sucesso
2026-04-09 10:22:43,344 | INFO | Cliente Binance criado com sucesso
2026-04-09 10:26:17,497 | INFO | Cliente Binance criado com sucesso
2026-04-09 10:26:18,820 | INFO | Cliente Binance criado com sucesso
2026-04-09 10:26:27,628 | INFO | Cliente Binance criado com sucesso
2026-04-09 10:26:29,231 | INFO | Cliente Binance criado com sucesso
2026-04-09 10:32:35,287 | INFO | Cliente Binance criado com sucesso
2026-04-09 10:32:36,660 | INFO | Cliente Binance criado com sucesso
2026-04-09 10:32:42,940 | INFO | Cliente Binance criado com sucesso
2026-04-09 10:32:44,301 | INFO | Cliente Binance criado com sucesso
2026-04-09 10:39:19,090 | INFO | Cliente Binance criado com sucesso
2026-04-09 10:39:20,508 | INFO | Cliente Binance criado com sucesso
2026-04-09 10:39:21,400 | INFO | Cliente Binance criado com sucesso
2026-04-09 10:39:22,928 | INFO | Cliente Binance criado com sucesso
2026-04-09 10:43:53,284 | INFO | Cliente Binance criado com sucesso
2026-04-09 10:43:54,607 | INFO | Cliente Binance criado com sucesso
2026-04-09 10:43:56,905 | INFO | Cliente Binance criado com sucesso
2026-04-09 10:43:58,553 | INFO | Cliente Binance criado com sucesso
2026-04-09 10:56:55,164 | INFO | Cliente Binance criado com sucesso
2026-04-09 10:56:56,686 | INFO | Cliente Binance criado com sucesso
2026-04-09 10:56:57,371 | INFO | Cliente Binance criado com sucesso
2026-04-09 10:56:58,942 | INFO | Cliente Binance criado com sucesso
2026-04-09 11:04:05,466 | INFO | Cliente Binance criado com sucesso
2026-04-09 11:04:06,968 | INFO | Cliente Binance criado com sucesso
2026-04-09 11:04:12,078 | INFO | Cliente Binance criado com sucesso
2026-04-09 11:04:13,912 | INFO | Cliente Binance criado com sucesso
2026-04-09 12:11:24,264 | INFO | Cliente Binance criado com sucesso
2026-04-09 12:11:25,282 | INFO | Cliente Binance criado com sucesso
2026-04-09 12:11:26,100 | INFO | Cliente Binance criado com sucesso
2026-04-09 12:11:26,890 | INFO | Cliente Binance criado com sucesso
2026-04-09 12:35:21,720 | INFO | Cliente Binance criado com sucesso
2026-04-09 12:35:23,330 | INFO | Cliente Binance criado com sucesso
2026-04-09 12:35:36,948 | INFO | Cliente Binance criado com sucesso
2026-04-09 12:35:38,621 | INFO | Cliente Binance criado com sucesso
2026-04-09 12:35:43,699 | INFO | Cliente Binance criado com sucesso
2026-04-09 12:35:45,098 | INFO | Cliente Binance criado com sucesso
2026-04-09 12:35:54,700 | INFO | Cliente Binance criado com sucesso
2026-04-09 12:35:56,259 | INFO | Cliente Binance criado com sucesso
2026-04-09 12:36:01,337 | INFO | Cliente Binance criado com sucesso
2026-04-09 12:36:02,794 | INFO | Cliente Binance criado com sucesso
2026-04-09 12:36:12,758 | INFO | Cliente Binance criado com sucesso
2026-04-09 12:36:14,279 | INFO | Cliente Binance criado com sucesso
2026-04-09 12:36:28,366 | INFO | Cliente Binance criado com sucesso
2026-04-09 12:36:29,853 | INFO | Cliente Binance criado com sucesso
2026-04-09 12:36:42,885 | INFO | Cliente Binance criado com sucesso
2026-04-09 12:36:44,415 | INFO | Cliente Binance criado com sucesso
2026-04-09 12:36:49,226 | INFO | Cliente Binance criado com sucesso
2026-04-09 12:36:50,646 | INFO | Cliente Binance criado com sucesso
2026-04-09 12:37:00,261 | INFO | Cliente Binance criado com sucesso
2026-04-09 12:37:01,664 | INFO | Cliente Binance criado com sucesso
2026-04-09 12:37:07,070 | INFO | Cliente Binance criado com sucesso
2026-04-09 12:37:08,711 | INFO | Cliente Binance criado com sucesso
2026-04-09 12:37:31,867 | INFO | Cliente Binance criado com sucesso
2026-04-09 12:37:33,224 | INFO | Cliente Binance criado com sucesso
2026-04-09 12:47:28,613 | INFO | Cliente Binance criado com sucesso
2026-04-09 12:47:29,996 | INFO | Cliente Binance criado com sucesso
2026-04-09 13:02:25,753 | INFO | Cliente Binance criado com sucesso
2026-04-09 13:02:27,187 | INFO | Cliente Binance criado com sucesso
2026-04-09 13:02:37,318 | INFO | Cliente Binance criado com sucesso
2026-04-09 13:02:38,735 | INFO | Cliente Binance criado com sucesso
2026-04-09 13:03:04,701 | INFO | Cliente Binance criado com sucesso
2026-04-09 13:03:06,005 | INFO | Cliente Binance criado com sucesso
2026-04-22 18:01:29,357 | INFO | Cliente Binance criado com sucesso
2026-04-22 18:01:30,735 | INFO | Cliente Binance criado com sucesso
2026-04-22 18:01:33,330 | INFO | Cliente Binance criado com sucesso
2026-04-22 18:01:34,278 | INFO | Cliente Binance criado com sucesso
2026-04-23 11:53:20,324 | INFO | Cliente Binance criado com sucesso
2026-04-23 11:53:20,331 | INFO | Cliente Binance criado com sucesso
2026-04-23 11:53:22,320 | INFO | Cliente Binance criado com sucesso
2026-04-23 11:53:22,321 | INFO | Cliente Binance criado com sucesso
2026-04-23 18:23:16,236 | INFO | Cliente Binance criado com sucesso
2026-04-23 18:23:17,577 | INFO | Cliente Binance criado com sucesso
2026-04-23 18:23:56,325 | INFO | Cliente Binance criado com sucesso
2026-04-23 18:23:57,677 | INFO | Cliente Binance criado com sucesso
2026-04-23 18:24:43,337 | INFO | Cliente Binance criado com sucesso
2026-04-23 18:24:44,733 | INFO | Cliente Binance criado com sucesso
2026-04-23 18:28:14,859 | INFO | Cliente Binance criado com sucesso
2026-04-23 18:28:16,550 | INFO | Cliente Binance criado com sucesso
2026-04-23 18:28:36,809 | INFO | Cliente Binance criado com sucesso
2026-04-23 18:28:38,209 | INFO | Cliente Binance criado com sucesso
2026-04-23 18:29:02,546 | INFO | Cliente Binance criado com sucesso
2026-04-23 18:29:03,918 | INFO | Cliente Binance criado com sucesso
2026-04-23 18:30:43,874 | INFO | Cliente Binance criado com sucesso
2026-04-23 18:30:45,347 | INFO | Cliente Binance criado com sucesso
2026-04-23 18:31:05,880 | INFO | Cliente Binance criado com sucesso
2026-04-23 18:31:07,381 | INFO | Cliente Binance criado com sucesso
2026-04-23 18:31:51,919 | INFO | Cliente Binance criado com sucesso
2026-04-23 18:31:53,392 | INFO | Cliente Binance criado com sucesso
2026-04-23 18:32:29,330 | INFO | Cliente Binance criado com sucesso
2026-04-23 18:32:30,780 | INFO | Cliente Binance criado com sucesso
2026-04-23 18:34:15,566 | INFO | Cliente Binance criado com sucesso
2026-04-23 18:34:17,151 | INFO | Cliente Binance criado com sucesso
2026-04-23 18:34:20,823 | INFO | Cliente Binance criado com sucesso
2026-04-23 18:34:22,248 | INFO | Cliente Binance criado com sucesso
2026-04-23 18:34:53,349 | INFO | Cliente Binance criado com sucesso
2026-04-23 18:34:54,783 | INFO | Cliente Binance criado com sucesso
2026-04-23 18:35:06,810 | INFO | Cliente Binance criado com sucesso
2026-04-23 18:35:08,260 | INFO | Cliente Binance criado com sucesso
2026-04-23 18:35:13,361 | INFO | Cliente Binance criado com sucesso
2026-04-23 18:35:14,954 | INFO | Cliente Binance criado com sucesso
2026-04-23 18:35:24,155 | INFO | Cliente Binance criado com sucesso
2026-04-23 18:35:25,481 | INFO | Cliente Binance criado com sucesso
2026-04-23 18:36:22,868 | INFO | Cliente Binance criado com sucesso
2026-04-23 18:36:24,285 | INFO | Cliente Binance criado com sucesso
2026-04-23 18:36:29,440 | INFO | Cliente Binance criado com sucesso
2026-04-23 18:36:30,802 | INFO | Cliente Binance criado com sucesso
2026-04-23 20:01:21,292 | INFO | Cliente Binance criado com sucesso
2026-04-23 20:01:22,763 | INFO | Cliente Binance criado com sucesso
2026-04-23 20:03:41,457 | INFO | Cliente Binance criado com sucesso
2026-04-23 20:03:42,908 | INFO | Cliente Binance criado com sucesso
2026-04-23 20:04:02,575 | INFO | Cliente Binance criado com sucesso
2026-04-23 20:04:04,159 | INFO | Cliente Binance criado com sucesso
2026-04-23 20:04:23,523 | INFO | Cliente Binance criado com sucesso
2026-04-23 20:04:24,957 | INFO | Cliente Binance criado com sucesso
2026-04-23 20:06:17,508 | INFO | Cliente Binance criado com sucesso
2026-04-23 20:06:19,078 | INFO | Cliente Binance criado com sucesso
2026-04-23 20:06:24,266 | INFO | Cliente Binance criado com sucesso
2026-04-23 20:06:25,766 | INFO | Cliente Binance criado com sucesso
2026-04-23 20:06:53,466 | INFO | Cliente Binance criado com sucesso
2026-04-23 20:06:54,928 | INFO | Cliente Binance criado com sucesso
2026-04-23 20:10:22,205 | INFO | Cliente Binance criado com sucesso
2026-04-23 20:10:23,719 | INFO | Cliente Binance criado com sucesso
2026-04-23 20:15:24,616 | INFO | Cliente Binance criado com sucesso
2026-04-23 20:15:26,441 | INFO | Cliente Binance criado com sucesso
2026-04-23 20:21:07,609 | INFO | Cliente Binance criado com sucesso
2026-04-23 20:21:09,255 | INFO | Cliente Binance criado com sucesso
2026-04-23 20:26:36,096 | INFO | Cliente Binance criado com sucesso
2026-04-23 20:26:37,929 | INFO | Cliente Binance criado com sucesso
2026-04-23 20:29:43,740 | INFO | Cliente Binance criado com sucesso
2026-04-23 20:29:45,756 | INFO | Cliente Binance criado com sucesso
2026-04-23 20:43:04,721 | INFO | Cliente Binance criado com sucesso
2026-04-23 20:43:06,534 | INFO | Cliente Binance criado com sucesso
2026-04-26 13:18:48,978 | INFO | Cliente Binance criado com sucesso
2026-04-26 13:18:50,381 | INFO | Cliente Binance criado com sucesso
2026-04-26 13:21:02,419 | INFO | Cliente Binance criado com sucesso
2026-04-26 13:21:03,989 | INFO | Cliente Binance criado com sucesso
2026-04-26 13:33:38,327 | INFO | Cliente Binance criado com sucesso
2026-04-26 13:33:39,823 | INFO | Cliente Binance criado com sucesso
2026-04-26 13:33:56,529 | INFO | Cliente Binance criado com sucesso
2026-04-26 13:33:58,075 | INFO | Cliente Binance criado com sucesso
2026-04-26 13:36:23,348 | INFO | Cliente Binance criado com sucesso
2026-04-26 13:36:24,772 | INFO | Cliente Binance criado com sucesso
2026-04-26 13:36:53,750 | INFO | Cliente Binance criado com sucesso
2026-04-26 13:36:55,411 | INFO | Cliente Binance criado com sucesso
2026-04-26 13:42:58,821 | INFO | Cliente Binance criado com sucesso
2026-04-26 13:43:00,276 | INFO | Cliente Binance criado com sucesso
2026-04-26 13:44:45,471 | INFO | Cliente Binance criado com sucesso
2026-04-26 13:44:46,880 | INFO | Cliente Binance criado com sucesso
2026-04-26 13:45:11,251 | INFO | Cliente Binance criado com sucesso
2026-04-26 13:45:12,723 | INFO | Cliente Binance criado com sucesso
2026-04-26 13:57:16,872 | INFO | Cliente Binance criado com sucesso
2026-04-26 13:57:18,275 | INFO | Cliente Binance criado com sucesso
2026-04-26 13:59:32,614 | INFO | Cliente Binance criado com sucesso
2026-04-26 13:59:34,266 | INFO | Cliente Binance criado com sucesso
2026-04-26 14:14:59,036 | INFO | Cliente Binance criado com sucesso
2026-04-26 14:15:00,732 | INFO | Cliente Binance criado com sucesso
2026-04-28 07:39:15,413 | INFO | Cliente Binance criado com sucesso
2026-04-28 07:39:16,850 | INFO | Cliente Binance criado com sucesso
2026-04-28 07:39:46,525 | INFO | Cliente Binance criado com sucesso
2026-04-28 07:39:48,185 | INFO | Cliente Binance criado com sucesso
2026-05-12 13:03:39,456 | INFO | Cliente Binance criado com sucesso
2026-05-12 13:03:41,124 | INFO | Cliente Binance criado com sucesso
2026-05-12 13:03:53,883 | INFO | Cliente Binance criado com sucesso
2026-05-12 13:03:55,649 | INFO | Cliente Binance criado com sucesso
2026-05-12 13:06:09,994 | INFO | Cliente Binance criado com sucesso
2026-05-12 13:06:11,614 | INFO | Cliente Binance criado com sucesso
2026-05-12 13:06:12,880 | INFO | Cliente Binance criado com sucesso
2026-05-12 13:06:14,414 | INFO | Cliente Binance criado com sucesso
2026-05-12 13:16:29,748 | INFO | Cliente Binance criado com sucesso
2026-05-12 13:16:31,180 | INFO | Cliente Binance criado com sucesso
2026-05-12 13:23:29,223 | INFO | Cliente Binance criado com sucesso
2026-05-12 13:23:30,951 | INFO | Cliente Binance criado com sucesso
2026-05-12 13:46:06,598 | INFO | Cliente Binance criado com sucesso
2026-05-12 13:46:08,220 | INFO | Cliente Binance criado com sucesso
2026-05-12 13:46:59,263 | INFO | Cliente Binance criado com sucesso
2026-05-12 13:47:00,827 | INFO | Cliente Binance criado com sucesso
2026-05-12 14:29:59,220 | INFO | Cliente Binance criado com sucesso
2026-05-12 14:30:01,208 | INFO | Cliente Binance criado com sucesso
2026-05-12 14:41:47,129 | INFO | Cliente Binance criado com sucesso
2026-05-12 14:41:48,747 | INFO | Cliente Binance criado com sucesso
2026-05-12 15:51:03,036 | INFO | Cliente Binance criado com sucesso
2026-05-12 15:51:04,459 | INFO | Cliente Binance criado com sucesso
2026-05-12 15:53:12,407 | INFO | Cliente Binance criado com sucesso
2026-05-12 15:53:14,024 | INFO | Cliente Binance criado com sucesso
2026-05-12 15:53:17,595 | INFO | Cliente Binance criado com sucesso
2026-05-12 15:53:19,555 | INFO | Cliente Binance criado com sucesso
2026-05-12 15:53:23,205 | INFO | Cliente Binance criado com sucesso
2026-05-12 15:53:24,615 | INFO | Cliente Binance criado com sucesso
2026-05-12 15:53:37,863 | INFO | Cliente Binance criado com sucesso
2026-05-12 15:53:39,399 | INFO | Cliente Binance criado com sucesso
2026-05-12 15:53:51,786 | INFO | Cliente Binance criado com sucesso
2026-05-12 15:53:53,189 | INFO | Cliente Binance criado com sucesso
2026-05-12 16:12:35,675 | INFO | Cliente Binance criado com sucesso
2026-05-12 16:12:37,082 | INFO | Cliente Binance criado com sucesso
2026-05-12 16:14:05,808 | INFO | Cliente Binance criado com sucesso
2026-05-12 16:14:07,149 | INFO | Cliente Binance criado com sucesso
2026-05-12 16:14:20,019 | INFO | Cliente Binance criado com sucesso
2026-05-12 16:14:21,565 | INFO | Cliente Binance criado com sucesso
2026-05-12 16:18:27,721 | INFO | Cliente Binance criado com sucesso
2026-05-12 16:18:29,098 | INFO | Cliente Binance criado com sucesso
2026-05-12 16:18:40,303 | INFO | Cliente Binance criado com sucesso
2026-05-12 16:18:41,624 | INFO | Cliente Binance criado com sucesso
2026-05-12 16:19:47,389 | INFO | Cliente Binance criado com sucesso
2026-05-12 16:19:49,128 | INFO | Cliente Binance criado com sucesso
2026-05-12 16:20:01,887 | INFO | Cliente Binance criado com sucesso
2026-05-12 16:20:03,333 | INFO | Cliente Binance criado com sucesso
2026-05-12 16:20:30,166 | INFO | Cliente Binance criado com sucesso
2026-05-12 16:20:31,675 | INFO | Cliente Binance criado com sucesso
2026-05-12 16:20:42,707 | INFO | Cliente Binance criado com sucesso
2026-05-12 16:20:44,065 | INFO | Cliente Binance criado com sucesso
2026-05-12 16:20:59,287 | INFO | Cliente Binance criado com sucesso
2026-05-12 16:21:00,754 | INFO | Cliente Binance criado com sucesso
2026-05-12 16:22:37,668 | INFO | Cliente Binance criado com sucesso
2026-05-12 16:22:39,063 | INFO | Cliente Binance criado com sucesso
2026-05-12 16:22:53,006 | INFO | Cliente Binance criado com sucesso
2026-05-12 16:22:54,484 | INFO | Cliente Binance criado com sucesso
2026-05-12 16:27:25,629 | INFO | Cliente Binance criado com sucesso
2026-05-12 16:27:26,990 | ERROR | Erro ao criar cliente: APIError(code=-1003): Way too much request weight used; IP banned until 1778614073511. Please use WebSocket Streams for live updates to avoid bans.
2026-05-12 16:27:26,994 | INFO | Cliente Binance criado com sucesso
2026-05-12 16:27:28,372 | ERROR | Erro ao criar cliente: APIError(code=-1003): Way too much request weight used; IP banned until 1778614073511. Please use WebSocket Streams for live updates to avoid bans.
2026-05-12 16:27:38,884 | INFO | Cliente Binance criado com sucesso
2026-05-12 16:27:40,230 | ERROR | Erro ao criar cliente: APIError(code=-1003): Way too much request weight used; IP banned until 1778614073511. Please use WebSocket Streams for live updates to avoid bans.
2026-05-12 16:27:59,632 | INFO | Cliente Binance criado com sucesso
2026-05-12 16:30:27,886 | INFO | Cliente Binance criado com sucesso
2026-05-12 16:32:22,975 | INFO | Cliente Binance criado com sucesso
2026-05-12 16:32:24,280 | INFO | Cliente Binance criado com sucesso
2026-05-12 16:32:38,413 | INFO | Cliente Binance criado com sucesso
2026-05-12 16:32:39,850 | INFO | Cliente Binance criado com sucesso
2026-05-12 16:39:31,902 | INFO | Cliente Binance criado com sucesso
2026-05-12 16:39:33,353 | INFO | Cliente Binance criado com sucesso
2026-05-12 16:39:58,600 | INFO | Cliente Binance criado com sucesso
2026-05-12 16:40:00,008 | INFO | Cliente Binance criado com sucesso
2026-05-12 16:40:21,488 | INFO | Cliente Binance criado com sucesso
2026-05-12 16:40:23,043 | INFO | Cliente Binance criado com sucesso
2026-05-12 16:41:09,512 | INFO | Cliente Binance criado com sucesso
2026-05-12 16:41:10,914 | INFO | Cliente Binance criado com sucesso
2026-05-12 16:41:41,445 | INFO | Cliente Binance criado com sucesso
2026-05-12 16:41:43,461 | INFO | Cliente Binance criado com sucesso
2026-05-12 16:45:18,121 | INFO | Cliente Binance criado com sucesso
2026-05-12 16:45:19,448 | INFO | Cliente Binance criado com sucesso
2026-05-12 16:55:38,263 | INFO | Cliente Binance criado com sucesso
2026-05-12 16:55:39,613 | INFO | Cliente Binance criado com sucesso
2026-05-12 17:00:44,778 | INFO | Cliente Binance criado com sucesso
2026-05-12 17:00:46,137 | INFO | Cliente Binance criado com sucesso
2026-05-12 17:04:30,135 | INFO | Cliente Binance criado com sucesso
2026-05-12 17:04:31,558 | INFO | Cliente Binance criado com sucesso
2026-05-12 17:11:18,423 | INFO | Cliente Binance criado com sucesso
2026-05-12 17:11:19,833 | INFO | Cliente Binance criado com sucesso
2026-05-12 17:11:41,202 | INFO | Cliente Binance criado com sucesso
2026-05-12 17:11:42,728 | INFO | Cliente Binance criado com sucesso
2026-05-12 17:12:50,880 | INFO | Cliente Binance criado com sucesso
2026-05-12 17:12:52,236 | INFO | Cliente Binance criado com sucesso
2026-05-12 17:14:06,656 | INFO | Cliente Binance criado com sucesso
2026-05-12 17:14:08,321 | INFO | Cliente Binance criado com sucesso
2026-05-12 17:19:53,213 | INFO | Cliente Binance criado com sucesso
2026-05-12 17:19:54,702 | INFO | Cliente Binance criado com sucesso
2026-05-12 17:20:03,145 | INFO | Cliente Binance criado com sucesso
2026-05-12 17:20:04,474 | INFO | Cliente Binance criado com sucesso
2026-05-12 17:20:43,379 | INFO | Cliente Binance criado com sucesso
2026-05-12 17:20:44,749 | INFO | Cliente Binance criado com sucesso
2026-05-12 17:21:04,801 | INFO | Cliente Binance criado com sucesso
2026-05-12 17:21:13,347 | INFO | Cliente Binance criado com sucesso
2026-05-12 17:21:14,916 | INFO | Cliente Binance criado com sucesso
2026-05-12 17:44:21,533 | INFO | Cliente Binance criado com sucesso
2026-05-12 17:44:23,166 | INFO | Cliente Binance criado com sucesso
2026-05-12 17:45:15,840 | INFO | Cliente Binance criado com sucesso
2026-05-12 17:45:17,318 | INFO | Cliente Binance criado com sucesso
2026-05-12 17:47:22,976 | INFO | Cliente Binance criado com sucesso
2026-05-12 17:47:24,370 | INFO | Cliente Binance criado com sucesso
2026-05-12 17:48:17,232 | INFO | Cliente Binance criado com sucesso
2026-05-12 17:48:18,659 | INFO | Cliente Binance criado com sucesso
2026-05-12 17:55:44,973 | INFO | Cliente Binance criado com sucesso
2026-05-12 17:55:46,338 | INFO | Cliente Binance criado com sucesso
2026-05-12 17:58:19,860 | INFO | Cliente Binance criado com sucesso
2026-05-12 17:58:21,412 | INFO | Cliente Binance criado com sucesso
2026-05-12 17:58:45,034 | INFO | Cliente Binance criado com sucesso
2026-05-12 17:58:46,394 | INFO | Cliente Binance criado com sucesso
2026-05-12 18:00:11,247 | INFO | Cliente Binance criado com sucesso
2026-05-12 18:00:12,744 | INFO | Cliente Binance criado com sucesso
2026-05-12 18:00:16,619 | INFO | Cliente Binance criado com sucesso
2026-05-12 18:00:18,173 | INFO | Cliente Binance criado com sucesso
2026-05-12 18:02:26,098 | INFO | Cliente Binance criado com sucesso
2026-05-12 18:02:27,661 | INFO | Cliente Binance criado com sucesso
2026-05-12 18:03:00,979 | INFO | Cliente Binance criado com sucesso
2026-05-12 18:03:02,462 | INFO | Cliente Binance criado com sucesso
2026-05-12 18:03:51,015 | INFO | Cliente Binance criado com sucesso
2026-05-12 18:03:52,362 | INFO | Cliente Binance criado com sucesso
2026-05-12 18:04:10,972 | INFO | Cliente Binance criado com sucesso
2026-05-12 18:04:12,410 | INFO | Cliente Binance criado com sucesso
2026-05-12 18:34:39,209 | INFO | Cliente Binance criado com sucesso
2026-05-12 18:34:39,247 | INFO | Cliente Binance criado com sucesso
2026-05-12 18:34:40,740 | INFO | Cliente Binance criado com sucesso
2026-05-12 18:34:40,750 | INFO | Cliente Binance criado com sucesso
2026-05-12 18:36:54,899 | INFO | Cliente Binance criado com sucesso
2026-05-12 18:36:56,852 | INFO | Cliente Binance criado com sucesso
2026-05-12 18:37:00,162 | INFO | Cliente Binance criado com sucesso
2026-05-12 18:37:01,657 | INFO | Cliente Binance criado com sucesso
2026-05-12 18:41:46,169 | INFO | Cliente Binance criado com sucesso
2026-05-12 18:41:47,728 | INFO | Cliente Binance criado com sucesso
2026-05-12 18:41:52,649 | INFO | Cliente Binance criado com sucesso
2026-05-12 18:41:54,600 | INFO | Cliente Binance criado com sucesso
2026-05-12 19:04:59,369 | INFO | Cliente Binance criado com sucesso
2026-05-12 19:05:00,778 | INFO | Cliente Binance criado com sucesso
2026-05-12 19:05:52,230 | INFO | Cliente Binance criado com sucesso
2026-05-12 19:05:53,752 | INFO | Cliente Binance criado com sucesso
2026-05-12 19:13:05,060 | INFO | Cliente Binance criado com sucesso
2026-05-12 19:13:06,457 | INFO | Cliente Binance criado com sucesso
2026-05-12 19:19:58,170 | INFO | Cliente Binance criado com sucesso
2026-05-12 19:19:59,570 | INFO | Cliente Binance criado com sucesso
2026-05-12 19:20:33,083 | INFO | Cliente Binance criado com sucesso
2026-05-12 19:20:34,423 | INFO | Cliente Binance criado com sucesso
2026-05-12 19:34:48,423 | INFO | Cliente Binance criado com sucesso
2026-05-12 19:34:49,759 | INFO | Cliente Binance criado com sucesso
2026-05-12 19:35:24,428 | INFO | Cliente Binance criado com sucesso
2026-05-12 19:35:25,739 | INFO | Cliente Binance criado com sucesso
2026-05-12 19:35:57,756 | INFO | Cliente Binance criado com sucesso
2026-05-12 19:35:59,070 | INFO | Cliente Binance criado com sucesso
2026-05-12 19:36:22,526 | INFO | Cliente Binance criado com sucesso
2026-05-12 19:36:23,858 | INFO | Cliente Binance criado com sucesso
2026-05-12 19:36:37,035 | INFO | Cliente Binance criado com sucesso
2026-05-12 19:36:38,913 | INFO | Cliente Binance criado com sucesso
2026-05-12 19:39:56,208 | INFO | Cliente Binance criado com sucesso
2026-05-12 19:39:57,868 | INFO | Cliente Binance criado com sucesso
2026-05-12 19:42:46,071 | INFO | Cliente Binance criado com sucesso
2026-05-12 19:42:47,593 | INFO | Cliente Binance criado com sucesso
2026-05-12 19:43:41,013 | INFO | Cliente Binance criado com sucesso
2026-05-12 19:43:42,453 | INFO | Cliente Binance criado com sucesso
2026-05-12 19:43:53,423 | INFO | Cliente Binance criado com sucesso
2026-05-12 19:43:55,074 | INFO | Cliente Binance criado com sucesso
2026-05-12 19:46:03,930 | INFO | Cliente Binance criado com sucesso
2026-05-12 19:46:05,362 | INFO | Cliente Binance criado com sucesso
2026-05-12 19:46:20,399 | INFO | Cliente Binance criado com sucesso
2026-05-12 19:46:21,798 | INFO | Cliente Binance criado com sucesso
2026-05-12 19:49:39,986 | INFO | Cliente Binance criado com sucesso
2026-05-12 19:49:41,576 | INFO | Cliente Binance criado com sucesso
2026-05-12 19:49:53,337 | INFO | Cliente Binance criado com sucesso
2026-05-12 19:49:54,804 | INFO | Cliente Binance criado com sucesso
2026-05-12 19:50:23,327 | INFO | Cliente Binance criado com sucesso
2026-05-12 19:50:24,657 | INFO | Cliente Binance criado com sucesso
2026-05-12 20:01:02,618 | INFO | Cliente Binance criado com sucesso
2026-05-12 20:01:04,059 | INFO | Cliente Binance criado com sucesso
2026-05-12 20:01:17,420 | INFO | Cliente Binance criado com sucesso
2026-05-12 20:01:18,834 | INFO | Cliente Binance criado com sucesso
2026-05-12 20:28:37,378 | INFO | Cliente Binance criado com sucesso
2026-05-12 20:28:39,229 | INFO | Cliente Binance criado com sucesso
2026-05-12 20:30:47,555 | INFO | Cliente Binance criado com sucesso
2026-05-12 20:30:48,987 | INFO | Cliente Binance criado com sucesso
2026-05-12 20:31:18,800 | INFO | Cliente Binance criado com sucesso
2026-05-12 20:31:20,093 | INFO | Cliente Binance criado com sucesso
2026-05-12 20:32:01,803 | INFO | Cliente Binance criado com sucesso
2026-05-12 20:32:03,102 | INFO | Cliente Binance criado com sucesso
2026-05-12 20:33:28,269 | INFO | Cliente Binance criado com sucesso
2026-05-12 20:33:29,676 | INFO | Cliente Binance criado com sucesso
2026-05-12 20:34:10,398 | INFO | Cliente Binance criado com sucesso
2026-05-12 20:34:11,823 | INFO | Cliente Binance criado com sucesso
